* Getting build dependencies for wheel...
/opt/hostedtoolcache/Python/3.11.16/x64/lib/python3.11/site-packages/torch/_subclasses/functional_tensor.py:307: UserWarning: Failed to initialize NumPy: No module named 'numpy' (Triggered internally at /pytorch/torch/csrc/utils/tensor_numpy.cpp:84.)
  cpu = _conversion_method_template(device=torch.device("cpu"))
W0903 10:02:22.546000 3939 site-packages/torch/utils/cpp_extension.py:140] No CUDA runtime is found, using CUDA_HOME='/usr/local/cuda-12.8'
running egg_info
creating src/NATTEN.egg-info
writing src/NATTEN.egg-info/PKG-INFO
writing dependency_links to src/NATTEN.egg-info/dependency_links.txt
writing top-level names to src/NATTEN.egg-info/top_level.txt
writing manifest file 'src/NATTEN.egg-info/SOURCES.txt'
reading manifest file 'src/NATTEN.egg-info/SOURCES.txt'
reading manifest template 'MANIFEST.in'
warning: no files found matching '*.cc' under directory 'csrc'
warning: no files found matching '*.inl' under directory 'csrc'
warning: no files found matching '*.cpp' under directory 'third_party/cutlass/include'
warning: no files found matching '*.cuh' under directory 'third_party/cutlass/include'
warning: no files found matching '*.cu' under directory 'third_party/cutlass/include'
warning: no files found matching '*.txt' under directory 'third_party/cutlass/include'
warning: no files found matching '*.cc' under directory 'third_party/cutlass/include'
no previously-included directories found matching 'dev'
no previously-included directories found matching 'site'
no previously-included directories found matching 'csrc/autogen'
no previously-included directories found matching 'assets'
no previously-included directories found matching 'docs'
no previously-included directories found matching '*/__pycache__'
no previously-included directories found matching 'build/*'
no previously-included directories found matching 'build_dir/*'
no previously-included directories found matching 'CMakeFiles/*'
adding license file 'LICENSE'
adding license file 'NOTICE'
writing manifest file 'src/NATTEN.egg-info/SOURCES.txt'
* Building wheel...
/opt/hostedtoolcache/Python/3.11.16/x64/lib/python3.11/site-packages/torch/_subclasses/functional_tensor.py:307: UserWarning: Failed to initialize NumPy: No module named 'numpy' (Triggered internally at /pytorch/torch/csrc/utils/tensor_numpy.cpp:84.)
  cpu = _conversion_method_template(device=torch.device("cpu"))
W0903 10:02:25.273000 3942 site-packages/torch/utils/cpp_extension.py:140] No CUDA runtime is found, using CUDA_HOME='/usr/local/cuda-12.8'
running bdist_wheel
running build
running build_py
creating build/lib.linux-x86_64-cpython-311/natten
copying src/natten/__init__.py -> build/lib.linux-x86_64-cpython-311/natten
copying src/natten/modules.py -> build/lib.linux-x86_64-cpython-311/natten
copying src/natten/version.py -> build/lib.linux-x86_64-cpython-311/natten
copying src/natten/attn_merge.py -> build/lib.linux-x86_64-cpython-311/natten
copying src/natten/functional.py -> build/lib.linux-x86_64-cpython-311/natten
copying src/natten/types.py -> build/lib.linux-x86_64-cpython-311/natten
copying src/natten/profiler.py -> build/lib.linux-x86_64-cpython-311/natten
copying src/natten/context.py -> build/lib.linux-x86_64-cpython-311/natten
copying src/natten/_environment.py -> build/lib.linux-x86_64-cpython-311/natten
creating build/lib.linux-x86_64-cpython-311/natten/profiling_utils
copying src/natten/profiling_utils/__init__.py -> build/lib.linux-x86_64-cpython-311/natten/profiling_utils
copying src/natten/profiling_utils/dry_run.py -> build/lib.linux-x86_64-cpython-311/natten/profiling_utils
copying src/natten/profiling_utils/ops.py -> build/lib.linux-x86_64-cpython-311/natten/profiling_utils
copying src/natten/profiling_utils/pretty_printer.py -> build/lib.linux-x86_64-cpython-311/natten/profiling_utils
copying src/natten/profiling_utils/formatting.py -> build/lib.linux-x86_64-cpython-311/natten/profiling_utils
copying src/natten/profiling_utils/problem.py -> build/lib.linux-x86_64-cpython-311/natten/profiling_utils
copying src/natten/profiling_utils/profiling.py -> build/lib.linux-x86_64-cpython-311/natten/profiling_utils
creating build/lib.linux-x86_64-cpython-311/natten/_libnatten
copying src/natten/_libnatten/__init__.py -> build/lib.linux-x86_64-cpython-311/natten/_libnatten
copying src/natten/_libnatten/stubs.py -> build/lib.linux-x86_64-cpython-311/natten/_libnatten
copying src/natten/_libnatten/torch_wrappers.py -> build/lib.linux-x86_64-cpython-311/natten/_libnatten
creating build/lib.linux-x86_64-cpython-311/natten/utils
copying src/natten/utils/__init__.py -> build/lib.linux-x86_64-cpython-311/natten/utils
copying src/natten/utils/dtype.py -> build/lib.linux-x86_64-cpython-311/natten/utils
copying src/natten/utils/environment.py -> build/lib.linux-x86_64-cpython-311/natten/utils
copying src/natten/utils/device.py -> build/lib.linux-x86_64-cpython-311/natten/utils
copying src/natten/utils/varlen.py -> build/lib.linux-x86_64-cpython-311/natten/utils
copying src/natten/utils/checks.py -> build/lib.linux-x86_64-cpython-311/natten/utils
copying src/natten/utils/tensor.py -> build/lib.linux-x86_64-cpython-311/natten/utils
copying src/natten/utils/log.py -> build/lib.linux-x86_64-cpython-311/natten/utils
copying src/natten/utils/tuples.py -> build/lib.linux-x86_64-cpython-311/natten/utils
copying src/natten/utils/testing.py -> build/lib.linux-x86_64-cpython-311/natten/utils
creating build/lib.linux-x86_64-cpython-311/natten/backends
copying src/natten/backends/__init__.py -> build/lib.linux-x86_64-cpython-311/natten/backends
copying src/natten/backends/hopper_fmha.py -> build/lib.linux-x86_64-cpython-311/natten/backends
copying src/natten/backends/fna.py -> build/lib.linux-x86_64-cpython-311/natten/backends
copying src/natten/backends/reference.py -> build/lib.linux-x86_64-cpython-311/natten/backends
copying src/natten/backends/flex.py -> build/lib.linux-x86_64-cpython-311/natten/backends
copying src/natten/backends/blackwell_fna.py -> build/lib.linux-x86_64-cpython-311/natten/backends
copying src/natten/backends/fmha.py -> build/lib.linux-x86_64-cpython-311/natten/backends
copying src/natten/backends/hopper_fna.py -> build/lib.linux-x86_64-cpython-311/natten/backends
copying src/natten/backends/blackwell_fmha.py -> build/lib.linux-x86_64-cpython-311/natten/backends
creating build/lib.linux-x86_64-cpython-311/natten/token_permute
copying src/natten/token_permute/__init__.py -> build/lib.linux-x86_64-cpython-311/natten/token_permute
copying src/natten/token_permute/cutlass_impl.py -> build/lib.linux-x86_64-cpython-311/natten/token_permute
copying src/natten/token_permute/torch_impl.py -> build/lib.linux-x86_64-cpython-311/natten/token_permute
copying src/natten/token_permute/frontend.py -> build/lib.linux-x86_64-cpython-311/natten/token_permute
creating build/lib.linux-x86_64-cpython-311/natten/backends/configs
copying src/natten/backends/configs/__init__.py -> build/lib.linux-x86_64-cpython-311/natten/backends/configs
copying src/natten/backends/configs/checks.py -> build/lib.linux-x86_64-cpython-311/natten/backends/configs
creating build/lib.linux-x86_64-cpython-311/natten/backends/configs/cutlass_blackwell
copying src/natten/backends/configs/cutlass_blackwell/__init__.py -> build/lib.linux-x86_64-cpython-311/natten/backends/configs/cutlass_blackwell
creating build/lib.linux-x86_64-cpython-311/natten/backends/configs/flex
copying src/natten/backends/configs/flex/__init__.py -> build/lib.linux-x86_64-cpython-311/natten/backends/configs/flex
creating build/lib.linux-x86_64-cpython-311/natten/backends/configs/cutlass_hopper
copying src/natten/backends/configs/cutlass_hopper/__init__.py -> build/lib.linux-x86_64-cpython-311/natten/backends/configs/cutlass_hopper
creating build/lib.linux-x86_64-cpython-311/natten/backends/configs/cutlass
copying src/natten/backends/configs/cutlass/__init__.py -> build/lib.linux-x86_64-cpython-311/natten/backends/configs/cutlass
copying src/natten/backends/configs/cutlass/fna_forward_64x128.py -> build/lib.linux-x86_64-cpython-311/natten/backends/configs/cutlass
copying src/natten/backends/configs/cutlass/fna_backward_128x128.py -> build/lib.linux-x86_64-cpython-311/natten/backends/configs/cutlass
copying src/natten/backends/configs/cutlass/fna_backward_64x64.py -> build/lib.linux-x86_64-cpython-311/natten/backends/configs/cutlass
copying src/natten/backends/configs/cutlass/fna_backward_128x64.py -> build/lib.linux-x86_64-cpython-311/natten/backends/configs/cutlass
copying src/natten/backends/configs/cutlass/backward_knobs.py -> build/lib.linux-x86_64-cpython-311/natten/backends/configs/cutlass
copying src/natten/backends/configs/cutlass/fna_forward_32x128.py -> build/lib.linux-x86_64-cpython-311/natten/backends/configs/cutlass
copying src/natten/backends/configs/cutlass/fna_forward_64x64.py -> build/lib.linux-x86_64-cpython-311/natten/backends/configs/cutlass
running egg_info
writing src/NATTEN.egg-info/PKG-INFO
writing dependency_links to src/NATTEN.egg-info/dependency_links.txt
writing top-level names to src/NATTEN.egg-info/top_level.txt
reading manifest file 'src/NATTEN.egg-info/SOURCES.txt'
reading manifest template 'MANIFEST.in'
warning: no files found matching '*.cc' under directory 'csrc'
warning: no files found matching '*.inl' under directory 'csrc'
warning: no files found matching '*.cpp' under directory 'third_party/cutlass/include'
warning: no files found matching '*.cuh' under directory 'third_party/cutlass/include'
warning: no files found matching '*.cu' under directory 'third_party/cutlass/include'
warning: no files found matching '*.txt' under directory 'third_party/cutlass/include'
warning: no files found matching '*.cc' under directory 'third_party/cutlass/include'
no previously-included directories found matching 'dev'
no previously-included directories found matching 'site'
no previously-included directories found matching 'csrc/autogen'
no previously-included directories found matching 'assets'
no previously-included directories found matching '*/__pycache__'
no previously-included directories found matching 'build/*'
no previously-included directories found matching 'build_dir/*'
no previously-included directories found matching 'CMakeFiles/*'
adding license file 'LICENSE'
adding license file 'NOTICE'
writing manifest file 'src/NATTEN.egg-info/SOURCES.txt'
running build_ext
-- The CXX compiler identification is GNU 13.3.0
-- The CUDA compiler identification is NVIDIA 12.8.61 with host compiler GNU 13.3.0
-- Detecting CXX compiler ABI info
-- Detecting CXX compiler ABI info - done
-- Check for working CXX compiler: /tmp/sccache-wrappers/c++ - skipped
-- Detecting CXX compile features
-- Detecting CXX compile features - done
-- Detecting CUDA compiler ABI info
-- Detecting CUDA compiler ABI info - done
-- Check for working CUDA compiler: /tmp/sccache-wrappers/nvcc - skipped
-- Detecting CUDA compile features
-- Detecting CUDA compile features - done
-- Found CUDAToolkit: /usr/local/cuda-12.8/targets/x86_64-linux/include (found suitable version "12.8.61", minimum required is "12.0")
-- Performing Test CMAKE_HAVE_LIBC_PTHREAD
-- Performing Test CMAKE_HAVE_LIBC_PTHREAD - Success
-- Found Threads: TRUE
Python: /opt/hostedtoolcache/Python/3.11.16/x64/bin/python
/opt/hostedtoolcache/Python/3.11.16/x64/lib/python3.11/site-packages/torch/_subclasses/functional_tensor.py:307: UserWarning: Failed to initialize NumPy: No module named 'numpy' (Triggered internally at /pytorch/torch/csrc/utils/tensor_numpy.cpp:84.)
  cpu = _conversion_method_template(device=torch.device("cpu"))
/opt/hostedtoolcache/Python/3.11.16/x64/lib/python3.11/site-packages/torch/_subclasses/functional_tensor.py:307: UserWarning: Failed to initialize NumPy: No module named 'numpy' (Triggered internally at /pytorch/torch/csrc/utils/tensor_numpy.cpp:84.)
  cpu = _conversion_method_template(device=torch.device("cpu"))
Torch dir: /opt/hostedtoolcache/Python/3.11.16/x64/lib/python3.11/site-packages/torch
Torch include dir: /opt/hostedtoolcache/Python/3.11.16/x64/lib/python3.11/site-packages/torch/include/opt/hostedtoolcache/Python/3.11.16/x64/lib/python3.11/site-packages/torch/include/torch/csrc/api/include
CUDA compiler: /tmp/sccache-wrappers/nvcc
NVCC executable: 
Building with -D_GLIBCXX_USE_CXX11_ABI=1
Building NATTEN for the following architectures: 90a-real
-- Configuring done (8.9s)
-- Generating done (0.0s)
-- Build files have been written to: /home/runner/work/_temp/tmptfw5qp2j
Change Dir: '/home/runner/work/_temp/tmptfw5qp2j'

Run Build Command(s): /usr/local/bin/cmake -E env VERBOSE=1 /usr/bin/gmake -f Makefile -j1
/usr/local/bin/cmake -S/home/runner/work/NATTEN/NATTEN/csrc -B/home/runner/work/_temp/tmptfw5qp2j --check-build-system CMakeFiles/Makefile.cmake 0
/usr/local/bin/cmake -E cmake_progress_start /home/runner/work/_temp/tmptfw5qp2j/CMakeFiles /home/runner/work/_temp/tmptfw5qp2j//CMakeFiles/progress.marks
/usr/bin/gmake  -f CMakeFiles/Makefile2 all
gmake[1]: Entering directory '/home/runner/work/_temp/tmptfw5qp2j'
/usr/bin/gmake  -f CMakeFiles/natten.dir/build.make CMakeFiles/natten.dir/depend
gmake[2]: Entering directory '/home/runner/work/_temp/tmptfw5qp2j'
cd /home/runner/work/_temp/tmptfw5qp2j && /usr/local/bin/cmake -E cmake_depends "Unix Makefiles" /home/runner/work/NATTEN/NATTEN/csrc /home/runner/work/NATTEN/NATTEN/csrc /home/runner/work/_temp/tmptfw5qp2j /home/runner/work/_temp/tmptfw5qp2j /home/runner/work/_temp/tmptfw5qp2j/CMakeFiles/natten.dir/DependInfo.cmake "--color="
gmake[2]: Leaving directory '/home/runner/work/_temp/tmptfw5qp2j'
/usr/bin/gmake  -f CMakeFiles/natten.dir/build.make CMakeFiles/natten.dir/build
gmake[2]: Entering directory '/home/runner/work/_temp/tmptfw5qp2j'
[  0%] Building CUDA object CMakeFiles/natten.dir/autogen/src/cuda/fmha/source_0.cu.o
/tmp/sccache-wrappers/nvcc -forward-unknown-to-host-compiler -DCUTLASS_ENABLE_TENSOR_CORE_MMA=1 -DNATTEN_WITH_CUTLASS -DNATTEN_WITH_HOPPER_FNA=1 -DTORCH_API_INCLUDE_EXTENSION_H -DTORCH_EXTENSION_NAME=libnatten -DWITH_CUDA -D_GLIBCXX_USE_CXX11_ABI=1 -Dnatten_EXPORTS --options-file CMakeFiles/natten.dir/includes_CUDA.rsp -Xcompiler -Wall -ldl --expt-relaxed-constexpr -Xcompiler=-Wconversion -Xcompiler=-fno-strict-aliasing --use_fast_math --extended-lambda -ftemplate-backtrace-limit=0 -O3 -DNDEBUG --std=c++17 -Xfatbin -compress-all -std=c++17 "--generate-code=arch=compute_90a,code=[sm_90a]" -Xcompiler=-fPIC -MD -MT CMakeFiles/natten.dir/autogen/src/cuda/fmha/source_0.cu.o -MF CMakeFiles/natten.dir/autogen/src/cuda/fmha/source_0.cu.o.d -x cu -c /home/runner/work/NATTEN/NATTEN/csrc/autogen/src/cuda/fmha/source_0.cu -o CMakeFiles/natten.dir/autogen/src/cuda/fmha/source_0.cu.o
[2026-09-03T10:02:35Z DEBUG sccache::config] Attempting to read config file at "/home/runner/.config/sccache/config"
[2026-09-03T10:02:35Z DEBUG sccache::config] Couldn't open config file: failed to open file `/home/runner/.config/sccache/config`: No such file or directory (os error 2)
[2026-09-03T10:02:35Z DEBUG sccache::commands] Server sent CompileStarted
[  0%] Building CUDA object CMakeFiles/natten.dir/autogen/src/cuda/fmha/source_1.cu.o
/tmp/sccache-wrappers/nvcc -forward-unknown-to-host-compiler -DCUTLASS_ENABLE_TENSOR_CORE_MMA=1 -DNATTEN_WITH_CUTLASS -DNATTEN_WITH_HOPPER_FNA=1 -DTORCH_API_INCLUDE_EXTENSION_H -DTORCH_EXTENSION_NAME=libnatten -DWITH_CUDA -D_GLIBCXX_USE_CXX11_ABI=1 -Dnatten_EXPORTS --options-file CMakeFiles/natten.dir/includes_CUDA.rsp -Xcompiler -Wall -ldl --expt-relaxed-constexpr -Xcompiler=-Wconversion -Xcompiler=-fno-strict-aliasing --use_fast_math --extended-lambda -ftemplate-backtrace-limit=0 -O3 -DNDEBUG --std=c++17 -Xfatbin -compress-all -std=c++17 "--generate-code=arch=compute_90a,code=[sm_90a]" -Xcompiler=-fPIC -MD -MT CMakeFiles/natten.dir/autogen/src/cuda/fmha/source_1.cu.o -MF CMakeFiles/natten.dir/autogen/src/cuda/fmha/source_1.cu.o.d -x cu -c /home/runner/work/NATTEN/NATTEN/csrc/autogen/src/cuda/fmha/source_1.cu -o CMakeFiles/natten.dir/autogen/src/cuda/fmha/source_1.cu.o
[2026-09-03T10:02:39Z DEBUG sccache::config] Attempting to read config file at "/home/runner/.config/sccache/config"
[2026-09-03T10:02:39Z DEBUG sccache::config] Couldn't open config file: failed to open file `/home/runner/.config/sccache/config`: No such file or directory (os error 2)
[2026-09-03T10:02:39Z DEBUG sccache::commands] Server sent CompileStarted
[  1%] Building CUDA object CMakeFiles/natten.dir/autogen/src/cuda/fmha/source_10.cu.o
/tmp/sccache-wrappers/nvcc -forward-unknown-to-host-compiler -DCUTLASS_ENABLE_TENSOR_CORE_MMA=1 -DNATTEN_WITH_CUTLASS -DNATTEN_WITH_HOPPER_FNA=1 -DTORCH_API_INCLUDE_EXTENSION_H -DTORCH_EXTENSION_NAME=libnatten -DWITH_CUDA -D_GLIBCXX_USE_CXX11_ABI=1 -Dnatten_EXPORTS --options-file CMakeFiles/natten.dir/includes_CUDA.rsp -Xcompiler -Wall -ldl --expt-relaxed-constexpr -Xcompiler=-Wconversion -Xcompiler=-fno-strict-aliasing --use_fast_math --extended-lambda -ftemplate-backtrace-limit=0 -O3 -DNDEBUG --std=c++17 -Xfatbin -compress-all -std=c++17 "--generate-code=arch=compute_90a,code=[sm_90a]" -Xcompiler=-fPIC -MD -MT CMakeFiles/natten.dir/autogen/src/cuda/fmha/source_10.cu.o -MF CMakeFiles/natten.dir/autogen/src/cuda/fmha/source_10.cu.o.d -x cu -c /home/runner/work/NATTEN/NATTEN/csrc/autogen/src/cuda/fmha/source_10.cu -o CMakeFiles/natten.dir/autogen/src/cuda/fmha/source_10.cu.o
[2026-09-03T10:02:44Z DEBUG sccache::config] Attempting to read config file at "/home/runner/.config/sccache/config"
[2026-09-03T10:02:44Z DEBUG sccache::config] Couldn't open config file: failed to open file `/home/runner/.config/sccache/config`: No such file or directory (os error 2)
[2026-09-03T10:02:44Z DEBUG sccache::commands] Server sent CompileStarted
[  1%] Building CUDA object CMakeFiles/natten.dir/autogen/src/cuda/fmha/source_11.cu.o
/tmp/sccache-wrappers/nvcc -forward-unknown-to-host-compiler -DCUTLASS_ENABLE_TENSOR_CORE_MMA=1 -DNATTEN_WITH_CUTLASS -DNATTEN_WITH_HOPPER_FNA=1 -DTORCH_API_INCLUDE_EXTENSION_H -DTORCH_EXTENSION_NAME=libnatten -DWITH_CUDA -D_GLIBCXX_USE_CXX11_ABI=1 -Dnatten_EXPORTS --options-file CMakeFiles/natten.dir/includes_CUDA.rsp -Xcompiler -Wall -ldl --expt-relaxed-constexpr -Xcompiler=-Wconversion -Xcompiler=-fno-strict-aliasing --use_fast_math --extended-lambda -ftemplate-backtrace-limit=0 -O3 -DNDEBUG --std=c++17 -Xfatbin -compress-all -std=c++17 "--generate-code=arch=compute_90a,code=[sm_90a]" -Xcompiler=-fPIC -MD -MT CMakeFiles/natten.dir/autogen/src/cuda/fmha/source_11.cu.o -MF CMakeFiles/natten.dir/autogen/src/cuda/fmha/source_11.cu.o.d -x cu -c /home/runner/work/NATTEN/NATTEN/csrc/autogen/src/cuda/fmha/source_11.cu -o CMakeFiles/natten.dir/autogen/src/cuda/fmha/source_11.cu.o
[2026-09-03T10:02:49Z DEBUG sccache::config] Attempting to read config file at "/home/runner/.config/sccache/config"
[2026-09-03T10:02:49Z DEBUG sccache::config] Couldn't open config file: failed to open file `/home/runner/.config/sccache/config`: No such file or directory (os error 2)
[2026-09-03T10:02:49Z DEBUG sccache::commands] Server sent CompileStarted
[  2%] Building CUDA object CMakeFiles/natten.dir/autogen/src/cuda/fmha/source_2.cu.o
/tmp/sccache-wrappers/nvcc -forward-unknown-to-host-compiler -DCUTLASS_ENABLE_TENSOR_CORE_MMA=1 -DNATTEN_WITH_CUTLASS -DNATTEN_WITH_HOPPER_FNA=1 -DTORCH_API_INCLUDE_EXTENSION_H -DTORCH_EXTENSION_NAME=libnatten -DWITH_CUDA -D_GLIBCXX_USE_CXX11_ABI=1 -Dnatten_EXPORTS --options-file CMakeFiles/natten.dir/includes_CUDA.rsp -Xcompiler -Wall -ldl --expt-relaxed-constexpr -Xcompiler=-Wconversion -Xcompiler=-fno-strict-aliasing --use_fast_math --extended-lambda -ftemplate-backtrace-limit=0 -O3 -DNDEBUG --std=c++17 -Xfatbin -compress-all -std=c++17 "--generate-code=arch=compute_90a,code=[sm_90a]" -Xcompiler=-fPIC -MD -MT CMakeFiles/natten.dir/autogen/src/cuda/fmha/source_2.cu.o -MF CMakeFiles/natten.dir/autogen/src/cuda/fmha/source_2.cu.o.d -x cu -c /home/runner/work/NATTEN/NATTEN/csrc/autogen/src/cuda/fmha/source_2.cu -o CMakeFiles/natten.dir/autogen/src/cuda/fmha/source_2.cu.o
[2026-09-03T10:02:53Z DEBUG sccache::config] Attempting to read config file at "/home/runner/.config/sccache/config"
[2026-09-03T10:02:53Z DEBUG sccache::config] Couldn't open config file: failed to open file `/home/runner/.config/sccache/config`: No such file or directory (os error 2)
[2026-09-03T10:02:53Z DEBUG sccache::commands] Server sent CompileStarted
[  2%] Building CUDA object CMakeFiles/natten.dir/autogen/src/cuda/fmha/source_3.cu.o
/tmp/sccache-wrappers/nvcc -forward-unknown-to-host-compiler -DCUTLASS_ENABLE_TENSOR_CORE_MMA=1 -DNATTEN_WITH_CUTLASS -DNATTEN_WITH_HOPPER_FNA=1 -DTORCH_API_INCLUDE_EXTENSION_H -DTORCH_EXTENSION_NAME=libnatten -DWITH_CUDA -D_GLIBCXX_USE_CXX11_ABI=1 -Dnatten_EXPORTS --options-file CMakeFiles/natten.dir/includes_CUDA.rsp -Xcompiler -Wall -ldl --expt-relaxed-constexpr -Xcompiler=-Wconversion -Xcompiler=-fno-strict-aliasing --use_fast_math --extended-lambda -ftemplate-backtrace-limit=0 -O3 -DNDEBUG --std=c++17 -Xfatbin -compress-all -std=c++17 "--generate-code=arch=compute_90a,code=[sm_90a]" -Xcompiler=-fPIC -MD -MT CMakeFiles/natten.dir/autogen/src/cuda/fmha/source_3.cu.o -MF CMakeFiles/natten.dir/autogen/src/cuda/fmha/source_3.cu.o.d -x cu -c /home/runner/work/NATTEN/NATTEN/csrc/autogen/src/cuda/fmha/source_3.cu -o CMakeFiles/natten.dir/autogen/src/cuda/fmha/source_3.cu.o
[2026-09-03T10:02:56Z DEBUG sccache::config] Attempting to read config file at "/home/runner/.config/sccache/config"
[2026-09-03T10:02:56Z DEBUG sccache::config] Couldn't open config file: failed to open file `/home/runner/.config/sccache/config`: No such file or directory (os error 2)
[2026-09-03T10:02:56Z DEBUG sccache::commands] Server sent CompileStarted
[  3%] Building CUDA object CMakeFiles/natten.dir/autogen/src/cuda/fmha/source_4.cu.o
/tmp/sccache-wrappers/nvcc -forward-unknown-to-host-compiler -DCUTLASS_ENABLE_TENSOR_CORE_MMA=1 -DNATTEN_WITH_CUTLASS -DNATTEN_WITH_HOPPER_FNA=1 -DTORCH_API_INCLUDE_EXTENSION_H -DTORCH_EXTENSION_NAME=libnatten -DWITH_CUDA -D_GLIBCXX_USE_CXX11_ABI=1 -Dnatten_EXPORTS --options-file CMakeFiles/natten.dir/includes_CUDA.rsp -Xcompiler -Wall -ldl --expt-relaxed-constexpr -Xcompiler=-Wconversion -Xcompiler=-fno-strict-aliasing --use_fast_math --extended-lambda -ftemplate-backtrace-limit=0 -O3 -DNDEBUG --std=c++17 -Xfatbin -compress-all -std=c++17 "--generate-code=arch=compute_90a,code=[sm_90a]" -Xcompiler=-fPIC -MD -MT CMakeFiles/natten.dir/autogen/src/cuda/fmha/source_4.cu.o -MF CMakeFiles/natten.dir/autogen/src/cuda/fmha/source_4.cu.o.d -x cu -c /home/runner/work/NATTEN/NATTEN/csrc/autogen/src/cuda/fmha/source_4.cu -o CMakeFiles/natten.dir/autogen/src/cuda/fmha/source_4.cu.o
[2026-09-03T10:03:00Z DEBUG sccache::config] Attempting to read config file at "/home/runner/.config/sccache/config"
[2026-09-03T10:03:00Z DEBUG sccache::config] Couldn't open config file: failed to open file `/home/runner/.config/sccache/config`: No such file or directory (os error 2)
[2026-09-03T10:03:00Z DEBUG sccache::commands] Server sent CompileStarted
[  3%] Building CUDA object CMakeFiles/natten.dir/autogen/src/cuda/fmha/source_5.cu.o
/tmp/sccache-wrappers/nvcc -forward-unknown-to-host-compiler -DCUTLASS_ENABLE_TENSOR_CORE_MMA=1 -DNATTEN_WITH_CUTLASS -DNATTEN_WITH_HOPPER_FNA=1 -DTORCH_API_INCLUDE_EXTENSION_H -DTORCH_EXTENSION_NAME=libnatten -DWITH_CUDA -D_GLIBCXX_USE_CXX11_ABI=1 -Dnatten_EXPORTS --options-file CMakeFiles/natten.dir/includes_CUDA.rsp -Xcompiler -Wall -ldl --expt-relaxed-constexpr -Xcompiler=-Wconversion -Xcompiler=-fno-strict-aliasing --use_fast_math --extended-lambda -ftemplate-backtrace-limit=0 -O3 -DNDEBUG --std=c++17 -Xfatbin -compress-all -std=c++17 "--generate-code=arch=compute_90a,code=[sm_90a]" -Xcompiler=-fPIC -MD -MT CMakeFiles/natten.dir/autogen/src/cuda/fmha/source_5.cu.o -MF CMakeFiles/natten.dir/autogen/src/cuda/fmha/source_5.cu.o.d -x cu -c /home/runner/work/NATTEN/NATTEN/csrc/autogen/src/cuda/fmha/source_5.cu -o CMakeFiles/natten.dir/autogen/src/cuda/fmha/source_5.cu.o
[2026-09-03T10:03:04Z DEBUG sccache::config] Attempting to read config file at "/home/runner/.config/sccache/config"
[2026-09-03T10:03:04Z DEBUG sccache::config] Couldn't open config file: failed to open file `/home/runner/.config/sccache/config`: No such file or directory (os error 2)
[2026-09-03T10:03:04Z DEBUG sccache::commands] Server sent CompileStarted
[  4%] Building CUDA object CMakeFiles/natten.dir/autogen/src/cuda/fmha/source_6.cu.o
/tmp/sccache-wrappers/nvcc -forward-unknown-to-host-compiler -DCUTLASS_ENABLE_TENSOR_CORE_MMA=1 -DNATTEN_WITH_CUTLASS -DNATTEN_WITH_HOPPER_FNA=1 -DTORCH_API_INCLUDE_EXTENSION_H -DTORCH_EXTENSION_NAME=libnatten -DWITH_CUDA -D_GLIBCXX_USE_CXX11_ABI=1 -Dnatten_EXPORTS --options-file CMakeFiles/natten.dir/includes_CUDA.rsp -Xcompiler -Wall -ldl --expt-relaxed-constexpr -Xcompiler=-Wconversion -Xcompiler=-fno-strict-aliasing --use_fast_math --extended-lambda -ftemplate-backtrace-limit=0 -O3 -DNDEBUG --std=c++17 -Xfatbin -compress-all -std=c++17 "--generate-code=arch=compute_90a,code=[sm_90a]" -Xcompiler=-fPIC -MD -MT CMakeFiles/natten.dir/autogen/src/cuda/fmha/source_6.cu.o -MF CMakeFiles/natten.dir/autogen/src/cuda/fmha/source_6.cu.o.d -x cu -c /home/runner/work/NATTEN/NATTEN/csrc/autogen/src/cuda/fmha/source_6.cu -o CMakeFiles/natten.dir/autogen/src/cuda/fmha/source_6.cu.o
[2026-09-03T10:03:08Z DEBUG sccache::config] Attempting to read config file at "/home/runner/.config/sccache/config"
[2026-09-03T10:03:08Z DEBUG sccache::config] Couldn't open config file: failed to open file `/home/runner/.config/sccache/config`: No such file or directory (os error 2)
[2026-09-03T10:03:08Z DEBUG sccache::commands] Server sent CompileStarted
[  4%] Building CUDA object CMakeFiles/natten.dir/autogen/src/cuda/fmha/source_7.cu.o
/tmp/sccache-wrappers/nvcc -forward-unknown-to-host-compiler -DCUTLASS_ENABLE_TENSOR_CORE_MMA=1 -DNATTEN_WITH_CUTLASS -DNATTEN_WITH_HOPPER_FNA=1 -DTORCH_API_INCLUDE_EXTENSION_H -DTORCH_EXTENSION_NAME=libnatten -DWITH_CUDA -D_GLIBCXX_USE_CXX11_ABI=1 -Dnatten_EXPORTS --options-file CMakeFiles/natten.dir/includes_CUDA.rsp -Xcompiler -Wall -ldl --expt-relaxed-constexpr -Xcompiler=-Wconversion -Xcompiler=-fno-strict-aliasing --use_fast_math --extended-lambda -ftemplate-backtrace-limit=0 -O3 -DNDEBUG --std=c++17 -Xfatbin -compress-all -std=c++17 "--generate-code=arch=compute_90a,code=[sm_90a]" -Xcompiler=-fPIC -MD -MT CMakeFiles/natten.dir/autogen/src/cuda/fmha/source_7.cu.o -MF CMakeFiles/natten.dir/autogen/src/cuda/fmha/source_7.cu.o.d -x cu -c /home/runner/work/NATTEN/NATTEN/csrc/autogen/src/cuda/fmha/source_7.cu -o CMakeFiles/natten.dir/autogen/src/cuda/fmha/source_7.cu.o
[2026-09-03T10:03:12Z DEBUG sccache::config] Attempting to read config file at "/home/runner/.config/sccache/config"
[2026-09-03T10:03:12Z DEBUG sccache::config] Couldn't open config file: failed to open file `/home/runner/.config/sccache/config`: No such file or directory (os error 2)
[2026-09-03T10:03:12Z DEBUG sccache::commands] Server sent CompileStarted
[  5%] Building CUDA object CMakeFiles/natten.dir/autogen/src/cuda/fmha/source_8.cu.o
/tmp/sccache-wrappers/nvcc -forward-unknown-to-host-compiler -DCUTLASS_ENABLE_TENSOR_CORE_MMA=1 -DNATTEN_WITH_CUTLASS -DNATTEN_WITH_HOPPER_FNA=1 -DTORCH_API_INCLUDE_EXTENSION_H -DTORCH_EXTENSION_NAME=libnatten -DWITH_CUDA -D_GLIBCXX_USE_CXX11_ABI=1 -Dnatten_EXPORTS --options-file CMakeFiles/natten.dir/includes_CUDA.rsp -Xcompiler -Wall -ldl --expt-relaxed-constexpr -Xcompiler=-Wconversion -Xcompiler=-fno-strict-aliasing --use_fast_math --extended-lambda -ftemplate-backtrace-limit=0 -O3 -DNDEBUG --std=c++17 -Xfatbin -compress-all -std=c++17 "--generate-code=arch=compute_90a,code=[sm_90a]" -Xcompiler=-fPIC -MD -MT CMakeFiles/natten.dir/autogen/src/cuda/fmha/source_8.cu.o -MF CMakeFiles/natten.dir/autogen/src/cuda/fmha/source_8.cu.o.d -x cu -c /home/runner/work/NATTEN/NATTEN/csrc/autogen/src/cuda/fmha/source_8.cu -o CMakeFiles/natten.dir/autogen/src/cuda/fmha/source_8.cu.o
[2026-09-03T10:03:15Z DEBUG sccache::config] Attempting to read config file at "/home/runner/.config/sccache/config"
[2026-09-03T10:03:15Z DEBUG sccache::config] Couldn't open config file: failed to open file `/home/runner/.config/sccache/config`: No such file or directory (os error 2)
[2026-09-03T10:03:15Z DEBUG sccache::commands] Server sent CompileStarted
[  5%] Building CUDA object CMakeFiles/natten.dir/autogen/src/cuda/fmha/source_9.cu.o
/tmp/sccache-wrappers/nvcc -forward-unknown-to-host-compiler -DCUTLASS_ENABLE_TENSOR_CORE_MMA=1 -DNATTEN_WITH_CUTLASS -DNATTEN_WITH_HOPPER_FNA=1 -DTORCH_API_INCLUDE_EXTENSION_H -DTORCH_EXTENSION_NAME=libnatten -DWITH_CUDA -D_GLIBCXX_USE_CXX11_ABI=1 -Dnatten_EXPORTS --options-file CMakeFiles/natten.dir/includes_CUDA.rsp -Xcompiler -Wall -ldl --expt-relaxed-constexpr -Xcompiler=-Wconversion -Xcompiler=-fno-strict-aliasing --use_fast_math --extended-lambda -ftemplate-backtrace-limit=0 -O3 -DNDEBUG --std=c++17 -Xfatbin -compress-all -std=c++17 "--generate-code=arch=compute_90a,code=[sm_90a]" -Xcompiler=-fPIC -MD -MT CMakeFiles/natten.dir/autogen/src/cuda/fmha/source_9.cu.o -MF CMakeFiles/natten.dir/autogen/src/cuda/fmha/source_9.cu.o.d -x cu -c /home/runner/work/NATTEN/NATTEN/csrc/autogen/src/cuda/fmha/source_9.cu -o CMakeFiles/natten.dir/autogen/src/cuda/fmha/source_9.cu.o
[2026-09-03T10:03:19Z DEBUG sccache::config] Attempting to read config file at "/home/runner/.config/sccache/config"
[2026-09-03T10:03:19Z DEBUG sccache::config] Couldn't open config file: failed to open file `/home/runner/.config/sccache/config`: No such file or directory (os error 2)
[2026-09-03T10:03:19Z DEBUG sccache::commands] Server sent CompileStarted
[  6%] Building CUDA object CMakeFiles/natten.dir/autogen/src/cuda/fna/source_0.cu.o
/tmp/sccache-wrappers/nvcc -forward-unknown-to-host-compiler -DCUTLASS_ENABLE_TENSOR_CORE_MMA=1 -DNATTEN_WITH_CUTLASS -DNATTEN_WITH_HOPPER_FNA=1 -DTORCH_API_INCLUDE_EXTENSION_H -DTORCH_EXTENSION_NAME=libnatten -DWITH_CUDA -D_GLIBCXX_USE_CXX11_ABI=1 -Dnatten_EXPORTS --options-file CMakeFiles/natten.dir/includes_CUDA.rsp -Xcompiler -Wall -ldl --expt-relaxed-constexpr -Xcompiler=-Wconversion -Xcompiler=-fno-strict-aliasing --use_fast_math --extended-lambda -ftemplate-backtrace-limit=0 -O3 -DNDEBUG --std=c++17 -Xfatbin -compress-all -std=c++17 "--generate-code=arch=compute_90a,code=[sm_90a]" -Xcompiler=-fPIC -MD -MT CMakeFiles/natten.dir/autogen/src/cuda/fna/source_0.cu.o -MF CMakeFiles/natten.dir/autogen/src/cuda/fna/source_0.cu.o.d -x cu -c /home/runner/work/NATTEN/NATTEN/csrc/autogen/src/cuda/fna/source_0.cu -o CMakeFiles/natten.dir/autogen/src/cuda/fna/source_0.cu.o
[2026-09-03T10:03:22Z DEBUG sccache::config] Attempting to read config file at "/home/runner/.config/sccache/config"
[2026-09-03T10:03:22Z DEBUG sccache::config] Couldn't open config file: failed to open file `/home/runner/.config/sccache/config`: No such file or directory (os error 2)
[2026-09-03T10:03:22Z DEBUG sccache::commands] Server sent CompileStarted
[  6%] Building CUDA object CMakeFiles/natten.dir/autogen/src/cuda/fna/source_1.cu.o
/tmp/sccache-wrappers/nvcc -forward-unknown-to-host-compiler -DCUTLASS_ENABLE_TENSOR_CORE_MMA=1 -DNATTEN_WITH_CUTLASS -DNATTEN_WITH_HOPPER_FNA=1 -DTORCH_API_INCLUDE_EXTENSION_H -DTORCH_EXTENSION_NAME=libnatten -DWITH_CUDA -D_GLIBCXX_USE_CXX11_ABI=1 -Dnatten_EXPORTS --options-file CMakeFiles/natten.dir/includes_CUDA.rsp -Xcompiler -Wall -ldl --expt-relaxed-constexpr -Xcompiler=-Wconversion -Xcompiler=-fno-strict-aliasing --use_fast_math --extended-lambda -ftemplate-backtrace-limit=0 -O3 -DNDEBUG --std=c++17 -Xfatbin -compress-all -std=c++17 "--generate-code=arch=compute_90a,code=[sm_90a]" -Xcompiler=-fPIC -MD -MT CMakeFiles/natten.dir/autogen/src/cuda/fna/source_1.cu.o -MF CMakeFiles/natten.dir/autogen/src/cuda/fna/source_1.cu.o.d -x cu -c /home/runner/work/NATTEN/NATTEN/csrc/autogen/src/cuda/fna/source_1.cu -o CMakeFiles/natten.dir/autogen/src/cuda/fna/source_1.cu.o
[2026-09-03T10:03:26Z DEBUG sccache::config] Attempting to read config file at "/home/runner/.config/sccache/config"
[2026-09-03T10:03:26Z DEBUG sccache::config] Couldn't open config file: failed to open file `/home/runner/.config/sccache/config`: No such file or directory (os error 2)
[2026-09-03T10:03:26Z DEBUG sccache::commands] Server sent CompileStarted
[  7%] Building CUDA object CMakeFiles/natten.dir/autogen/src/cuda/fna/source_10.cu.o
/tmp/sccache-wrappers/nvcc -forward-unknown-to-host-compiler -DCUTLASS_ENABLE_TENSOR_CORE_MMA=1 -DNATTEN_WITH_CUTLASS -DNATTEN_WITH_HOPPER_FNA=1 -DTORCH_API_INCLUDE_EXTENSION_H -DTORCH_EXTENSION_NAME=libnatten -DWITH_CUDA -D_GLIBCXX_USE_CXX11_ABI=1 -Dnatten_EXPORTS --options-file CMakeFiles/natten.dir/includes_CUDA.rsp -Xcompiler -Wall -ldl --expt-relaxed-constexpr -Xcompiler=-Wconversion -Xcompiler=-fno-strict-aliasing --use_fast_math --extended-lambda -ftemplate-backtrace-limit=0 -O3 -DNDEBUG --std=c++17 -Xfatbin -compress-all -std=c++17 "--generate-code=arch=compute_90a,code=[sm_90a]" -Xcompiler=-fPIC -MD -MT CMakeFiles/natten.dir/autogen/src/cuda/fna/source_10.cu.o -MF CMakeFiles/natten.dir/autogen/src/cuda/fna/source_10.cu.o.d -x cu -c /home/runner/work/NATTEN/NATTEN/csrc/autogen/src/cuda/fna/source_10.cu -o CMakeFiles/natten.dir/autogen/src/cuda/fna/source_10.cu.o
[2026-09-03T10:03:29Z DEBUG sccache::config] Attempting to read config file at "/home/runner/.config/sccache/config"
[2026-09-03T10:03:29Z DEBUG sccache::config] Couldn't open config file: failed to open file `/home/runner/.config/sccache/config`: No such file or directory (os error 2)
[2026-09-03T10:03:29Z DEBUG sccache::commands] Server sent CompileStarted
[  7%] Building CUDA object CMakeFiles/natten.dir/autogen/src/cuda/fna/source_100.cu.o
/tmp/sccache-wrappers/nvcc -forward-unknown-to-host-compiler -DCUTLASS_ENABLE_TENSOR_CORE_MMA=1 -DNATTEN_WITH_CUTLASS -DNATTEN_WITH_HOPPER_FNA=1 -DTORCH_API_INCLUDE_EXTENSION_H -DTORCH_EXTENSION_NAME=libnatten -DWITH_CUDA -D_GLIBCXX_USE_CXX11_ABI=1 -Dnatten_EXPORTS --options-file CMakeFiles/natten.dir/includes_CUDA.rsp -Xcompiler -Wall -ldl --expt-relaxed-constexpr -Xcompiler=-Wconversion -Xcompiler=-fno-strict-aliasing --use_fast_math --extended-lambda -ftemplate-backtrace-limit=0 -O3 -DNDEBUG --std=c++17 -Xfatbin -compress-all -std=c++17 "--generate-code=arch=compute_90a,code=[sm_90a]" -Xcompiler=-fPIC -MD -MT CMakeFiles/natten.dir/autogen/src/cuda/fna/source_100.cu.o -MF CMakeFiles/natten.dir/autogen/src/cuda/fna/source_100.cu.o.d -x cu -c /home/runner/work/NATTEN/NATTEN/csrc/autogen/src/cuda/fna/source_100.cu -o CMakeFiles/natten.dir/autogen/src/cuda/fna/source_100.cu.o
[2026-09-03T10:03:33Z DEBUG sccache::config] Attempting to read config file at "/home/runner/.config/sccache/config"
[2026-09-03T10:03:33Z DEBUG sccache::config] Couldn't open config file: failed to open file `/home/runner/.config/sccache/config`: No such file or directory (os error 2)
[2026-09-03T10:03:33Z DEBUG sccache::commands] Server sent CompileStarted
[  8%] Building CUDA object CMakeFiles/natten.dir/autogen/src/cuda/fna/source_101.cu.o
/tmp/sccache-wrappers/nvcc -forward-unknown-to-host-compiler -DCUTLASS_ENABLE_TENSOR_CORE_MMA=1 -DNATTEN_WITH_CUTLASS -DNATTEN_WITH_HOPPER_FNA=1 -DTORCH_API_INCLUDE_EXTENSION_H -DTORCH_EXTENSION_NAME=libnatten -DWITH_CUDA -D_GLIBCXX_USE_CXX11_ABI=1 -Dnatten_EXPORTS --options-file CMakeFiles/natten.dir/includes_CUDA.rsp -Xcompiler -Wall -ldl --expt-relaxed-constexpr -Xcompiler=-Wconversion -Xcompiler=-fno-strict-aliasing --use_fast_math --extended-lambda -ftemplate-backtrace-limit=0 -O3 -DNDEBUG --std=c++17 -Xfatbin -compress-all -std=c++17 "--generate-code=arch=compute_90a,code=[sm_90a]" -Xcompiler=-fPIC -MD -MT CMakeFiles/natten.dir/autogen/src/cuda/fna/source_101.cu.o -MF CMakeFiles/natten.dir/autogen/src/cuda/fna/source_101.cu.o.d -x cu -c /home/runner/work/NATTEN/NATTEN/csrc/autogen/src/cuda/fna/source_101.cu -o CMakeFiles/natten.dir/autogen/src/cuda/fna/source_101.cu.o
[2026-09-03T10:03:36Z DEBUG sccache::config] Attempting to read config file at "/home/runner/.config/sccache/config"
[2026-09-03T10:03:36Z DEBUG sccache::config] Couldn't open config file: failed to open file `/home/runner/.config/sccache/config`: No such file or directory (os error 2)
[2026-09-03T10:03:36Z DEBUG sccache::commands] Server sent CompileStarted
[  8%] Building CUDA object CMakeFiles/natten.dir/autogen/src/cuda/fna/source_102.cu.o
/tmp/sccache-wrappers/nvcc -forward-unknown-to-host-compiler -DCUTLASS_ENABLE_TENSOR_CORE_MMA=1 -DNATTEN_WITH_CUTLASS -DNATTEN_WITH_HOPPER_FNA=1 -DTORCH_API_INCLUDE_EXTENSION_H -DTORCH_EXTENSION_NAME=libnatten -DWITH_CUDA -D_GLIBCXX_USE_CXX11_ABI=1 -Dnatten_EXPORTS --options-file CMakeFiles/natten.dir/includes_CUDA.rsp -Xcompiler -Wall -ldl --expt-relaxed-constexpr -Xcompiler=-Wconversion -Xcompiler=-fno-strict-aliasing --use_fast_math --extended-lambda -ftemplate-backtrace-limit=0 -O3 -DNDEBUG --std=c++17 -Xfatbin -compress-all -std=c++17 "--generate-code=arch=compute_90a,code=[sm_90a]" -Xcompiler=-fPIC -MD -MT CMakeFiles/natten.dir/autogen/src/cuda/fna/source_102.cu.o -MF CMakeFiles/natten.dir/autogen/src/cuda/fna/source_102.cu.o.d -x cu -c /home/runner/work/NATTEN/NATTEN/csrc/autogen/src/cuda/fna/source_102.cu -o CMakeFiles/natten.dir/autogen/src/cuda/fna/source_102.cu.o
[2026-09-03T10:03:39Z DEBUG sccache::config] Attempting to read config file at "/home/runner/.config/sccache/config"
[2026-09-03T10:03:39Z DEBUG sccache::config] Couldn't open config file: failed to open file `/home/runner/.config/sccache/config`: No such file or directory (os error 2)
[2026-09-03T10:03:39Z DEBUG sccache::commands] Server sent CompileStarted
[  9%] Building CUDA object CMakeFiles/natten.dir/autogen/src/cuda/fna/source_103.cu.o
/tmp/sccache-wrappers/nvcc -forward-unknown-to-host-compiler -DCUTLASS_ENABLE_TENSOR_CORE_MMA=1 -DNATTEN_WITH_CUTLASS -DNATTEN_WITH_HOPPER_FNA=1 -DTORCH_API_INCLUDE_EXTENSION_H -DTORCH_EXTENSION_NAME=libnatten -DWITH_CUDA -D_GLIBCXX_USE_CXX11_ABI=1 -Dnatten_EXPORTS --options-file CMakeFiles/natten.dir/includes_CUDA.rsp -Xcompiler -Wall -ldl --expt-relaxed-constexpr -Xcompiler=-Wconversion -Xcompiler=-fno-strict-aliasing --use_fast_math --extended-lambda -ftemplate-backtrace-limit=0 -O3 -DNDEBUG --std=c++17 -Xfatbin -compress-all -std=c++17 "--generate-code=arch=compute_90a,code=[sm_90a]" -Xcompiler=-fPIC -MD -MT CMakeFiles/natten.dir/autogen/src/cuda/fna/source_103.cu.o -MF CMakeFiles/natten.dir/autogen/src/cuda/fna/source_103.cu.o.d -x cu -c /home/runner/work/NATTEN/NATTEN/csrc/autogen/src/cuda/fna/source_103.cu -o CMakeFiles/natten.dir/autogen/src/cuda/fna/source_103.cu.o
[2026-09-03T10:03:42Z DEBUG sccache::config] Attempting to read config file at "/home/runner/.config/sccache/config"
[2026-09-03T10:03:42Z DEBUG sccache::config] Couldn't open config file: failed to open file `/home/runner/.config/sccache/config`: No such file or directory (os error 2)
[2026-09-03T10:03:42Z DEBUG sccache::commands] Server sent CompileStarted
[  9%] Building CUDA object CMakeFiles/natten.dir/autogen/src/cuda/fna/source_104.cu.o
/tmp/sccache-wrappers/nvcc -forward-unknown-to-host-compiler -DCUTLASS_ENABLE_TENSOR_CORE_MMA=1 -DNATTEN_WITH_CUTLASS -DNATTEN_WITH_HOPPER_FNA=1 -DTORCH_API_INCLUDE_EXTENSION_H -DTORCH_EXTENSION_NAME=libnatten -DWITH_CUDA -D_GLIBCXX_USE_CXX11_ABI=1 -Dnatten_EXPORTS --options-file CMakeFiles/natten.dir/includes_CUDA.rsp -Xcompiler -Wall -ldl --expt-relaxed-constexpr -Xcompiler=-Wconversion -Xcompiler=-fno-strict-aliasing --use_fast_math --extended-lambda -ftemplate-backtrace-limit=0 -O3 -DNDEBUG --std=c++17 -Xfatbin -compress-all -std=c++17 "--generate-code=arch=compute_90a,code=[sm_90a]" -Xcompiler=-fPIC -MD -MT CMakeFiles/natten.dir/autogen/src/cuda/fna/source_104.cu.o -MF CMakeFiles/natten.dir/autogen/src/cuda/fna/source_104.cu.o.d -x cu -c /home/runner/work/NATTEN/NATTEN/csrc/autogen/src/cuda/fna/source_104.cu -o CMakeFiles/natten.dir/autogen/src/cuda/fna/source_104.cu.o
[2026-09-03T10:03:46Z DEBUG sccache::config] Attempting to read config file at "/home/runner/.config/sccache/config"
[2026-09-03T10:03:46Z DEBUG sccache::config] Couldn't open config file: failed to open file `/home/runner/.config/sccache/config`: No such file or directory (os error 2)
[2026-09-03T10:03:46Z DEBUG sccache::commands] Server sent CompileStarted
[ 10%] Building CUDA object CMakeFiles/natten.dir/autogen/src/cuda/fna/source_105.cu.o
/tmp/sccache-wrappers/nvcc -forward-unknown-to-host-compiler -DCUTLASS_ENABLE_TENSOR_CORE_MMA=1 -DNATTEN_WITH_CUTLASS -DNATTEN_WITH_HOPPER_FNA=1 -DTORCH_API_INCLUDE_EXTENSION_H -DTORCH_EXTENSION_NAME=libnatten -DWITH_CUDA -D_GLIBCXX_USE_CXX11_ABI=1 -Dnatten_EXPORTS --options-file CMakeFiles/natten.dir/includes_CUDA.rsp -Xcompiler -Wall -ldl --expt-relaxed-constexpr -Xcompiler=-Wconversion -Xcompiler=-fno-strict-aliasing --use_fast_math --extended-lambda -ftemplate-backtrace-limit=0 -O3 -DNDEBUG --std=c++17 -Xfatbin -compress-all -std=c++17 "--generate-code=arch=compute_90a,code=[sm_90a]" -Xcompiler=-fPIC -MD -MT CMakeFiles/natten.dir/autogen/src/cuda/fna/source_105.cu.o -MF CMakeFiles/natten.dir/autogen/src/cuda/fna/source_105.cu.o.d -x cu -c /home/runner/work/NATTEN/NATTEN/csrc/autogen/src/cuda/fna/source_105.cu -o CMakeFiles/natten.dir/autogen/src/cuda/fna/source_105.cu.o
[2026-09-03T10:03:49Z DEBUG sccache::config] Attempting to read config file at "/home/runner/.config/sccache/config"
[2026-09-03T10:03:49Z DEBUG sccache::config] Couldn't open config file: failed to open file `/home/runner/.config/sccache/config`: No such file or directory (os error 2)
[2026-09-03T10:03:49Z DEBUG sccache::commands] Server sent CompileStarted
[ 10%] Building CUDA object CMakeFiles/natten.dir/autogen/src/cuda/fna/source_106.cu.o
/tmp/sccache-wrappers/nvcc -forward-unknown-to-host-compiler -DCUTLASS_ENABLE_TENSOR_CORE_MMA=1 -DNATTEN_WITH_CUTLASS -DNATTEN_WITH_HOPPER_FNA=1 -DTORCH_API_INCLUDE_EXTENSION_H -DTORCH_EXTENSION_NAME=libnatten -DWITH_CUDA -D_GLIBCXX_USE_CXX11_ABI=1 -Dnatten_EXPORTS --options-file CMakeFiles/natten.dir/includes_CUDA.rsp -Xcompiler -Wall -ldl --expt-relaxed-constexpr -Xcompiler=-Wconversion -Xcompiler=-fno-strict-aliasing --use_fast_math --extended-lambda -ftemplate-backtrace-limit=0 -O3 -DNDEBUG --std=c++17 -Xfatbin -compress-all -std=c++17 "--generate-code=arch=compute_90a,code=[sm_90a]" -Xcompiler=-fPIC -MD -MT CMakeFiles/natten.dir/autogen/src/cuda/fna/source_106.cu.o -MF CMakeFiles/natten.dir/autogen/src/cuda/fna/source_106.cu.o.d -x cu -c /home/runner/work/NATTEN/NATTEN/csrc/autogen/src/cuda/fna/source_106.cu -o CMakeFiles/natten.dir/autogen/src/cuda/fna/source_106.cu.o
[2026-09-03T10:03:53Z DEBUG sccache::config] Attempting to read config file at "/home/runner/.config/sccache/config"
[2026-09-03T10:03:53Z DEBUG sccache::config] Couldn't open config file: failed to open file `/home/runner/.config/sccache/config`: No such file or directory (os error 2)
[2026-09-03T10:03:53Z DEBUG sccache::commands] Server sent CompileStarted
[ 11%] Building CUDA object CMakeFiles/natten.dir/autogen/src/cuda/fna/source_107.cu.o
/tmp/sccache-wrappers/nvcc -forward-unknown-to-host-compiler -DCUTLASS_ENABLE_TENSOR_CORE_MMA=1 -DNATTEN_WITH_CUTLASS -DNATTEN_WITH_HOPPER_FNA=1 -DTORCH_API_INCLUDE_EXTENSION_H -DTORCH_EXTENSION_NAME=libnatten -DWITH_CUDA -D_GLIBCXX_USE_CXX11_ABI=1 -Dnatten_EXPORTS --options-file CMakeFiles/natten.dir/includes_CUDA.rsp -Xcompiler -Wall -ldl --expt-relaxed-constexpr -Xcompiler=-Wconversion -Xcompiler=-fno-strict-aliasing --use_fast_math --extended-lambda -ftemplate-backtrace-limit=0 -O3 -DNDEBUG --std=c++17 -Xfatbin -compress-all -std=c++17 "--generate-code=arch=compute_90a,code=[sm_90a]" -Xcompiler=-fPIC -MD -MT CMakeFiles/natten.dir/autogen/src/cuda/fna/source_107.cu.o -MF CMakeFiles/natten.dir/autogen/src/cuda/fna/source_107.cu.o.d -x cu -c /home/runner/work/NATTEN/NATTEN/csrc/autogen/src/cuda/fna/source_107.cu -o CMakeFiles/natten.dir/autogen/src/cuda/fna/source_107.cu.o
[2026-09-03T10:03:56Z DEBUG sccache::config] Attempting to read config file at "/home/runner/.config/sccache/config"
[2026-09-03T10:03:56Z DEBUG sccache::config] Couldn't open config file: failed to open file `/home/runner/.config/sccache/config`: No such file or directory (os error 2)
[2026-09-03T10:03:56Z DEBUG sccache::commands] Server sent CompileStarted
[ 11%] Building CUDA object CMakeFiles/natten.dir/autogen/src/cuda/fna/source_108.cu.o
/tmp/sccache-wrappers/nvcc -forward-unknown-to-host-compiler -DCUTLASS_ENABLE_TENSOR_CORE_MMA=1 -DNATTEN_WITH_CUTLASS -DNATTEN_WITH_HOPPER_FNA=1 -DTORCH_API_INCLUDE_EXTENSION_H -DTORCH_EXTENSION_NAME=libnatten -DWITH_CUDA -D_GLIBCXX_USE_CXX11_ABI=1 -Dnatten_EXPORTS --options-file CMakeFiles/natten.dir/includes_CUDA.rsp -Xcompiler -Wall -ldl --expt-relaxed-constexpr -Xcompiler=-Wconversion -Xcompiler=-fno-strict-aliasing --use_fast_math --extended-lambda -ftemplate-backtrace-limit=0 -O3 -DNDEBUG --std=c++17 -Xfatbin -compress-all -std=c++17 "--generate-code=arch=compute_90a,code=[sm_90a]" -Xcompiler=-fPIC -MD -MT CMakeFiles/natten.dir/autogen/src/cuda/fna/source_108.cu.o -MF CMakeFiles/natten.dir/autogen/src/cuda/fna/source_108.cu.o.d -x cu -c /home/runner/work/NATTEN/NATTEN/csrc/autogen/src/cuda/fna/source_108.cu -o CMakeFiles/natten.dir/autogen/src/cuda/fna/source_108.cu.o
[2026-09-03T10:04:00Z DEBUG sccache::config] Attempting to read config file at "/home/runner/.config/sccache/config"
[2026-09-03T10:04:00Z DEBUG sccache::config] Couldn't open config file: failed to open file `/home/runner/.config/sccache/config`: No such file or directory (os error 2)
[2026-09-03T10:04:00Z DEBUG sccache::commands] Server sent CompileStarted
[ 12%] Building CUDA object CMakeFiles/natten.dir/autogen/src/cuda/fna/source_109.cu.o
/tmp/sccache-wrappers/nvcc -forward-unknown-to-host-compiler -DCUTLASS_ENABLE_TENSOR_CORE_MMA=1 -DNATTEN_WITH_CUTLASS -DNATTEN_WITH_HOPPER_FNA=1 -DTORCH_API_INCLUDE_EXTENSION_H -DTORCH_EXTENSION_NAME=libnatten -DWITH_CUDA -D_GLIBCXX_USE_CXX11_ABI=1 -Dnatten_EXPORTS --options-file CMakeFiles/natten.dir/includes_CUDA.rsp -Xcompiler -Wall -ldl --expt-relaxed-constexpr -Xcompiler=-Wconversion -Xcompiler=-fno-strict-aliasing --use_fast_math --extended-lambda -ftemplate-backtrace-limit=0 -O3 -DNDEBUG --std=c++17 -Xfatbin -compress-all -std=c++17 "--generate-code=arch=compute_90a,code=[sm_90a]" -Xcompiler=-fPIC -MD -MT CMakeFiles/natten.dir/autogen/src/cuda/fna/source_109.cu.o -MF CMakeFiles/natten.dir/autogen/src/cuda/fna/source_109.cu.o.d -x cu -c /home/runner/work/NATTEN/NATTEN/csrc/autogen/src/cuda/fna/source_109.cu -o CMakeFiles/natten.dir/autogen/src/cuda/fna/source_109.cu.o
[2026-09-03T10:04:03Z DEBUG sccache::config] Attempting to read config file at "/home/runner/.config/sccache/config"
[2026-09-03T10:04:03Z DEBUG sccache::config] Couldn't open config file: failed to open file `/home/runner/.config/sccache/config`: No such file or directory (os error 2)
[2026-09-03T10:04:03Z DEBUG sccache::commands] Server sent CompileStarted
[ 12%] Building CUDA object CMakeFiles/natten.dir/autogen/src/cuda/fna/source_11.cu.o
/tmp/sccache-wrappers/nvcc -forward-unknown-to-host-compiler -DCUTLASS_ENABLE_TENSOR_CORE_MMA=1 -DNATTEN_WITH_CUTLASS -DNATTEN_WITH_HOPPER_FNA=1 -DTORCH_API_INCLUDE_EXTENSION_H -DTORCH_EXTENSION_NAME=libnatten -DWITH_CUDA -D_GLIBCXX_USE_CXX11_ABI=1 -Dnatten_EXPORTS --options-file CMakeFiles/natten.dir/includes_CUDA.rsp -Xcompiler -Wall -ldl --expt-relaxed-constexpr -Xcompiler=-Wconversion -Xcompiler=-fno-strict-aliasing --use_fast_math --extended-lambda -ftemplate-backtrace-limit=0 -O3 -DNDEBUG --std=c++17 -Xfatbin -compress-all -std=c++17 "--generate-code=arch=compute_90a,code=[sm_90a]" -Xcompiler=-fPIC -MD -MT CMakeFiles/natten.dir/autogen/src/cuda/fna/source_11.cu.o -MF CMakeFiles/natten.dir/autogen/src/cuda/fna/source_11.cu.o.d -x cu -c /home/runner/work/NATTEN/NATTEN/csrc/autogen/src/cuda/fna/source_11.cu -o CMakeFiles/natten.dir/autogen/src/cuda/fna/source_11.cu.o
[2026-09-03T10:04:06Z DEBUG sccache::config] Attempting to read config file at "/home/runner/.config/sccache/config"
[2026-09-03T10:04:06Z DEBUG sccache::config] Couldn't open config file: failed to open file `/home/runner/.config/sccache/config`: No such file or directory (os error 2)
[2026-09-03T10:04:06Z DEBUG sccache::commands] Server sent CompileStarted
[ 13%] Building CUDA object CMakeFiles/natten.dir/autogen/src/cuda/fna/source_110.cu.o
/tmp/sccache-wrappers/nvcc -forward-unknown-to-host-compiler -DCUTLASS_ENABLE_TENSOR_CORE_MMA=1 -DNATTEN_WITH_CUTLASS -DNATTEN_WITH_HOPPER_FNA=1 -DTORCH_API_INCLUDE_EXTENSION_H -DTORCH_EXTENSION_NAME=libnatten -DWITH_CUDA -D_GLIBCXX_USE_CXX11_ABI=1 -Dnatten_EXPORTS --options-file CMakeFiles/natten.dir/includes_CUDA.rsp -Xcompiler -Wall -ldl --expt-relaxed-constexpr -Xcompiler=-Wconversion -Xcompiler=-fno-strict-aliasing --use_fast_math --extended-lambda -ftemplate-backtrace-limit=0 -O3 -DNDEBUG --std=c++17 -Xfatbin -compress-all -std=c++17 "--generate-code=arch=compute_90a,code=[sm_90a]" -Xcompiler=-fPIC -MD -MT CMakeFiles/natten.dir/autogen/src/cuda/fna/source_110.cu.o -MF CMakeFiles/natten.dir/autogen/src/cuda/fna/source_110.cu.o.d -x cu -c /home/runner/work/NATTEN/NATTEN/csrc/autogen/src/cuda/fna/source_110.cu -o CMakeFiles/natten.dir/autogen/src/cuda/fna/source_110.cu.o
[2026-09-03T10:04:09Z DEBUG sccache::config] Attempting to read config file at "/home/runner/.config/sccache/config"
[2026-09-03T10:04:09Z DEBUG sccache::config] Couldn't open config file: failed to open file `/home/runner/.config/sccache/config`: No such file or directory (os error 2)
[2026-09-03T10:04:09Z DEBUG sccache::commands] Server sent CompileStarted
[ 13%] Building CUDA object CMakeFiles/natten.dir/autogen/src/cuda/fna/source_111.cu.o
/tmp/sccache-wrappers/nvcc -forward-unknown-to-host-compiler -DCUTLASS_ENABLE_TENSOR_CORE_MMA=1 -DNATTEN_WITH_CUTLASS -DNATTEN_WITH_HOPPER_FNA=1 -DTORCH_API_INCLUDE_EXTENSION_H -DTORCH_EXTENSION_NAME=libnatten -DWITH_CUDA -D_GLIBCXX_USE_CXX11_ABI=1 -Dnatten_EXPORTS --options-file CMakeFiles/natten.dir/includes_CUDA.rsp -Xcompiler -Wall -ldl --expt-relaxed-constexpr -Xcompiler=-Wconversion -Xcompiler=-fno-strict-aliasing --use_fast_math --extended-lambda -ftemplate-backtrace-limit=0 -O3 -DNDEBUG --std=c++17 -Xfatbin -compress-all -std=c++17 "--generate-code=arch=compute_90a,code=[sm_90a]" -Xcompiler=-fPIC -MD -MT CMakeFiles/natten.dir/autogen/src/cuda/fna/source_111.cu.o -MF CMakeFiles/natten.dir/autogen/src/cuda/fna/source_111.cu.o.d -x cu -c /home/runner/work/NATTEN/NATTEN/csrc/autogen/src/cuda/fna/source_111.cu -o CMakeFiles/natten.dir/autogen/src/cuda/fna/source_111.cu.o
[2026-09-03T10:04:13Z DEBUG sccache::config] Attempting to read config file at "/home/runner/.config/sccache/config"
[2026-09-03T10:04:13Z DEBUG sccache::config] Couldn't open config file: failed to open file `/home/runner/.config/sccache/config`: No such file or directory (os error 2)
[2026-09-03T10:04:13Z DEBUG sccache::commands] Server sent CompileStarted
[ 14%] Building CUDA object CMakeFiles/natten.dir/autogen/src/cuda/fna/source_112.cu.o
/tmp/sccache-wrappers/nvcc -forward-unknown-to-host-compiler -DCUTLASS_ENABLE_TENSOR_CORE_MMA=1 -DNATTEN_WITH_CUTLASS -DNATTEN_WITH_HOPPER_FNA=1 -DTORCH_API_INCLUDE_EXTENSION_H -DTORCH_EXTENSION_NAME=libnatten -DWITH_CUDA -D_GLIBCXX_USE_CXX11_ABI=1 -Dnatten_EXPORTS --options-file CMakeFiles/natten.dir/includes_CUDA.rsp -Xcompiler -Wall -ldl --expt-relaxed-constexpr -Xcompiler=-Wconversion -Xcompiler=-fno-strict-aliasing --use_fast_math --extended-lambda -ftemplate-backtrace-limit=0 -O3 -DNDEBUG --std=c++17 -Xfatbin -compress-all -std=c++17 "--generate-code=arch=compute_90a,code=[sm_90a]" -Xcompiler=-fPIC -MD -MT CMakeFiles/natten.dir/autogen/src/cuda/fna/source_112.cu.o -MF CMakeFiles/natten.dir/autogen/src/cuda/fna/source_112.cu.o.d -x cu -c /home/runner/work/NATTEN/NATTEN/csrc/autogen/src/cuda/fna/source_112.cu -o CMakeFiles/natten.dir/autogen/src/cuda/fna/source_112.cu.o
[2026-09-03T10:04:16Z DEBUG sccache::config] Attempting to read config file at "/home/runner/.config/sccache/config"
[2026-09-03T10:04:16Z DEBUG sccache::config] Couldn't open config file: failed to open file `/home/runner/.config/sccache/config`: No such file or directory (os error 2)
[2026-09-03T10:04:16Z DEBUG sccache::commands] Server sent CompileStarted
[ 14%] Building CUDA object CMakeFiles/natten.dir/autogen/src/cuda/fna/source_113.cu.o
/tmp/sccache-wrappers/nvcc -forward-unknown-to-host-compiler -DCUTLASS_ENABLE_TENSOR_CORE_MMA=1 -DNATTEN_WITH_CUTLASS -DNATTEN_WITH_HOPPER_FNA=1 -DTORCH_API_INCLUDE_EXTENSION_H -DTORCH_EXTENSION_NAME=libnatten -DWITH_CUDA -D_GLIBCXX_USE_CXX11_ABI=1 -Dnatten_EXPORTS --options-file CMakeFiles/natten.dir/includes_CUDA.rsp -Xcompiler -Wall -ldl --expt-relaxed-constexpr -Xcompiler=-Wconversion -Xcompiler=-fno-strict-aliasing --use_fast_math --extended-lambda -ftemplate-backtrace-limit=0 -O3 -DNDEBUG --std=c++17 -Xfatbin -compress-all -std=c++17 "--generate-code=arch=compute_90a,code=[sm_90a]" -Xcompiler=-fPIC -MD -MT CMakeFiles/natten.dir/autogen/src/cuda/fna/source_113.cu.o -MF CMakeFiles/natten.dir/autogen/src/cuda/fna/source_113.cu.o.d -x cu -c /home/runner/work/NATTEN/NATTEN/csrc/autogen/src/cuda/fna/source_113.cu -o CMakeFiles/natten.dir/autogen/src/cuda/fna/source_113.cu.o
[2026-09-03T10:04:20Z DEBUG sccache::config] Attempting to read config file at "/home/runner/.config/sccache/config"
[2026-09-03T10:04:20Z DEBUG sccache::config] Couldn't open config file: failed to open file `/home/runner/.config/sccache/config`: No such file or directory (os error 2)
[2026-09-03T10:04:20Z DEBUG sccache::commands] Server sent CompileStarted
[ 15%] Building CUDA object CMakeFiles/natten.dir/autogen/src/cuda/fna/source_114.cu.o
/tmp/sccache-wrappers/nvcc -forward-unknown-to-host-compiler -DCUTLASS_ENABLE_TENSOR_CORE_MMA=1 -DNATTEN_WITH_CUTLASS -DNATTEN_WITH_HOPPER_FNA=1 -DTORCH_API_INCLUDE_EXTENSION_H -DTORCH_EXTENSION_NAME=libnatten -DWITH_CUDA -D_GLIBCXX_USE_CXX11_ABI=1 -Dnatten_EXPORTS --options-file CMakeFiles/natten.dir/includes_CUDA.rsp -Xcompiler -Wall -ldl --expt-relaxed-constexpr -Xcompiler=-Wconversion -Xcompiler=-fno-strict-aliasing --use_fast_math --extended-lambda -ftemplate-backtrace-limit=0 -O3 -DNDEBUG --std=c++17 -Xfatbin -compress-all -std=c++17 "--generate-code=arch=compute_90a,code=[sm_90a]" -Xcompiler=-fPIC -MD -MT CMakeFiles/natten.dir/autogen/src/cuda/fna/source_114.cu.o -MF CMakeFiles/natten.dir/autogen/src/cuda/fna/source_114.cu.o.d -x cu -c /home/runner/work/NATTEN/NATTEN/csrc/autogen/src/cuda/fna/source_114.cu -o CMakeFiles/natten.dir/autogen/src/cuda/fna/source_114.cu.o
[2026-09-03T10:04:23Z DEBUG sccache::config] Attempting to read config file at "/home/runner/.config/sccache/config"
[2026-09-03T10:04:23Z DEBUG sccache::config] Couldn't open config file: failed to open file `/home/runner/.config/sccache/config`: No such file or directory (os error 2)
[2026-09-03T10:04:23Z DEBUG sccache::commands] Server sent CompileStarted
[ 15%] Building CUDA object CMakeFiles/natten.dir/autogen/src/cuda/fna/source_115.cu.o
/tmp/sccache-wrappers/nvcc -forward-unknown-to-host-compiler -DCUTLASS_ENABLE_TENSOR_CORE_MMA=1 -DNATTEN_WITH_CUTLASS -DNATTEN_WITH_HOPPER_FNA=1 -DTORCH_API_INCLUDE_EXTENSION_H -DTORCH_EXTENSION_NAME=libnatten -DWITH_CUDA -D_GLIBCXX_USE_CXX11_ABI=1 -Dnatten_EXPORTS --options-file CMakeFiles/natten.dir/includes_CUDA.rsp -Xcompiler -Wall -ldl --expt-relaxed-constexpr -Xcompiler=-Wconversion -Xcompiler=-fno-strict-aliasing --use_fast_math --extended-lambda -ftemplate-backtrace-limit=0 -O3 -DNDEBUG --std=c++17 -Xfatbin -compress-all -std=c++17 "--generate-code=arch=compute_90a,code=[sm_90a]" -Xcompiler=-fPIC -MD -MT CMakeFiles/natten.dir/autogen/src/cuda/fna/source_115.cu.o -MF CMakeFiles/natten.dir/autogen/src/cuda/fna/source_115.cu.o.d -x cu -c /home/runner/work/NATTEN/NATTEN/csrc/autogen/src/cuda/fna/source_115.cu -o CMakeFiles/natten.dir/autogen/src/cuda/fna/source_115.cu.o
[2026-09-03T10:04:27Z DEBUG sccache::config] Attempting to read config file at "/home/runner/.config/sccache/config"
[2026-09-03T10:04:27Z DEBUG sccache::config] Couldn't open config file: failed to open file `/home/runner/.config/sccache/config`: No such file or directory (os error 2)
[2026-09-03T10:04:27Z DEBUG sccache::commands] Server sent CompileStarted
[ 16%] Building CUDA object CMakeFiles/natten.dir/autogen/src/cuda/fna/source_116.cu.o
/tmp/sccache-wrappers/nvcc -forward-unknown-to-host-compiler -DCUTLASS_ENABLE_TENSOR_CORE_MMA=1 -DNATTEN_WITH_CUTLASS -DNATTEN_WITH_HOPPER_FNA=1 -DTORCH_API_INCLUDE_EXTENSION_H -DTORCH_EXTENSION_NAME=libnatten -DWITH_CUDA -D_GLIBCXX_USE_CXX11_ABI=1 -Dnatten_EXPORTS --options-file CMakeFiles/natten.dir/includes_CUDA.rsp -Xcompiler -Wall -ldl --expt-relaxed-constexpr -Xcompiler=-Wconversion -Xcompiler=-fno-strict-aliasing --use_fast_math --extended-lambda -ftemplate-backtrace-limit=0 -O3 -DNDEBUG --std=c++17 -Xfatbin -compress-all -std=c++17 "--generate-code=arch=compute_90a,code=[sm_90a]" -Xcompiler=-fPIC -MD -MT CMakeFiles/natten.dir/autogen/src/cuda/fna/source_116.cu.o -MF CMakeFiles/natten.dir/autogen/src/cuda/fna/source_116.cu.o.d -x cu -c /home/runner/work/NATTEN/NATTEN/csrc/autogen/src/cuda/fna/source_116.cu -o CMakeFiles/natten.dir/autogen/src/cuda/fna/source_116.cu.o
[2026-09-03T10:04:30Z DEBUG sccache::config] Attempting to read config file at "/home/runner/.config/sccache/config"
[2026-09-03T10:04:30Z DEBUG sccache::config] Couldn't open config file: failed to open file `/home/runner/.config/sccache/config`: No such file or directory (os error 2)
[2026-09-03T10:04:30Z DEBUG sccache::commands] Server sent CompileStarted
[ 16%] Building CUDA object CMakeFiles/natten.dir/autogen/src/cuda/fna/source_117.cu.o
/tmp/sccache-wrappers/nvcc -forward-unknown-to-host-compiler -DCUTLASS_ENABLE_TENSOR_CORE_MMA=1 -DNATTEN_WITH_CUTLASS -DNATTEN_WITH_HOPPER_FNA=1 -DTORCH_API_INCLUDE_EXTENSION_H -DTORCH_EXTENSION_NAME=libnatten -DWITH_CUDA -D_GLIBCXX_USE_CXX11_ABI=1 -Dnatten_EXPORTS --options-file CMakeFiles/natten.dir/includes_CUDA.rsp -Xcompiler -Wall -ldl --expt-relaxed-constexpr -Xcompiler=-Wconversion -Xcompiler=-fno-strict-aliasing --use_fast_math --extended-lambda -ftemplate-backtrace-limit=0 -O3 -DNDEBUG --std=c++17 -Xfatbin -compress-all -std=c++17 "--generate-code=arch=compute_90a,code=[sm_90a]" -Xcompiler=-fPIC -MD -MT CMakeFiles/natten.dir/autogen/src/cuda/fna/source_117.cu.o -MF CMakeFiles/natten.dir/autogen/src/cuda/fna/source_117.cu.o.d -x cu -c /home/runner/work/NATTEN/NATTEN/csrc/autogen/src/cuda/fna/source_117.cu -o CMakeFiles/natten.dir/autogen/src/cuda/fna/source_117.cu.o
[2026-09-03T10:04:34Z DEBUG sccache::config] Attempting to read config file at "/home/runner/.config/sccache/config"
[2026-09-03T10:04:34Z DEBUG sccache::config] Couldn't open config file: failed to open file `/home/runner/.config/sccache/config`: No such file or directory (os error 2)
[2026-09-03T10:04:34Z DEBUG sccache::commands] Server sent CompileStarted
[ 17%] Building CUDA object CMakeFiles/natten.dir/autogen/src/cuda/fna/source_118.cu.o
/tmp/sccache-wrappers/nvcc -forward-unknown-to-host-compiler -DCUTLASS_ENABLE_TENSOR_CORE_MMA=1 -DNATTEN_WITH_CUTLASS -DNATTEN_WITH_HOPPER_FNA=1 -DTORCH_API_INCLUDE_EXTENSION_H -DTORCH_EXTENSION_NAME=libnatten -DWITH_CUDA -D_GLIBCXX_USE_CXX11_ABI=1 -Dnatten_EXPORTS --options-file CMakeFiles/natten.dir/includes_CUDA.rsp -Xcompiler -Wall -ldl --expt-relaxed-constexpr -Xcompiler=-Wconversion -Xcompiler=-fno-strict-aliasing --use_fast_math --extended-lambda -ftemplate-backtrace-limit=0 -O3 -DNDEBUG --std=c++17 -Xfatbin -compress-all -std=c++17 "--generate-code=arch=compute_90a,code=[sm_90a]" -Xcompiler=-fPIC -MD -MT CMakeFiles/natten.dir/autogen/src/cuda/fna/source_118.cu.o -MF CMakeFiles/natten.dir/autogen/src/cuda/fna/source_118.cu.o.d -x cu -c /home/runner/work/NATTEN/NATTEN/csrc/autogen/src/cuda/fna/source_118.cu -o CMakeFiles/natten.dir/autogen/src/cuda/fna/source_118.cu.o
[2026-09-03T10:04:37Z DEBUG sccache::config] Attempting to read config file at "/home/runner/.config/sccache/config"
[2026-09-03T10:04:37Z DEBUG sccache::config] Couldn't open config file: failed to open file `/home/runner/.config/sccache/config`: No such file or directory (os error 2)
[2026-09-03T10:04:37Z DEBUG sccache::commands] Server sent CompileStarted
[ 17%] Building CUDA object CMakeFiles/natten.dir/autogen/src/cuda/fna/source_119.cu.o
/tmp/sccache-wrappers/nvcc -forward-unknown-to-host-compiler -DCUTLASS_ENABLE_TENSOR_CORE_MMA=1 -DNATTEN_WITH_CUTLASS -DNATTEN_WITH_HOPPER_FNA=1 -DTORCH_API_INCLUDE_EXTENSION_H -DTORCH_EXTENSION_NAME=libnatten -DWITH_CUDA -D_GLIBCXX_USE_CXX11_ABI=1 -Dnatten_EXPORTS --options-file CMakeFiles/natten.dir/includes_CUDA.rsp -Xcompiler -Wall -ldl --expt-relaxed-constexpr -Xcompiler=-Wconversion -Xcompiler=-fno-strict-aliasing --use_fast_math --extended-lambda -ftemplate-backtrace-limit=0 -O3 -DNDEBUG --std=c++17 -Xfatbin -compress-all -std=c++17 "--generate-code=arch=compute_90a,code=[sm_90a]" -Xcompiler=-fPIC -MD -MT CMakeFiles/natten.dir/autogen/src/cuda/fna/source_119.cu.o -MF CMakeFiles/natten.dir/autogen/src/cuda/fna/source_119.cu.o.d -x cu -c /home/runner/work/NATTEN/NATTEN/csrc/autogen/src/cuda/fna/source_119.cu -o CMakeFiles/natten.dir/autogen/src/cuda/fna/source_119.cu.o
[2026-09-03T10:04:40Z DEBUG sccache::config] Attempting to read config file at "/home/runner/.config/sccache/config"
[2026-09-03T10:04:40Z DEBUG sccache::config] Couldn't open config file: failed to open file `/home/runner/.config/sccache/config`: No such file or directory (os error 2)
[2026-09-03T10:04:40Z DEBUG sccache::commands] Server sent CompileStarted
[ 18%] Building CUDA object CMakeFiles/natten.dir/autogen/src/cuda/fna/source_12.cu.o
/tmp/sccache-wrappers/nvcc -forward-unknown-to-host-compiler -DCUTLASS_ENABLE_TENSOR_CORE_MMA=1 -DNATTEN_WITH_CUTLASS -DNATTEN_WITH_HOPPER_FNA=1 -DTORCH_API_INCLUDE_EXTENSION_H -DTORCH_EXTENSION_NAME=libnatten -DWITH_CUDA -D_GLIBCXX_USE_CXX11_ABI=1 -Dnatten_EXPORTS --options-file CMakeFiles/natten.dir/includes_CUDA.rsp -Xcompiler -Wall -ldl --expt-relaxed-constexpr -Xcompiler=-Wconversion -Xcompiler=-fno-strict-aliasing --use_fast_math --extended-lambda -ftemplate-backtrace-limit=0 -O3 -DNDEBUG --std=c++17 -Xfatbin -compress-all -std=c++17 "--generate-code=arch=compute_90a,code=[sm_90a]" -Xcompiler=-fPIC -MD -MT CMakeFiles/natten.dir/autogen/src/cuda/fna/source_12.cu.o -MF CMakeFiles/natten.dir/autogen/src/cuda/fna/source_12.cu.o.d -x cu -c /home/runner/work/NATTEN/NATTEN/csrc/autogen/src/cuda/fna/source_12.cu -o CMakeFiles/natten.dir/autogen/src/cuda/fna/source_12.cu.o
[2026-09-03T10:04:44Z DEBUG sccache::config] Attempting to read config file at "/home/runner/.config/sccache/config"
[2026-09-03T10:04:44Z DEBUG sccache::config] Couldn't open config file: failed to open file `/home/runner/.config/sccache/config`: No such file or directory (os error 2)
[2026-09-03T10:04:44Z DEBUG sccache::commands] Server sent CompileStarted
[ 18%] Building CUDA object CMakeFiles/natten.dir/autogen/src/cuda/fna/source_120.cu.o
/tmp/sccache-wrappers/nvcc -forward-unknown-to-host-compiler -DCUTLASS_ENABLE_TENSOR_CORE_MMA=1 -DNATTEN_WITH_CUTLASS -DNATTEN_WITH_HOPPER_FNA=1 -DTORCH_API_INCLUDE_EXTENSION_H -DTORCH_EXTENSION_NAME=libnatten -DWITH_CUDA -D_GLIBCXX_USE_CXX11_ABI=1 -Dnatten_EXPORTS --options-file CMakeFiles/natten.dir/includes_CUDA.rsp -Xcompiler -Wall -ldl --expt-relaxed-constexpr -Xcompiler=-Wconversion -Xcompiler=-fno-strict-aliasing --use_fast_math --extended-lambda -ftemplate-backtrace-limit=0 -O3 -DNDEBUG --std=c++17 -Xfatbin -compress-all -std=c++17 "--generate-code=arch=compute_90a,code=[sm_90a]" -Xcompiler=-fPIC -MD -MT CMakeFiles/natten.dir/autogen/src/cuda/fna/source_120.cu.o -MF CMakeFiles/natten.dir/autogen/src/cuda/fna/source_120.cu.o.d -x cu -c /home/runner/work/NATTEN/NATTEN/csrc/autogen/src/cuda/fna/source_120.cu -o CMakeFiles/natten.dir/autogen/src/cuda/fna/source_120.cu.o
[2026-09-03T10:04:48Z DEBUG sccache::config] Attempting to read config file at "/home/runner/.config/sccache/config"
[2026-09-03T10:04:48Z DEBUG sccache::config] Couldn't open config file: failed to open file `/home/runner/.config/sccache/config`: No such file or directory (os error 2)
[2026-09-03T10:04:48Z DEBUG sccache::commands] Server sent CompileStarted
[ 19%] Building CUDA object CMakeFiles/natten.dir/autogen/src/cuda/fna/source_121.cu.o
/tmp/sccache-wrappers/nvcc -forward-unknown-to-host-compiler -DCUTLASS_ENABLE_TENSOR_CORE_MMA=1 -DNATTEN_WITH_CUTLASS -DNATTEN_WITH_HOPPER_FNA=1 -DTORCH_API_INCLUDE_EXTENSION_H -DTORCH_EXTENSION_NAME=libnatten -DWITH_CUDA -D_GLIBCXX_USE_CXX11_ABI=1 -Dnatten_EXPORTS --options-file CMakeFiles/natten.dir/includes_CUDA.rsp -Xcompiler -Wall -ldl --expt-relaxed-constexpr -Xcompiler=-Wconversion -Xcompiler=-fno-strict-aliasing --use_fast_math --extended-lambda -ftemplate-backtrace-limit=0 -O3 -DNDEBUG --std=c++17 -Xfatbin -compress-all -std=c++17 "--generate-code=arch=compute_90a,code=[sm_90a]" -Xcompiler=-fPIC -MD -MT CMakeFiles/natten.dir/autogen/src/cuda/fna/source_121.cu.o -MF CMakeFiles/natten.dir/autogen/src/cuda/fna/source_121.cu.o.d -x cu -c /home/runner/work/NATTEN/NATTEN/csrc/autogen/src/cuda/fna/source_121.cu -o CMakeFiles/natten.dir/autogen/src/cuda/fna/source_121.cu.o
[2026-09-03T10:04:51Z DEBUG sccache::config] Attempting to read config file at "/home/runner/.config/sccache/config"
[2026-09-03T10:04:51Z DEBUG sccache::config] Couldn't open config file: failed to open file `/home/runner/.config/sccache/config`: No such file or directory (os error 2)
[2026-09-03T10:04:51Z DEBUG sccache::commands] Server sent CompileStarted
[ 19%] Building CUDA object CMakeFiles/natten.dir/autogen/src/cuda/fna/source_122.cu.o
/tmp/sccache-wrappers/nvcc -forward-unknown-to-host-compiler -DCUTLASS_ENABLE_TENSOR_CORE_MMA=1 -DNATTEN_WITH_CUTLASS -DNATTEN_WITH_HOPPER_FNA=1 -DTORCH_API_INCLUDE_EXTENSION_H -DTORCH_EXTENSION_NAME=libnatten -DWITH_CUDA -D_GLIBCXX_USE_CXX11_ABI=1 -Dnatten_EXPORTS --options-file CMakeFiles/natten.dir/includes_CUDA.rsp -Xcompiler -Wall -ldl --expt-relaxed-constexpr -Xcompiler=-Wconversion -Xcompiler=-fno-strict-aliasing --use_fast_math --extended-lambda -ftemplate-backtrace-limit=0 -O3 -DNDEBUG --std=c++17 -Xfatbin -compress-all -std=c++17 "--generate-code=arch=compute_90a,code=[sm_90a]" -Xcompiler=-fPIC -MD -MT CMakeFiles/natten.dir/autogen/src/cuda/fna/source_122.cu.o -MF CMakeFiles/natten.dir/autogen/src/cuda/fna/source_122.cu.o.d -x cu -c /home/runner/work/NATTEN/NATTEN/csrc/autogen/src/cuda/fna/source_122.cu -o CMakeFiles/natten.dir/autogen/src/cuda/fna/source_122.cu.o
[2026-09-03T10:04:54Z DEBUG sccache::config] Attempting to read config file at "/home/runner/.config/sccache/config"
[2026-09-03T10:04:54Z DEBUG sccache::config] Couldn't open config file: failed to open file `/home/runner/.config/sccache/config`: No such file or directory (os error 2)
[2026-09-03T10:04:54Z DEBUG sccache::commands] Server sent CompileStarted
[ 20%] Building CUDA object CMakeFiles/natten.dir/autogen/src/cuda/fna/source_123.cu.o
/tmp/sccache-wrappers/nvcc -forward-unknown-to-host-compiler -DCUTLASS_ENABLE_TENSOR_CORE_MMA=1 -DNATTEN_WITH_CUTLASS -DNATTEN_WITH_HOPPER_FNA=1 -DTORCH_API_INCLUDE_EXTENSION_H -DTORCH_EXTENSION_NAME=libnatten -DWITH_CUDA -D_GLIBCXX_USE_CXX11_ABI=1 -Dnatten_EXPORTS --options-file CMakeFiles/natten.dir/includes_CUDA.rsp -Xcompiler -Wall -ldl --expt-relaxed-constexpr -Xcompiler=-Wconversion -Xcompiler=-fno-strict-aliasing --use_fast_math --extended-lambda -ftemplate-backtrace-limit=0 -O3 -DNDEBUG --std=c++17 -Xfatbin -compress-all -std=c++17 "--generate-code=arch=compute_90a,code=[sm_90a]" -Xcompiler=-fPIC -MD -MT CMakeFiles/natten.dir/autogen/src/cuda/fna/source_123.cu.o -MF CMakeFiles/natten.dir/autogen/src/cuda/fna/source_123.cu.o.d -x cu -c /home/runner/work/NATTEN/NATTEN/csrc/autogen/src/cuda/fna/source_123.cu -o CMakeFiles/natten.dir/autogen/src/cuda/fna/source_123.cu.o
[2026-09-03T10:04:58Z DEBUG sccache::config] Attempting to read config file at "/home/runner/.config/sccache/config"
[2026-09-03T10:04:58Z DEBUG sccache::config] Couldn't open config file: failed to open file `/home/runner/.config/sccache/config`: No such file or directory (os error 2)
[2026-09-03T10:04:58Z DEBUG sccache::commands] Server sent CompileStarted
[ 20%] Building CUDA object CMakeFiles/natten.dir/autogen/src/cuda/fna/source_124.cu.o
/tmp/sccache-wrappers/nvcc -forward-unknown-to-host-compiler -DCUTLASS_ENABLE_TENSOR_CORE_MMA=1 -DNATTEN_WITH_CUTLASS -DNATTEN_WITH_HOPPER_FNA=1 -DTORCH_API_INCLUDE_EXTENSION_H -DTORCH_EXTENSION_NAME=libnatten -DWITH_CUDA -D_GLIBCXX_USE_CXX11_ABI=1 -Dnatten_EXPORTS --options-file CMakeFiles/natten.dir/includes_CUDA.rsp -Xcompiler -Wall -ldl --expt-relaxed-constexpr -Xcompiler=-Wconversion -Xcompiler=-fno-strict-aliasing --use_fast_math --extended-lambda -ftemplate-backtrace-limit=0 -O3 -DNDEBUG --std=c++17 -Xfatbin -compress-all -std=c++17 "--generate-code=arch=compute_90a,code=[sm_90a]" -Xcompiler=-fPIC -MD -MT CMakeFiles/natten.dir/autogen/src/cuda/fna/source_124.cu.o -MF CMakeFiles/natten.dir/autogen/src/cuda/fna/source_124.cu.o.d -x cu -c /home/runner/work/NATTEN/NATTEN/csrc/autogen/src/cuda/fna/source_124.cu -o CMakeFiles/natten.dir/autogen/src/cuda/fna/source_124.cu.o
[2026-09-03T10:05:01Z DEBUG sccache::config] Attempting to read config file at "/home/runner/.config/sccache/config"
[2026-09-03T10:05:01Z DEBUG sccache::config] Couldn't open config file: failed to open file `/home/runner/.config/sccache/config`: No such file or directory (os error 2)
[2026-09-03T10:05:01Z DEBUG sccache::commands] Server sent CompileStarted
[ 21%] Building CUDA object CMakeFiles/natten.dir/autogen/src/cuda/fna/source_125.cu.o
/tmp/sccache-wrappers/nvcc -forward-unknown-to-host-compiler -DCUTLASS_ENABLE_TENSOR_CORE_MMA=1 -DNATTEN_WITH_CUTLASS -DNATTEN_WITH_HOPPER_FNA=1 -DTORCH_API_INCLUDE_EXTENSION_H -DTORCH_EXTENSION_NAME=libnatten -DWITH_CUDA -D_GLIBCXX_USE_CXX11_ABI=1 -Dnatten_EXPORTS --options-file CMakeFiles/natten.dir/includes_CUDA.rsp -Xcompiler -Wall -ldl --expt-relaxed-constexpr -Xcompiler=-Wconversion -Xcompiler=-fno-strict-aliasing --use_fast_math --extended-lambda -ftemplate-backtrace-limit=0 -O3 -DNDEBUG --std=c++17 -Xfatbin -compress-all -std=c++17 "--generate-code=arch=compute_90a,code=[sm_90a]" -Xcompiler=-fPIC -MD -MT CMakeFiles/natten.dir/autogen/src/cuda/fna/source_125.cu.o -MF CMakeFiles/natten.dir/autogen/src/cuda/fna/source_125.cu.o.d -x cu -c /home/runner/work/NATTEN/NATTEN/csrc/autogen/src/cuda/fna/source_125.cu -o CMakeFiles/natten.dir/autogen/src/cuda/fna/source_125.cu.o
[2026-09-03T10:05:05Z DEBUG sccache::config] Attempting to read config file at "/home/runner/.config/sccache/config"
[2026-09-03T10:05:05Z DEBUG sccache::config] Couldn't open config file: failed to open file `/home/runner/.config/sccache/config`: No such file or directory (os error 2)
[2026-09-03T10:05:05Z DEBUG sccache::commands] Server sent CompileStarted
[ 21%] Building CUDA object CMakeFiles/natten.dir/autogen/src/cuda/fna/source_126.cu.o
/tmp/sccache-wrappers/nvcc -forward-unknown-to-host-compiler -DCUTLASS_ENABLE_TENSOR_CORE_MMA=1 -DNATTEN_WITH_CUTLASS -DNATTEN_WITH_HOPPER_FNA=1 -DTORCH_API_INCLUDE_EXTENSION_H -DTORCH_EXTENSION_NAME=libnatten -DWITH_CUDA -D_GLIBCXX_USE_CXX11_ABI=1 -Dnatten_EXPORTS --options-file CMakeFiles/natten.dir/includes_CUDA.rsp -Xcompiler -Wall -ldl --expt-relaxed-constexpr -Xcompiler=-Wconversion -Xcompiler=-fno-strict-aliasing --use_fast_math --extended-lambda -ftemplate-backtrace-limit=0 -O3 -DNDEBUG --std=c++17 -Xfatbin -compress-all -std=c++17 "--generate-code=arch=compute_90a,code=[sm_90a]" -Xcompiler=-fPIC -MD -MT CMakeFiles/natten.dir/autogen/src/cuda/fna/source_126.cu.o -MF CMakeFiles/natten.dir/autogen/src/cuda/fna/source_126.cu.o.d -x cu -c /home/runner/work/NATTEN/NATTEN/csrc/autogen/src/cuda/fna/source_126.cu -o CMakeFiles/natten.dir/autogen/src/cuda/fna/source_126.cu.o
[2026-09-03T10:05:08Z DEBUG sccache::config] Attempting to read config file at "/home/runner/.config/sccache/config"
[2026-09-03T10:05:08Z DEBUG sccache::config] Couldn't open config file: failed to open file `/home/runner/.config/sccache/config`: No such file or directory (os error 2)
[2026-09-03T10:05:08Z DEBUG sccache::commands] Server sent CompileStarted
[ 22%] Building CUDA object CMakeFiles/natten.dir/autogen/src/cuda/fna/source_127.cu.o
/tmp/sccache-wrappers/nvcc -forward-unknown-to-host-compiler -DCUTLASS_ENABLE_TENSOR_CORE_MMA=1 -DNATTEN_WITH_CUTLASS -DNATTEN_WITH_HOPPER_FNA=1 -DTORCH_API_INCLUDE_EXTENSION_H -DTORCH_EXTENSION_NAME=libnatten -DWITH_CUDA -D_GLIBCXX_USE_CXX11_ABI=1 -Dnatten_EXPORTS --options-file CMakeFiles/natten.dir/includes_CUDA.rsp -Xcompiler -Wall -ldl --expt-relaxed-constexpr -Xcompiler=-Wconversion -Xcompiler=-fno-strict-aliasing --use_fast_math --extended-lambda -ftemplate-backtrace-limit=0 -O3 -DNDEBUG --std=c++17 -Xfatbin -compress-all -std=c++17 "--generate-code=arch=compute_90a,code=[sm_90a]" -Xcompiler=-fPIC -MD -MT CMakeFiles/natten.dir/autogen/src/cuda/fna/source_127.cu.o -MF CMakeFiles/natten.dir/autogen/src/cuda/fna/source_127.cu.o.d -x cu -c /home/runner/work/NATTEN/NATTEN/csrc/autogen/src/cuda/fna/source_127.cu -o CMakeFiles/natten.dir/autogen/src/cuda/fna/source_127.cu.o
[2026-09-03T10:05:11Z DEBUG sccache::config] Attempting to read config file at "/home/runner/.config/sccache/config"
[2026-09-03T10:05:11Z DEBUG sccache::config] Couldn't open config file: failed to open file `/home/runner/.config/sccache/config`: No such file or directory (os error 2)
[2026-09-03T10:05:11Z DEBUG sccache::commands] Server sent CompileStarted
[ 22%] Building CUDA object CMakeFiles/natten.dir/autogen/src/cuda/fna/source_13.cu.o
/tmp/sccache-wrappers/nvcc -forward-unknown-to-host-compiler -DCUTLASS_ENABLE_TENSOR_CORE_MMA=1 -DNATTEN_WITH_CUTLASS -DNATTEN_WITH_HOPPER_FNA=1 -DTORCH_API_INCLUDE_EXTENSION_H -DTORCH_EXTENSION_NAME=libnatten -DWITH_CUDA -D_GLIBCXX_USE_CXX11_ABI=1 -Dnatten_EXPORTS --options-file CMakeFiles/natten.dir/includes_CUDA.rsp -Xcompiler -Wall -ldl --expt-relaxed-constexpr -Xcompiler=-Wconversion -Xcompiler=-fno-strict-aliasing --use_fast_math --extended-lambda -ftemplate-backtrace-limit=0 -O3 -DNDEBUG --std=c++17 -Xfatbin -compress-all -std=c++17 "--generate-code=arch=compute_90a,code=[sm_90a]" -Xcompiler=-fPIC -MD -MT CMakeFiles/natten.dir/autogen/src/cuda/fna/source_13.cu.o -MF CMakeFiles/natten.dir/autogen/src/cuda/fna/source_13.cu.o.d -x cu -c /home/runner/work/NATTEN/NATTEN/csrc/autogen/src/cuda/fna/source_13.cu -o CMakeFiles/natten.dir/autogen/src/cuda/fna/source_13.cu.o
[2026-09-03T10:05:14Z DEBUG sccache::config] Attempting to read config file at "/home/runner/.config/sccache/config"
[2026-09-03T10:05:14Z DEBUG sccache::config] Couldn't open config file: failed to open file `/home/runner/.config/sccache/config`: No such file or directory (os error 2)
[2026-09-03T10:05:14Z DEBUG sccache::commands] Server sent CompileStarted
[ 23%] Building CUDA object CMakeFiles/natten.dir/autogen/src/cuda/fna/source_14.cu.o
/tmp/sccache-wrappers/nvcc -forward-unknown-to-host-compiler -DCUTLASS_ENABLE_TENSOR_CORE_MMA=1 -DNATTEN_WITH_CUTLASS -DNATTEN_WITH_HOPPER_FNA=1 -DTORCH_API_INCLUDE_EXTENSION_H -DTORCH_EXTENSION_NAME=libnatten -DWITH_CUDA -D_GLIBCXX_USE_CXX11_ABI=1 -Dnatten_EXPORTS --options-file CMakeFiles/natten.dir/includes_CUDA.rsp -Xcompiler -Wall -ldl --expt-relaxed-constexpr -Xcompiler=-Wconversion -Xcompiler=-fno-strict-aliasing --use_fast_math --extended-lambda -ftemplate-backtrace-limit=0 -O3 -DNDEBUG --std=c++17 -Xfatbin -compress-all -std=c++17 "--generate-code=arch=compute_90a,code=[sm_90a]" -Xcompiler=-fPIC -MD -MT CMakeFiles/natten.dir/autogen/src/cuda/fna/source_14.cu.o -MF CMakeFiles/natten.dir/autogen/src/cuda/fna/source_14.cu.o.d -x cu -c /home/runner/work/NATTEN/NATTEN/csrc/autogen/src/cuda/fna/source_14.cu -o CMakeFiles/natten.dir/autogen/src/cuda/fna/source_14.cu.o
[2026-09-03T10:05:18Z DEBUG sccache::config] Attempting to read config file at "/home/runner/.config/sccache/config"
[2026-09-03T10:05:18Z DEBUG sccache::config] Couldn't open config file: failed to open file `/home/runner/.config/sccache/config`: No such file or directory (os error 2)
[2026-09-03T10:05:18Z DEBUG sccache::commands] Server sent CompileStarted
[ 23%] Building CUDA object CMakeFiles/natten.dir/autogen/src/cuda/fna/source_15.cu.o
/tmp/sccache-wrappers/nvcc -forward-unknown-to-host-compiler -DCUTLASS_ENABLE_TENSOR_CORE_MMA=1 -DNATTEN_WITH_CUTLASS -DNATTEN_WITH_HOPPER_FNA=1 -DTORCH_API_INCLUDE_EXTENSION_H -DTORCH_EXTENSION_NAME=libnatten -DWITH_CUDA -D_GLIBCXX_USE_CXX11_ABI=1 -Dnatten_EXPORTS --options-file CMakeFiles/natten.dir/includes_CUDA.rsp -Xcompiler -Wall -ldl --expt-relaxed-constexpr -Xcompiler=-Wconversion -Xcompiler=-fno-strict-aliasing --use_fast_math --extended-lambda -ftemplate-backtrace-limit=0 -O3 -DNDEBUG --std=c++17 -Xfatbin -compress-all -std=c++17 "--generate-code=arch=compute_90a,code=[sm_90a]" -Xcompiler=-fPIC -MD -MT CMakeFiles/natten.dir/autogen/src/cuda/fna/source_15.cu.o -MF CMakeFiles/natten.dir/autogen/src/cuda/fna/source_15.cu.o.d -x cu -c /home/runner/work/NATTEN/NATTEN/csrc/autogen/src/cuda/fna/source_15.cu -o CMakeFiles/natten.dir/autogen/src/cuda/fna/source_15.cu.o
[2026-09-03T10:05:21Z DEBUG sccache::config] Attempting to read config file at "/home/runner/.config/sccache/config"
[2026-09-03T10:05:21Z DEBUG sccache::config] Couldn't open config file: failed to open file `/home/runner/.config/sccache/config`: No such file or directory (os error 2)
[2026-09-03T10:05:21Z DEBUG sccache::commands] Server sent CompileStarted
[ 24%] Building CUDA object CMakeFiles/natten.dir/autogen/src/cuda/fna/source_16.cu.o
/tmp/sccache-wrappers/nvcc -forward-unknown-to-host-compiler -DCUTLASS_ENABLE_TENSOR_CORE_MMA=1 -DNATTEN_WITH_CUTLASS -DNATTEN_WITH_HOPPER_FNA=1 -DTORCH_API_INCLUDE_EXTENSION_H -DTORCH_EXTENSION_NAME=libnatten -DWITH_CUDA -D_GLIBCXX_USE_CXX11_ABI=1 -Dnatten_EXPORTS --options-file CMakeFiles/natten.dir/includes_CUDA.rsp -Xcompiler -Wall -ldl --expt-relaxed-constexpr -Xcompiler=-Wconversion -Xcompiler=-fno-strict-aliasing --use_fast_math --extended-lambda -ftemplate-backtrace-limit=0 -O3 -DNDEBUG --std=c++17 -Xfatbin -compress-all -std=c++17 "--generate-code=arch=compute_90a,code=[sm_90a]" -Xcompiler=-fPIC -MD -MT CMakeFiles/natten.dir/autogen/src/cuda/fna/source_16.cu.o -MF CMakeFiles/natten.dir/autogen/src/cuda/fna/source_16.cu.o.d -x cu -c /home/runner/work/NATTEN/NATTEN/csrc/autogen/src/cuda/fna/source_16.cu -o CMakeFiles/natten.dir/autogen/src/cuda/fna/source_16.cu.o
[2026-09-03T10:05:24Z DEBUG sccache::config] Attempting to read config file at "/home/runner/.config/sccache/config"
[2026-09-03T10:05:24Z DEBUG sccache::config] Couldn't open config file: failed to open file `/home/runner/.config/sccache/config`: No such file or directory (os error 2)
[2026-09-03T10:05:24Z DEBUG sccache::commands] Server sent CompileStarted
[ 24%] Building CUDA object CMakeFiles/natten.dir/autogen/src/cuda/fna/source_17.cu.o
/tmp/sccache-wrappers/nvcc -forward-unknown-to-host-compiler -DCUTLASS_ENABLE_TENSOR_CORE_MMA=1 -DNATTEN_WITH_CUTLASS -DNATTEN_WITH_HOPPER_FNA=1 -DTORCH_API_INCLUDE_EXTENSION_H -DTORCH_EXTENSION_NAME=libnatten -DWITH_CUDA -D_GLIBCXX_USE_CXX11_ABI=1 -Dnatten_EXPORTS --options-file CMakeFiles/natten.dir/includes_CUDA.rsp -Xcompiler -Wall -ldl --expt-relaxed-constexpr -Xcompiler=-Wconversion -Xcompiler=-fno-strict-aliasing --use_fast_math --extended-lambda -ftemplate-backtrace-limit=0 -O3 -DNDEBUG --std=c++17 -Xfatbin -compress-all -std=c++17 "--generate-code=arch=compute_90a,code=[sm_90a]" -Xcompiler=-fPIC -MD -MT CMakeFiles/natten.dir/autogen/src/cuda/fna/source_17.cu.o -MF CMakeFiles/natten.dir/autogen/src/cuda/fna/source_17.cu.o.d -x cu -c /home/runner/work/NATTEN/NATTEN/csrc/autogen/src/cuda/fna/source_17.cu -o CMakeFiles/natten.dir/autogen/src/cuda/fna/source_17.cu.o
[2026-09-03T10:05:27Z DEBUG sccache::config] Attempting to read config file at "/home/runner/.config/sccache/config"
[2026-09-03T10:05:27Z DEBUG sccache::config] Couldn't open config file: failed to open file `/home/runner/.config/sccache/config`: No such file or directory (os error 2)
[2026-09-03T10:05:27Z DEBUG sccache::commands] Server sent CompileStarted
[ 25%] Building CUDA object CMakeFiles/natten.dir/autogen/src/cuda/fna/source_18.cu.o
/tmp/sccache-wrappers/nvcc -forward-unknown-to-host-compiler -DCUTLASS_ENABLE_TENSOR_CORE_MMA=1 -DNATTEN_WITH_CUTLASS -DNATTEN_WITH_HOPPER_FNA=1 -DTORCH_API_INCLUDE_EXTENSION_H -DTORCH_EXTENSION_NAME=libnatten -DWITH_CUDA -D_GLIBCXX_USE_CXX11_ABI=1 -Dnatten_EXPORTS --options-file CMakeFiles/natten.dir/includes_CUDA.rsp -Xcompiler -Wall -ldl --expt-relaxed-constexpr -Xcompiler=-Wconversion -Xcompiler=-fno-strict-aliasing --use_fast_math --extended-lambda -ftemplate-backtrace-limit=0 -O3 -DNDEBUG --std=c++17 -Xfatbin -compress-all -std=c++17 "--generate-code=arch=compute_90a,code=[sm_90a]" -Xcompiler=-fPIC -MD -MT CMakeFiles/natten.dir/autogen/src/cuda/fna/source_18.cu.o -MF CMakeFiles/natten.dir/autogen/src/cuda/fna/source_18.cu.o.d -x cu -c /home/runner/work/NATTEN/NATTEN/csrc/autogen/src/cuda/fna/source_18.cu -o CMakeFiles/natten.dir/autogen/src/cuda/fna/source_18.cu.o
[2026-09-03T10:05:30Z DEBUG sccache::config] Attempting to read config file at "/home/runner/.config/sccache/config"
[2026-09-03T10:05:30Z DEBUG sccache::config] Couldn't open config file: failed to open file `/home/runner/.config/sccache/config`: No such file or directory (os error 2)
[2026-09-03T10:05:30Z DEBUG sccache::commands] Server sent CompileStarted
[ 25%] Building CUDA object CMakeFiles/natten.dir/autogen/src/cuda/fna/source_19.cu.o
/tmp/sccache-wrappers/nvcc -forward-unknown-to-host-compiler -DCUTLASS_ENABLE_TENSOR_CORE_MMA=1 -DNATTEN_WITH_CUTLASS -DNATTEN_WITH_HOPPER_FNA=1 -DTORCH_API_INCLUDE_EXTENSION_H -DTORCH_EXTENSION_NAME=libnatten -DWITH_CUDA -D_GLIBCXX_USE_CXX11_ABI=1 -Dnatten_EXPORTS --options-file CMakeFiles/natten.dir/includes_CUDA.rsp -Xcompiler -Wall -ldl --expt-relaxed-constexpr -Xcompiler=-Wconversion -Xcompiler=-fno-strict-aliasing --use_fast_math --extended-lambda -ftemplate-backtrace-limit=0 -O3 -DNDEBUG --std=c++17 -Xfatbin -compress-all -std=c++17 "--generate-code=arch=compute_90a,code=[sm_90a]" -Xcompiler=-fPIC -MD -MT CMakeFiles/natten.dir/autogen/src/cuda/fna/source_19.cu.o -MF CMakeFiles/natten.dir/autogen/src/cuda/fna/source_19.cu.o.d -x cu -c /home/runner/work/NATTEN/NATTEN/csrc/autogen/src/cuda/fna/source_19.cu -o CMakeFiles/natten.dir/autogen/src/cuda/fna/source_19.cu.o
[2026-09-03T10:05:33Z DEBUG sccache::config] Attempting to read config file at "/home/runner/.config/sccache/config"
[2026-09-03T10:05:33Z DEBUG sccache::config] Couldn't open config file: failed to open file `/home/runner/.config/sccache/config`: No such file or directory (os error 2)
[2026-09-03T10:05:33Z DEBUG sccache::commands] Server sent CompileStarted
[ 25%] Building CUDA object CMakeFiles/natten.dir/autogen/src/cuda/fna/source_2.cu.o
/tmp/sccache-wrappers/nvcc -forward-unknown-to-host-compiler -DCUTLASS_ENABLE_TENSOR_CORE_MMA=1 -DNATTEN_WITH_CUTLASS -DNATTEN_WITH_HOPPER_FNA=1 -DTORCH_API_INCLUDE_EXTENSION_H -DTORCH_EXTENSION_NAME=libnatten -DWITH_CUDA -D_GLIBCXX_USE_CXX11_ABI=1 -Dnatten_EXPORTS --options-file CMakeFiles/natten.dir/includes_CUDA.rsp -Xcompiler -Wall -ldl --expt-relaxed-constexpr -Xcompiler=-Wconversion -Xcompiler=-fno-strict-aliasing --use_fast_math --extended-lambda -ftemplate-backtrace-limit=0 -O3 -DNDEBUG --std=c++17 -Xfatbin -compress-all -std=c++17 "--generate-code=arch=compute_90a,code=[sm_90a]" -Xcompiler=-fPIC -MD -MT CMakeFiles/natten.dir/autogen/src/cuda/fna/source_2.cu.o -MF CMakeFiles/natten.dir/autogen/src/cuda/fna/source_2.cu.o.d -x cu -c /home/runner/work/NATTEN/NATTEN/csrc/autogen/src/cuda/fna/source_2.cu -o CMakeFiles/natten.dir/autogen/src/cuda/fna/source_2.cu.o
[2026-09-03T10:05:36Z DEBUG sccache::config] Attempting to read config file at "/home/runner/.config/sccache/config"
[2026-09-03T10:05:36Z DEBUG sccache::config] Couldn't open config file: failed to open file `/home/runner/.config/sccache/config`: No such file or directory (os error 2)
[2026-09-03T10:05:36Z DEBUG sccache::commands] Server sent CompileStarted
[ 26%] Building CUDA object CMakeFiles/natten.dir/autogen/src/cuda/fna/source_20.cu.o
/tmp/sccache-wrappers/nvcc -forward-unknown-to-host-compiler -DCUTLASS_ENABLE_TENSOR_CORE_MMA=1 -DNATTEN_WITH_CUTLASS -DNATTEN_WITH_HOPPER_FNA=1 -DTORCH_API_INCLUDE_EXTENSION_H -DTORCH_EXTENSION_NAME=libnatten -DWITH_CUDA -D_GLIBCXX_USE_CXX11_ABI=1 -Dnatten_EXPORTS --options-file CMakeFiles/natten.dir/includes_CUDA.rsp -Xcompiler -Wall -ldl --expt-relaxed-constexpr -Xcompiler=-Wconversion -Xcompiler=-fno-strict-aliasing --use_fast_math --extended-lambda -ftemplate-backtrace-limit=0 -O3 -DNDEBUG --std=c++17 -Xfatbin -compress-all -std=c++17 "--generate-code=arch=compute_90a,code=[sm_90a]" -Xcompiler=-fPIC -MD -MT CMakeFiles/natten.dir/autogen/src/cuda/fna/source_20.cu.o -MF CMakeFiles/natten.dir/autogen/src/cuda/fna/source_20.cu.o.d -x cu -c /home/runner/work/NATTEN/NATTEN/csrc/autogen/src/cuda/fna/source_20.cu -o CMakeFiles/natten.dir/autogen/src/cuda/fna/source_20.cu.o
[2026-09-03T10:05:39Z DEBUG sccache::config] Attempting to read config file at "/home/runner/.config/sccache/config"
[2026-09-03T10:05:39Z DEBUG sccache::config] Couldn't open config file: failed to open file `/home/runner/.config/sccache/config`: No such file or directory (os error 2)
[2026-09-03T10:05:39Z DEBUG sccache::commands] Server sent CompileStarted
[ 26%] Building CUDA object CMakeFiles/natten.dir/autogen/src/cuda/fna/source_21.cu.o
/tmp/sccache-wrappers/nvcc -forward-unknown-to-host-compiler -DCUTLASS_ENABLE_TENSOR_CORE_MMA=1 -DNATTEN_WITH_CUTLASS -DNATTEN_WITH_HOPPER_FNA=1 -DTORCH_API_INCLUDE_EXTENSION_H -DTORCH_EXTENSION_NAME=libnatten -DWITH_CUDA -D_GLIBCXX_USE_CXX11_ABI=1 -Dnatten_EXPORTS --options-file CMakeFiles/natten.dir/includes_CUDA.rsp -Xcompiler -Wall -ldl --expt-relaxed-constexpr -Xcompiler=-Wconversion -Xcompiler=-fno-strict-aliasing --use_fast_math --extended-lambda -ftemplate-backtrace-limit=0 -O3 -DNDEBUG --std=c++17 -Xfatbin -compress-all -std=c++17 "--generate-code=arch=compute_90a,code=[sm_90a]" -Xcompiler=-fPIC -MD -MT CMakeFiles/natten.dir/autogen/src/cuda/fna/source_21.cu.o -MF CMakeFiles/natten.dir/autogen/src/cuda/fna/source_21.cu.o.d -x cu -c /home/runner/work/NATTEN/NATTEN/csrc/autogen/src/cuda/fna/source_21.cu -o CMakeFiles/natten.dir/autogen/src/cuda/fna/source_21.cu.o
[2026-09-03T10:05:43Z DEBUG sccache::config] Attempting to read config file at "/home/runner/.config/sccache/config"
[2026-09-03T10:05:43Z DEBUG sccache::config] Couldn't open config file: failed to open file `/home/runner/.config/sccache/config`: No such file or directory (os error 2)
[2026-09-03T10:05:43Z DEBUG sccache::commands] Server sent CompileStarted
[ 27%] Building CUDA object CMakeFiles/natten.dir/autogen/src/cuda/fna/source_22.cu.o
/tmp/sccache-wrappers/nvcc -forward-unknown-to-host-compiler -DCUTLASS_ENABLE_TENSOR_CORE_MMA=1 -DNATTEN_WITH_CUTLASS -DNATTEN_WITH_HOPPER_FNA=1 -DTORCH_API_INCLUDE_EXTENSION_H -DTORCH_EXTENSION_NAME=libnatten -DWITH_CUDA -D_GLIBCXX_USE_CXX11_ABI=1 -Dnatten_EXPORTS --options-file CMakeFiles/natten.dir/includes_CUDA.rsp -Xcompiler -Wall -ldl --expt-relaxed-constexpr -Xcompiler=-Wconversion -Xcompiler=-fno-strict-aliasing --use_fast_math --extended-lambda -ftemplate-backtrace-limit=0 -O3 -DNDEBUG --std=c++17 -Xfatbin -compress-all -std=c++17 "--generate-code=arch=compute_90a,code=[sm_90a]" -Xcompiler=-fPIC -MD -MT CMakeFiles/natten.dir/autogen/src/cuda/fna/source_22.cu.o -MF CMakeFiles/natten.dir/autogen/src/cuda/fna/source_22.cu.o.d -x cu -c /home/runner/work/NATTEN/NATTEN/csrc/autogen/src/cuda/fna/source_22.cu -o CMakeFiles/natten.dir/autogen/src/cuda/fna/source_22.cu.o
[2026-09-03T10:05:46Z DEBUG sccache::config] Attempting to read config file at "/home/runner/.config/sccache/config"
[2026-09-03T10:05:46Z DEBUG sccache::config] Couldn't open config file: failed to open file `/home/runner/.config/sccache/config`: No such file or directory (os error 2)
[2026-09-03T10:05:46Z DEBUG sccache::commands] Server sent CompileStarted
[ 27%] Building CUDA object CMakeFiles/natten.dir/autogen/src/cuda/fna/source_23.cu.o
/tmp/sccache-wrappers/nvcc -forward-unknown-to-host-compiler -DCUTLASS_ENABLE_TENSOR_CORE_MMA=1 -DNATTEN_WITH_CUTLASS -DNATTEN_WITH_HOPPER_FNA=1 -DTORCH_API_INCLUDE_EXTENSION_H -DTORCH_EXTENSION_NAME=libnatten -DWITH_CUDA -D_GLIBCXX_USE_CXX11_ABI=1 -Dnatten_EXPORTS --options-file CMakeFiles/natten.dir/includes_CUDA.rsp -Xcompiler -Wall -ldl --expt-relaxed-constexpr -Xcompiler=-Wconversion -Xcompiler=-fno-strict-aliasing --use_fast_math --extended-lambda -ftemplate-backtrace-limit=0 -O3 -DNDEBUG --std=c++17 -Xfatbin -compress-all -std=c++17 "--generate-code=arch=compute_90a,code=[sm_90a]" -Xcompiler=-fPIC -MD -MT CMakeFiles/natten.dir/autogen/src/cuda/fna/source_23.cu.o -MF CMakeFiles/natten.dir/autogen/src/cuda/fna/source_23.cu.o.d -x cu -c /home/runner/work/NATTEN/NATTEN/csrc/autogen/src/cuda/fna/source_23.cu -o CMakeFiles/natten.dir/autogen/src/cuda/fna/source_23.cu.o
[2026-09-03T10:05:50Z DEBUG sccache::config] Attempting to read config file at "/home/runner/.config/sccache/config"
[2026-09-03T10:05:50Z DEBUG sccache::config] Couldn't open config file: failed to open file `/home/runner/.config/sccache/config`: No such file or directory (os error 2)
[2026-09-03T10:05:50Z DEBUG sccache::commands] Server sent CompileStarted
[ 28%] Building CUDA object CMakeFiles/natten.dir/autogen/src/cuda/fna/source_24.cu.o
/tmp/sccache-wrappers/nvcc -forward-unknown-to-host-compiler -DCUTLASS_ENABLE_TENSOR_CORE_MMA=1 -DNATTEN_WITH_CUTLASS -DNATTEN_WITH_HOPPER_FNA=1 -DTORCH_API_INCLUDE_EXTENSION_H -DTORCH_EXTENSION_NAME=libnatten -DWITH_CUDA -D_GLIBCXX_USE_CXX11_ABI=1 -Dnatten_EXPORTS --options-file CMakeFiles/natten.dir/includes_CUDA.rsp -Xcompiler -Wall -ldl --expt-relaxed-constexpr -Xcompiler=-Wconversion -Xcompiler=-fno-strict-aliasing --use_fast_math --extended-lambda -ftemplate-backtrace-limit=0 -O3 -DNDEBUG --std=c++17 -Xfatbin -compress-all -std=c++17 "--generate-code=arch=compute_90a,code=[sm_90a]" -Xcompiler=-fPIC -MD -MT CMakeFiles/natten.dir/autogen/src/cuda/fna/source_24.cu.o -MF CMakeFiles/natten.dir/autogen/src/cuda/fna/source_24.cu.o.d -x cu -c /home/runner/work/NATTEN/NATTEN/csrc/autogen/src/cuda/fna/source_24.cu -o CMakeFiles/natten.dir/autogen/src/cuda/fna/source_24.cu.o
[2026-09-03T10:05:53Z DEBUG sccache::config] Attempting to read config file at "/home/runner/.config/sccache/config"
[2026-09-03T10:05:53Z DEBUG sccache::config] Couldn't open config file: failed to open file `/home/runner/.config/sccache/config`: No such file or directory (os error 2)
[2026-09-03T10:05:53Z DEBUG sccache::commands] Server sent CompileStarted
[ 28%] Building CUDA object CMakeFiles/natten.dir/autogen/src/cuda/fna/source_25.cu.o
/tmp/sccache-wrappers/nvcc -forward-unknown-to-host-compiler -DCUTLASS_ENABLE_TENSOR_CORE_MMA=1 -DNATTEN_WITH_CUTLASS -DNATTEN_WITH_HOPPER_FNA=1 -DTORCH_API_INCLUDE_EXTENSION_H -DTORCH_EXTENSION_NAME=libnatten -DWITH_CUDA -D_GLIBCXX_USE_CXX11_ABI=1 -Dnatten_EXPORTS --options-file CMakeFiles/natten.dir/includes_CUDA.rsp -Xcompiler -Wall -ldl --expt-relaxed-constexpr -Xcompiler=-Wconversion -Xcompiler=-fno-strict-aliasing --use_fast_math --extended-lambda -ftemplate-backtrace-limit=0 -O3 -DNDEBUG --std=c++17 -Xfatbin -compress-all -std=c++17 "--generate-code=arch=compute_90a,code=[sm_90a]" -Xcompiler=-fPIC -MD -MT CMakeFiles/natten.dir/autogen/src/cuda/fna/source_25.cu.o -MF CMakeFiles/natten.dir/autogen/src/cuda/fna/source_25.cu.o.d -x cu -c /home/runner/work/NATTEN/NATTEN/csrc/autogen/src/cuda/fna/source_25.cu -o CMakeFiles/natten.dir/autogen/src/cuda/fna/source_25.cu.o
[2026-09-03T10:05:56Z DEBUG sccache::config] Attempting to read config file at "/home/runner/.config/sccache/config"
[2026-09-03T10:05:56Z DEBUG sccache::config] Couldn't open config file: failed to open file `/home/runner/.config/sccache/config`: No such file or directory (os error 2)
[2026-09-03T10:05:56Z DEBUG sccache::commands] Server sent CompileStarted
[ 29%] Building CUDA object CMakeFiles/natten.dir/autogen/src/cuda/fna/source_26.cu.o
/tmp/sccache-wrappers/nvcc -forward-unknown-to-host-compiler -DCUTLASS_ENABLE_TENSOR_CORE_MMA=1 -DNATTEN_WITH_CUTLASS -DNATTEN_WITH_HOPPER_FNA=1 -DTORCH_API_INCLUDE_EXTENSION_H -DTORCH_EXTENSION_NAME=libnatten -DWITH_CUDA -D_GLIBCXX_USE_CXX11_ABI=1 -Dnatten_EXPORTS --options-file CMakeFiles/natten.dir/includes_CUDA.rsp -Xcompiler -Wall -ldl --expt-relaxed-constexpr -Xcompiler=-Wconversion -Xcompiler=-fno-strict-aliasing --use_fast_math --extended-lambda -ftemplate-backtrace-limit=0 -O3 -DNDEBUG --std=c++17 -Xfatbin -compress-all -std=c++17 "--generate-code=arch=compute_90a,code=[sm_90a]" -Xcompiler=-fPIC -MD -MT CMakeFiles/natten.dir/autogen/src/cuda/fna/source_26.cu.o -MF CMakeFiles/natten.dir/autogen/src/cuda/fna/source_26.cu.o.d -x cu -c /home/runner/work/NATTEN/NATTEN/csrc/autogen/src/cuda/fna/source_26.cu -o CMakeFiles/natten.dir/autogen/src/cuda/fna/source_26.cu.o
[2026-09-03T10:06:00Z DEBUG sccache::config] Attempting to read config file at "/home/runner/.config/sccache/config"
[2026-09-03T10:06:00Z DEBUG sccache::config] Couldn't open config file: failed to open file `/home/runner/.config/sccache/config`: No such file or directory (os error 2)
[2026-09-03T10:06:00Z DEBUG sccache::commands] Server sent CompileStarted
[ 29%] Building CUDA object CMakeFiles/natten.dir/autogen/src/cuda/fna/source_27.cu.o
/tmp/sccache-wrappers/nvcc -forward-unknown-to-host-compiler -DCUTLASS_ENABLE_TENSOR_CORE_MMA=1 -DNATTEN_WITH_CUTLASS -DNATTEN_WITH_HOPPER_FNA=1 -DTORCH_API_INCLUDE_EXTENSION_H -DTORCH_EXTENSION_NAME=libnatten -DWITH_CUDA -D_GLIBCXX_USE_CXX11_ABI=1 -Dnatten_EXPORTS --options-file CMakeFiles/natten.dir/includes_CUDA.rsp -Xcompiler -Wall -ldl --expt-relaxed-constexpr -Xcompiler=-Wconversion -Xcompiler=-fno-strict-aliasing --use_fast_math --extended-lambda -ftemplate-backtrace-limit=0 -O3 -DNDEBUG --std=c++17 -Xfatbin -compress-all -std=c++17 "--generate-code=arch=compute_90a,code=[sm_90a]" -Xcompiler=-fPIC -MD -MT CMakeFiles/natten.dir/autogen/src/cuda/fna/source_27.cu.o -MF CMakeFiles/natten.dir/autogen/src/cuda/fna/source_27.cu.o.d -x cu -c /home/runner/work/NATTEN/NATTEN/csrc/autogen/src/cuda/fna/source_27.cu -o CMakeFiles/natten.dir/autogen/src/cuda/fna/source_27.cu.o
[2026-09-03T10:06:03Z DEBUG sccache::config] Attempting to read config file at "/home/runner/.config/sccache/config"
[2026-09-03T10:06:03Z DEBUG sccache::config] Couldn't open config file: failed to open file `/home/runner/.config/sccache/config`: No such file or directory (os error 2)
[2026-09-03T10:06:03Z DEBUG sccache::commands] Server sent CompileStarted
[ 30%] Building CUDA object CMakeFiles/natten.dir/autogen/src/cuda/fna/source_28.cu.o
/tmp/sccache-wrappers/nvcc -forward-unknown-to-host-compiler -DCUTLASS_ENABLE_TENSOR_CORE_MMA=1 -DNATTEN_WITH_CUTLASS -DNATTEN_WITH_HOPPER_FNA=1 -DTORCH_API_INCLUDE_EXTENSION_H -DTORCH_EXTENSION_NAME=libnatten -DWITH_CUDA -D_GLIBCXX_USE_CXX11_ABI=1 -Dnatten_EXPORTS --options-file CMakeFiles/natten.dir/includes_CUDA.rsp -Xcompiler -Wall -ldl --expt-relaxed-constexpr -Xcompiler=-Wconversion -Xcompiler=-fno-strict-aliasing --use_fast_math --extended-lambda -ftemplate-backtrace-limit=0 -O3 -DNDEBUG --std=c++17 -Xfatbin -compress-all -std=c++17 "--generate-code=arch=compute_90a,code=[sm_90a]" -Xcompiler=-fPIC -MD -MT CMakeFiles/natten.dir/autogen/src/cuda/fna/source_28.cu.o -MF CMakeFiles/natten.dir/autogen/src/cuda/fna/source_28.cu.o.d -x cu -c /home/runner/work/NATTEN/NATTEN/csrc/autogen/src/cuda/fna/source_28.cu -o CMakeFiles/natten.dir/autogen/src/cuda/fna/source_28.cu.o
[2026-09-03T10:06:06Z DEBUG sccache::config] Attempting to read config file at "/home/runner/.config/sccache/config"
[2026-09-03T10:06:06Z DEBUG sccache::config] Couldn't open config file: failed to open file `/home/runner/.config/sccache/config`: No such file or directory (os error 2)
[2026-09-03T10:06:06Z DEBUG sccache::commands] Server sent CompileStarted
[ 30%] Building CUDA object CMakeFiles/natten.dir/autogen/src/cuda/fna/source_29.cu.o
/tmp/sccache-wrappers/nvcc -forward-unknown-to-host-compiler -DCUTLASS_ENABLE_TENSOR_CORE_MMA=1 -DNATTEN_WITH_CUTLASS -DNATTEN_WITH_HOPPER_FNA=1 -DTORCH_API_INCLUDE_EXTENSION_H -DTORCH_EXTENSION_NAME=libnatten -DWITH_CUDA -D_GLIBCXX_USE_CXX11_ABI=1 -Dnatten_EXPORTS --options-file CMakeFiles/natten.dir/includes_CUDA.rsp -Xcompiler -Wall -ldl --expt-relaxed-constexpr -Xcompiler=-Wconversion -Xcompiler=-fno-strict-aliasing --use_fast_math --extended-lambda -ftemplate-backtrace-limit=0 -O3 -DNDEBUG --std=c++17 -Xfatbin -compress-all -std=c++17 "--generate-code=arch=compute_90a,code=[sm_90a]" -Xcompiler=-fPIC -MD -MT CMakeFiles/natten.dir/autogen/src/cuda/fna/source_29.cu.o -MF CMakeFiles/natten.dir/autogen/src/cuda/fna/source_29.cu.o.d -x cu -c /home/runner/work/NATTEN/NATTEN/csrc/autogen/src/cuda/fna/source_29.cu -o CMakeFiles/natten.dir/autogen/src/cuda/fna/source_29.cu.o
[2026-09-03T10:06:09Z DEBUG sccache::config] Attempting to read config file at "/home/runner/.config/sccache/config"
[2026-09-03T10:06:09Z DEBUG sccache::config] Couldn't open config file: failed to open file `/home/runner/.config/sccache/config`: No such file or directory (os error 2)
[2026-09-03T10:06:09Z DEBUG sccache::commands] Server sent CompileStarted
[ 31%] Building CUDA object CMakeFiles/natten.dir/autogen/src/cuda/fna/source_3.cu.o
/tmp/sccache-wrappers/nvcc -forward-unknown-to-host-compiler -DCUTLASS_ENABLE_TENSOR_CORE_MMA=1 -DNATTEN_WITH_CUTLASS -DNATTEN_WITH_HOPPER_FNA=1 -DTORCH_API_INCLUDE_EXTENSION_H -DTORCH_EXTENSION_NAME=libnatten -DWITH_CUDA -D_GLIBCXX_USE_CXX11_ABI=1 -Dnatten_EXPORTS --options-file CMakeFiles/natten.dir/includes_CUDA.rsp -Xcompiler -Wall -ldl --expt-relaxed-constexpr -Xcompiler=-Wconversion -Xcompiler=-fno-strict-aliasing --use_fast_math --extended-lambda -ftemplate-backtrace-limit=0 -O3 -DNDEBUG --std=c++17 -Xfatbin -compress-all -std=c++17 "--generate-code=arch=compute_90a,code=[sm_90a]" -Xcompiler=-fPIC -MD -MT CMakeFiles/natten.dir/autogen/src/cuda/fna/source_3.cu.o -MF CMakeFiles/natten.dir/autogen/src/cuda/fna/source_3.cu.o.d -x cu -c /home/runner/work/NATTEN/NATTEN/csrc/autogen/src/cuda/fna/source_3.cu -o CMakeFiles/natten.dir/autogen/src/cuda/fna/source_3.cu.o
[2026-09-03T10:06:12Z DEBUG sccache::config] Attempting to read config file at "/home/runner/.config/sccache/config"
[2026-09-03T10:06:12Z DEBUG sccache::config] Couldn't open config file: failed to open file `/home/runner/.config/sccache/config`: No such file or directory (os error 2)
[2026-09-03T10:06:12Z DEBUG sccache::commands] Server sent CompileStarted
[ 31%] Building CUDA object CMakeFiles/natten.dir/autogen/src/cuda/fna/source_30.cu.o
/tmp/sccache-wrappers/nvcc -forward-unknown-to-host-compiler -DCUTLASS_ENABLE_TENSOR_CORE_MMA=1 -DNATTEN_WITH_CUTLASS -DNATTEN_WITH_HOPPER_FNA=1 -DTORCH_API_INCLUDE_EXTENSION_H -DTORCH_EXTENSION_NAME=libnatten -DWITH_CUDA -D_GLIBCXX_USE_CXX11_ABI=1 -Dnatten_EXPORTS --options-file CMakeFiles/natten.dir/includes_CUDA.rsp -Xcompiler -Wall -ldl --expt-relaxed-constexpr -Xcompiler=-Wconversion -Xcompiler=-fno-strict-aliasing --use_fast_math --extended-lambda -ftemplate-backtrace-limit=0 -O3 -DNDEBUG --std=c++17 -Xfatbin -compress-all -std=c++17 "--generate-code=arch=compute_90a,code=[sm_90a]" -Xcompiler=-fPIC -MD -MT CMakeFiles/natten.dir/autogen/src/cuda/fna/source_30.cu.o -MF CMakeFiles/natten.dir/autogen/src/cuda/fna/source_30.cu.o.d -x cu -c /home/runner/work/NATTEN/NATTEN/csrc/autogen/src/cuda/fna/source_30.cu -o CMakeFiles/natten.dir/autogen/src/cuda/fna/source_30.cu.o
[2026-09-03T10:06:15Z DEBUG sccache::config] Attempting to read config file at "/home/runner/.config/sccache/config"
[2026-09-03T10:06:15Z DEBUG sccache::config] Couldn't open config file: failed to open file `/home/runner/.config/sccache/config`: No such file or directory (os error 2)
[2026-09-03T10:06:15Z DEBUG sccache::commands] Server sent CompileStarted
[ 32%] Building CUDA object CMakeFiles/natten.dir/autogen/src/cuda/fna/source_31.cu.o
/tmp/sccache-wrappers/nvcc -forward-unknown-to-host-compiler -DCUTLASS_ENABLE_TENSOR_CORE_MMA=1 -DNATTEN_WITH_CUTLASS -DNATTEN_WITH_HOPPER_FNA=1 -DTORCH_API_INCLUDE_EXTENSION_H -DTORCH_EXTENSION_NAME=libnatten -DWITH_CUDA -D_GLIBCXX_USE_CXX11_ABI=1 -Dnatten_EXPORTS --options-file CMakeFiles/natten.dir/includes_CUDA.rsp -Xcompiler -Wall -ldl --expt-relaxed-constexpr -Xcompiler=-Wconversion -Xcompiler=-fno-strict-aliasing --use_fast_math --extended-lambda -ftemplate-backtrace-limit=0 -O3 -DNDEBUG --std=c++17 -Xfatbin -compress-all -std=c++17 "--generate-code=arch=compute_90a,code=[sm_90a]" -Xcompiler=-fPIC -MD -MT CMakeFiles/natten.dir/autogen/src/cuda/fna/source_31.cu.o -MF CMakeFiles/natten.dir/autogen/src/cuda/fna/source_31.cu.o.d -x cu -c /home/runner/work/NATTEN/NATTEN/csrc/autogen/src/cuda/fna/source_31.cu -o CMakeFiles/natten.dir/autogen/src/cuda/fna/source_31.cu.o
[2026-09-03T10:06:19Z DEBUG sccache::config] Attempting to read config file at "/home/runner/.config/sccache/config"
[2026-09-03T10:06:19Z DEBUG sccache::config] Couldn't open config file: failed to open file `/home/runner/.config/sccache/config`: No such file or directory (os error 2)
[2026-09-03T10:06:19Z DEBUG sccache::commands] Server sent CompileStarted
[ 32%] Building CUDA object CMakeFiles/natten.dir/autogen/src/cuda/fna/source_32.cu.o
/tmp/sccache-wrappers/nvcc -forward-unknown-to-host-compiler -DCUTLASS_ENABLE_TENSOR_CORE_MMA=1 -DNATTEN_WITH_CUTLASS -DNATTEN_WITH_HOPPER_FNA=1 -DTORCH_API_INCLUDE_EXTENSION_H -DTORCH_EXTENSION_NAME=libnatten -DWITH_CUDA -D_GLIBCXX_USE_CXX11_ABI=1 -Dnatten_EXPORTS --options-file CMakeFiles/natten.dir/includes_CUDA.rsp -Xcompiler -Wall -ldl --expt-relaxed-constexpr -Xcompiler=-Wconversion -Xcompiler=-fno-strict-aliasing --use_fast_math --extended-lambda -ftemplate-backtrace-limit=0 -O3 -DNDEBUG --std=c++17 -Xfatbin -compress-all -std=c++17 "--generate-code=arch=compute_90a,code=[sm_90a]" -Xcompiler=-fPIC -MD -MT CMakeFiles/natten.dir/autogen/src/cuda/fna/source_32.cu.o -MF CMakeFiles/natten.dir/autogen/src/cuda/fna/source_32.cu.o.d -x cu -c /home/runner/work/NATTEN/NATTEN/csrc/autogen/src/cuda/fna/source_32.cu -o CMakeFiles/natten.dir/autogen/src/cuda/fna/source_32.cu.o
[2026-09-03T10:06:22Z DEBUG sccache::config] Attempting to read config file at "/home/runner/.config/sccache/config"
[2026-09-03T10:06:22Z DEBUG sccache::config] Couldn't open config file: failed to open file `/home/runner/.config/sccache/config`: No such file or directory (os error 2)
[2026-09-03T10:06:22Z DEBUG sccache::commands] Server sent CompileStarted
[ 33%] Building CUDA object CMakeFiles/natten.dir/autogen/src/cuda/fna/source_33.cu.o
/tmp/sccache-wrappers/nvcc -forward-unknown-to-host-compiler -DCUTLASS_ENABLE_TENSOR_CORE_MMA=1 -DNATTEN_WITH_CUTLASS -DNATTEN_WITH_HOPPER_FNA=1 -DTORCH_API_INCLUDE_EXTENSION_H -DTORCH_EXTENSION_NAME=libnatten -DWITH_CUDA -D_GLIBCXX_USE_CXX11_ABI=1 -Dnatten_EXPORTS --options-file CMakeFiles/natten.dir/includes_CUDA.rsp -Xcompiler -Wall -ldl --expt-relaxed-constexpr -Xcompiler=-Wconversion -Xcompiler=-fno-strict-aliasing --use_fast_math --extended-lambda -ftemplate-backtrace-limit=0 -O3 -DNDEBUG --std=c++17 -Xfatbin -compress-all -std=c++17 "--generate-code=arch=compute_90a,code=[sm_90a]" -Xcompiler=-fPIC -MD -MT CMakeFiles/natten.dir/autogen/src/cuda/fna/source_33.cu.o -MF CMakeFiles/natten.dir/autogen/src/cuda/fna/source_33.cu.o.d -x cu -c /home/runner/work/NATTEN/NATTEN/csrc/autogen/src/cuda/fna/source_33.cu -o CMakeFiles/natten.dir/autogen/src/cuda/fna/source_33.cu.o
[2026-09-03T10:06:25Z DEBUG sccache::config] Attempting to read config file at "/home/runner/.config/sccache/config"
[2026-09-03T10:06:25Z DEBUG sccache::config] Couldn't open config file: failed to open file `/home/runner/.config/sccache/config`: No such file or directory (os error 2)
[2026-09-03T10:06:25Z DEBUG sccache::commands] Server sent CompileStarted
[ 33%] Building CUDA object CMakeFiles/natten.dir/autogen/src/cuda/fna/source_34.cu.o
/tmp/sccache-wrappers/nvcc -forward-unknown-to-host-compiler -DCUTLASS_ENABLE_TENSOR_CORE_MMA=1 -DNATTEN_WITH_CUTLASS -DNATTEN_WITH_HOPPER_FNA=1 -DTORCH_API_INCLUDE_EXTENSION_H -DTORCH_EXTENSION_NAME=libnatten -DWITH_CUDA -D_GLIBCXX_USE_CXX11_ABI=1 -Dnatten_EXPORTS --options-file CMakeFiles/natten.dir/includes_CUDA.rsp -Xcompiler -Wall -ldl --expt-relaxed-constexpr -Xcompiler=-Wconversion -Xcompiler=-fno-strict-aliasing --use_fast_math --extended-lambda -ftemplate-backtrace-limit=0 -O3 -DNDEBUG --std=c++17 -Xfatbin -compress-all -std=c++17 "--generate-code=arch=compute_90a,code=[sm_90a]" -Xcompiler=-fPIC -MD -MT CMakeFiles/natten.dir/autogen/src/cuda/fna/source_34.cu.o -MF CMakeFiles/natten.dir/autogen/src/cuda/fna/source_34.cu.o.d -x cu -c /home/runner/work/NATTEN/NATTEN/csrc/autogen/src/cuda/fna/source_34.cu -o CMakeFiles/natten.dir/autogen/src/cuda/fna/source_34.cu.o
[2026-09-03T10:06:28Z DEBUG sccache::config] Attempting to read config file at "/home/runner/.config/sccache/config"
[2026-09-03T10:06:28Z DEBUG sccache::config] Couldn't open config file: failed to open file `/home/runner/.config/sccache/config`: No such file or directory (os error 2)
[2026-09-03T10:06:28Z DEBUG sccache::commands] Server sent CompileStarted
[ 34%] Building CUDA object CMakeFiles/natten.dir/autogen/src/cuda/fna/source_35.cu.o
/tmp/sccache-wrappers/nvcc -forward-unknown-to-host-compiler -DCUTLASS_ENABLE_TENSOR_CORE_MMA=1 -DNATTEN_WITH_CUTLASS -DNATTEN_WITH_HOPPER_FNA=1 -DTORCH_API_INCLUDE_EXTENSION_H -DTORCH_EXTENSION_NAME=libnatten -DWITH_CUDA -D_GLIBCXX_USE_CXX11_ABI=1 -Dnatten_EXPORTS --options-file CMakeFiles/natten.dir/includes_CUDA.rsp -Xcompiler -Wall -ldl --expt-relaxed-constexpr -Xcompiler=-Wconversion -Xcompiler=-fno-strict-aliasing --use_fast_math --extended-lambda -ftemplate-backtrace-limit=0 -O3 -DNDEBUG --std=c++17 -Xfatbin -compress-all -std=c++17 "--generate-code=arch=compute_90a,code=[sm_90a]" -Xcompiler=-fPIC -MD -MT CMakeFiles/natten.dir/autogen/src/cuda/fna/source_35.cu.o -MF CMakeFiles/natten.dir/autogen/src/cuda/fna/source_35.cu.o.d -x cu -c /home/runner/work/NATTEN/NATTEN/csrc/autogen/src/cuda/fna/source_35.cu -o CMakeFiles/natten.dir/autogen/src/cuda/fna/source_35.cu.o
[2026-09-03T10:06:31Z DEBUG sccache::config] Attempting to read config file at "/home/runner/.config/sccache/config"
[2026-09-03T10:06:31Z DEBUG sccache::config] Couldn't open config file: failed to open file `/home/runner/.config/sccache/config`: No such file or directory (os error 2)
[2026-09-03T10:06:31Z DEBUG sccache::commands] Server sent CompileStarted
[ 34%] Building CUDA object CMakeFiles/natten.dir/autogen/src/cuda/fna/source_36.cu.o
/tmp/sccache-wrappers/nvcc -forward-unknown-to-host-compiler -DCUTLASS_ENABLE_TENSOR_CORE_MMA=1 -DNATTEN_WITH_CUTLASS -DNATTEN_WITH_HOPPER_FNA=1 -DTORCH_API_INCLUDE_EXTENSION_H -DTORCH_EXTENSION_NAME=libnatten -DWITH_CUDA -D_GLIBCXX_USE_CXX11_ABI=1 -Dnatten_EXPORTS --options-file CMakeFiles/natten.dir/includes_CUDA.rsp -Xcompiler -Wall -ldl --expt-relaxed-constexpr -Xcompiler=-Wconversion -Xcompiler=-fno-strict-aliasing --use_fast_math --extended-lambda -ftemplate-backtrace-limit=0 -O3 -DNDEBUG --std=c++17 -Xfatbin -compress-all -std=c++17 "--generate-code=arch=compute_90a,code=[sm_90a]" -Xcompiler=-fPIC -MD -MT CMakeFiles/natten.dir/autogen/src/cuda/fna/source_36.cu.o -MF CMakeFiles/natten.dir/autogen/src/cuda/fna/source_36.cu.o.d -x cu -c /home/runner/work/NATTEN/NATTEN/csrc/autogen/src/cuda/fna/source_36.cu -o CMakeFiles/natten.dir/autogen/src/cuda/fna/source_36.cu.o
[2026-09-03T10:06:34Z DEBUG sccache::config] Attempting to read config file at "/home/runner/.config/sccache/config"
[2026-09-03T10:06:34Z DEBUG sccache::config] Couldn't open config file: failed to open file `/home/runner/.config/sccache/config`: No such file or directory (os error 2)
[2026-09-03T10:06:34Z DEBUG sccache::commands] Server sent CompileStarted
[ 35%] Building CUDA object CMakeFiles/natten.dir/autogen/src/cuda/fna/source_37.cu.o
/tmp/sccache-wrappers/nvcc -forward-unknown-to-host-compiler -DCUTLASS_ENABLE_TENSOR_CORE_MMA=1 -DNATTEN_WITH_CUTLASS -DNATTEN_WITH_HOPPER_FNA=1 -DTORCH_API_INCLUDE_EXTENSION_H -DTORCH_EXTENSION_NAME=libnatten -DWITH_CUDA -D_GLIBCXX_USE_CXX11_ABI=1 -Dnatten_EXPORTS --options-file CMakeFiles/natten.dir/includes_CUDA.rsp -Xcompiler -Wall -ldl --expt-relaxed-constexpr -Xcompiler=-Wconversion -Xcompiler=-fno-strict-aliasing --use_fast_math --extended-lambda -ftemplate-backtrace-limit=0 -O3 -DNDEBUG --std=c++17 -Xfatbin -compress-all -std=c++17 "--generate-code=arch=compute_90a,code=[sm_90a]" -Xcompiler=-fPIC -MD -MT CMakeFiles/natten.dir/autogen/src/cuda/fna/source_37.cu.o -MF CMakeFiles/natten.dir/autogen/src/cuda/fna/source_37.cu.o.d -x cu -c /home/runner/work/NATTEN/NATTEN/csrc/autogen/src/cuda/fna/source_37.cu -o CMakeFiles/natten.dir/autogen/src/cuda/fna/source_37.cu.o
[2026-09-03T10:06:37Z DEBUG sccache::config] Attempting to read config file at "/home/runner/.config/sccache/config"
[2026-09-03T10:06:37Z DEBUG sccache::config] Couldn't open config file: failed to open file `/home/runner/.config/sccache/config`: No such file or directory (os error 2)
[2026-09-03T10:06:37Z DEBUG sccache::commands] Server sent CompileStarted
[ 35%] Building CUDA object CMakeFiles/natten.dir/autogen/src/cuda/fna/source_38.cu.o
/tmp/sccache-wrappers/nvcc -forward-unknown-to-host-compiler -DCUTLASS_ENABLE_TENSOR_CORE_MMA=1 -DNATTEN_WITH_CUTLASS -DNATTEN_WITH_HOPPER_FNA=1 -DTORCH_API_INCLUDE_EXTENSION_H -DTORCH_EXTENSION_NAME=libnatten -DWITH_CUDA -D_GLIBCXX_USE_CXX11_ABI=1 -Dnatten_EXPORTS --options-file CMakeFiles/natten.dir/includes_CUDA.rsp -Xcompiler -Wall -ldl --expt-relaxed-constexpr -Xcompiler=-Wconversion -Xcompiler=-fno-strict-aliasing --use_fast_math --extended-lambda -ftemplate-backtrace-limit=0 -O3 -DNDEBUG --std=c++17 -Xfatbin -compress-all -std=c++17 "--generate-code=arch=compute_90a,code=[sm_90a]" -Xcompiler=-fPIC -MD -MT CMakeFiles/natten.dir/autogen/src/cuda/fna/source_38.cu.o -MF CMakeFiles/natten.dir/autogen/src/cuda/fna/source_38.cu.o.d -x cu -c /home/runner/work/NATTEN/NATTEN/csrc/autogen/src/cuda/fna/source_38.cu -o CMakeFiles/natten.dir/autogen/src/cuda/fna/source_38.cu.o
[2026-09-03T10:06:41Z DEBUG sccache::config] Attempting to read config file at "/home/runner/.config/sccache/config"
[2026-09-03T10:06:41Z DEBUG sccache::config] Couldn't open config file: failed to open file `/home/runner/.config/sccache/config`: No such file or directory (os error 2)
[2026-09-03T10:06:41Z DEBUG sccache::commands] Server sent CompileStarted
[ 36%] Building CUDA object CMakeFiles/natten.dir/autogen/src/cuda/fna/source_39.cu.o
/tmp/sccache-wrappers/nvcc -forward-unknown-to-host-compiler -DCUTLASS_ENABLE_TENSOR_CORE_MMA=1 -DNATTEN_WITH_CUTLASS -DNATTEN_WITH_HOPPER_FNA=1 -DTORCH_API_INCLUDE_EXTENSION_H -DTORCH_EXTENSION_NAME=libnatten -DWITH_CUDA -D_GLIBCXX_USE_CXX11_ABI=1 -Dnatten_EXPORTS --options-file CMakeFiles/natten.dir/includes_CUDA.rsp -Xcompiler -Wall -ldl --expt-relaxed-constexpr -Xcompiler=-Wconversion -Xcompiler=-fno-strict-aliasing --use_fast_math --extended-lambda -ftemplate-backtrace-limit=0 -O3 -DNDEBUG --std=c++17 -Xfatbin -compress-all -std=c++17 "--generate-code=arch=compute_90a,code=[sm_90a]" -Xcompiler=-fPIC -MD -MT CMakeFiles/natten.dir/autogen/src/cuda/fna/source_39.cu.o -MF CMakeFiles/natten.dir/autogen/src/cuda/fna/source_39.cu.o.d -x cu -c /home/runner/work/NATTEN/NATTEN/csrc/autogen/src/cuda/fna/source_39.cu -o CMakeFiles/natten.dir/autogen/src/cuda/fna/source_39.cu.o
[2026-09-03T10:06:44Z DEBUG sccache::config] Attempting to read config file at "/home/runner/.config/sccache/config"
[2026-09-03T10:06:44Z DEBUG sccache::config] Couldn't open config file: failed to open file `/home/runner/.config/sccache/config`: No such file or directory (os error 2)
[2026-09-03T10:06:44Z DEBUG sccache::commands] Server sent CompileStarted
[ 36%] Building CUDA object CMakeFiles/natten.dir/autogen/src/cuda/fna/source_4.cu.o
/tmp/sccache-wrappers/nvcc -forward-unknown-to-host-compiler -DCUTLASS_ENABLE_TENSOR_CORE_MMA=1 -DNATTEN_WITH_CUTLASS -DNATTEN_WITH_HOPPER_FNA=1 -DTORCH_API_INCLUDE_EXTENSION_H -DTORCH_EXTENSION_NAME=libnatten -DWITH_CUDA -D_GLIBCXX_USE_CXX11_ABI=1 -Dnatten_EXPORTS --options-file CMakeFiles/natten.dir/includes_CUDA.rsp -Xcompiler -Wall -ldl --expt-relaxed-constexpr -Xcompiler=-Wconversion -Xcompiler=-fno-strict-aliasing --use_fast_math --extended-lambda -ftemplate-backtrace-limit=0 -O3 -DNDEBUG --std=c++17 -Xfatbin -compress-all -std=c++17 "--generate-code=arch=compute_90a,code=[sm_90a]" -Xcompiler=-fPIC -MD -MT CMakeFiles/natten.dir/autogen/src/cuda/fna/source_4.cu.o -MF CMakeFiles/natten.dir/autogen/src/cuda/fna/source_4.cu.o.d -x cu -c /home/runner/work/NATTEN/NATTEN/csrc/autogen/src/cuda/fna/source_4.cu -o CMakeFiles/natten.dir/autogen/src/cuda/fna/source_4.cu.o
[2026-09-03T10:06:47Z DEBUG sccache::config] Attempting to read config file at "/home/runner/.config/sccache/config"
[2026-09-03T10:06:47Z DEBUG sccache::config] Couldn't open config file: failed to open file `/home/runner/.config/sccache/config`: No such file or directory (os error 2)
[2026-09-03T10:06:47Z DEBUG sccache::commands] Server sent CompileStarted
[ 37%] Building CUDA object CMakeFiles/natten.dir/autogen/src/cuda/fna/source_40.cu.o
/tmp/sccache-wrappers/nvcc -forward-unknown-to-host-compiler -DCUTLASS_ENABLE_TENSOR_CORE_MMA=1 -DNATTEN_WITH_CUTLASS -DNATTEN_WITH_HOPPER_FNA=1 -DTORCH_API_INCLUDE_EXTENSION_H -DTORCH_EXTENSION_NAME=libnatten -DWITH_CUDA -D_GLIBCXX_USE_CXX11_ABI=1 -Dnatten_EXPORTS --options-file CMakeFiles/natten.dir/includes_CUDA.rsp -Xcompiler -Wall -ldl --expt-relaxed-constexpr -Xcompiler=-Wconversion -Xcompiler=-fno-strict-aliasing --use_fast_math --extended-lambda -ftemplate-backtrace-limit=0 -O3 -DNDEBUG --std=c++17 -Xfatbin -compress-all -std=c++17 "--generate-code=arch=compute_90a,code=[sm_90a]" -Xcompiler=-fPIC -MD -MT CMakeFiles/natten.dir/autogen/src/cuda/fna/source_40.cu.o -MF CMakeFiles/natten.dir/autogen/src/cuda/fna/source_40.cu.o.d -x cu -c /home/runner/work/NATTEN/NATTEN/csrc/autogen/src/cuda/fna/source_40.cu -o CMakeFiles/natten.dir/autogen/src/cuda/fna/source_40.cu.o
[2026-09-03T10:06:50Z DEBUG sccache::config] Attempting to read config file at "/home/runner/.config/sccache/config"
[2026-09-03T10:06:50Z DEBUG sccache::config] Couldn't open config file: failed to open file `/home/runner/.config/sccache/config`: No such file or directory (os error 2)
[2026-09-03T10:06:50Z DEBUG sccache::commands] Server sent CompileStarted
[ 37%] Building CUDA object CMakeFiles/natten.dir/autogen/src/cuda/fna/source_41.cu.o
/tmp/sccache-wrappers/nvcc -forward-unknown-to-host-compiler -DCUTLASS_ENABLE_TENSOR_CORE_MMA=1 -DNATTEN_WITH_CUTLASS -DNATTEN_WITH_HOPPER_FNA=1 -DTORCH_API_INCLUDE_EXTENSION_H -DTORCH_EXTENSION_NAME=libnatten -DWITH_CUDA -D_GLIBCXX_USE_CXX11_ABI=1 -Dnatten_EXPORTS --options-file CMakeFiles/natten.dir/includes_CUDA.rsp -Xcompiler -Wall -ldl --expt-relaxed-constexpr -Xcompiler=-Wconversion -Xcompiler=-fno-strict-aliasing --use_fast_math --extended-lambda -ftemplate-backtrace-limit=0 -O3 -DNDEBUG --std=c++17 -Xfatbin -compress-all -std=c++17 "--generate-code=arch=compute_90a,code=[sm_90a]" -Xcompiler=-fPIC -MD -MT CMakeFiles/natten.dir/autogen/src/cuda/fna/source_41.cu.o -MF CMakeFiles/natten.dir/autogen/src/cuda/fna/source_41.cu.o.d -x cu -c /home/runner/work/NATTEN/NATTEN/csrc/autogen/src/cuda/fna/source_41.cu -o CMakeFiles/natten.dir/autogen/src/cuda/fna/source_41.cu.o
[2026-09-03T10:06:53Z DEBUG sccache::config] Attempting to read config file at "/home/runner/.config/sccache/config"
[2026-09-03T10:06:53Z DEBUG sccache::config] Couldn't open config file: failed to open file `/home/runner/.config/sccache/config`: No such file or directory (os error 2)
[2026-09-03T10:06:53Z DEBUG sccache::commands] Server sent CompileStarted
[ 38%] Building CUDA object CMakeFiles/natten.dir/autogen/src/cuda/fna/source_42.cu.o
/tmp/sccache-wrappers/nvcc -forward-unknown-to-host-compiler -DCUTLASS_ENABLE_TENSOR_CORE_MMA=1 -DNATTEN_WITH_CUTLASS -DNATTEN_WITH_HOPPER_FNA=1 -DTORCH_API_INCLUDE_EXTENSION_H -DTORCH_EXTENSION_NAME=libnatten -DWITH_CUDA -D_GLIBCXX_USE_CXX11_ABI=1 -Dnatten_EXPORTS --options-file CMakeFiles/natten.dir/includes_CUDA.rsp -Xcompiler -Wall -ldl --expt-relaxed-constexpr -Xcompiler=-Wconversion -Xcompiler=-fno-strict-aliasing --use_fast_math --extended-lambda -ftemplate-backtrace-limit=0 -O3 -DNDEBUG --std=c++17 -Xfatbin -compress-all -std=c++17 "--generate-code=arch=compute_90a,code=[sm_90a]" -Xcompiler=-fPIC -MD -MT CMakeFiles/natten.dir/autogen/src/cuda/fna/source_42.cu.o -MF CMakeFiles/natten.dir/autogen/src/cuda/fna/source_42.cu.o.d -x cu -c /home/runner/work/NATTEN/NATTEN/csrc/autogen/src/cuda/fna/source_42.cu -o CMakeFiles/natten.dir/autogen/src/cuda/fna/source_42.cu.o
[2026-09-03T10:06:57Z DEBUG sccache::config] Attempting to read config file at "/home/runner/.config/sccache/config"
[2026-09-03T10:06:57Z DEBUG sccache::config] Couldn't open config file: failed to open file `/home/runner/.config/sccache/config`: No such file or directory (os error 2)
[2026-09-03T10:06:57Z DEBUG sccache::commands] Server sent CompileStarted
[ 38%] Building CUDA object CMakeFiles/natten.dir/autogen/src/cuda/fna/source_43.cu.o
/tmp/sccache-wrappers/nvcc -forward-unknown-to-host-compiler -DCUTLASS_ENABLE_TENSOR_CORE_MMA=1 -DNATTEN_WITH_CUTLASS -DNATTEN_WITH_HOPPER_FNA=1 -DTORCH_API_INCLUDE_EXTENSION_H -DTORCH_EXTENSION_NAME=libnatten -DWITH_CUDA -D_GLIBCXX_USE_CXX11_ABI=1 -Dnatten_EXPORTS --options-file CMakeFiles/natten.dir/includes_CUDA.rsp -Xcompiler -Wall -ldl --expt-relaxed-constexpr -Xcompiler=-Wconversion -Xcompiler=-fno-strict-aliasing --use_fast_math --extended-lambda -ftemplate-backtrace-limit=0 -O3 -DNDEBUG --std=c++17 -Xfatbin -compress-all -std=c++17 "--generate-code=arch=compute_90a,code=[sm_90a]" -Xcompiler=-fPIC -MD -MT CMakeFiles/natten.dir/autogen/src/cuda/fna/source_43.cu.o -MF CMakeFiles/natten.dir/autogen/src/cuda/fna/source_43.cu.o.d -x cu -c /home/runner/work/NATTEN/NATTEN/csrc/autogen/src/cuda/fna/source_43.cu -o CMakeFiles/natten.dir/autogen/src/cuda/fna/source_43.cu.o
[2026-09-03T10:07:00Z DEBUG sccache::config] Attempting to read config file at "/home/runner/.config/sccache/config"
[2026-09-03T10:07:00Z DEBUG sccache::config] Couldn't open config file: failed to open file `/home/runner/.config/sccache/config`: No such file or directory (os error 2)
[2026-09-03T10:07:00Z DEBUG sccache::commands] Server sent CompileStarted
[ 39%] Building CUDA object CMakeFiles/natten.dir/autogen/src/cuda/fna/source_44.cu.o
/tmp/sccache-wrappers/nvcc -forward-unknown-to-host-compiler -DCUTLASS_ENABLE_TENSOR_CORE_MMA=1 -DNATTEN_WITH_CUTLASS -DNATTEN_WITH_HOPPER_FNA=1 -DTORCH_API_INCLUDE_EXTENSION_H -DTORCH_EXTENSION_NAME=libnatten -DWITH_CUDA -D_GLIBCXX_USE_CXX11_ABI=1 -Dnatten_EXPORTS --options-file CMakeFiles/natten.dir/includes_CUDA.rsp -Xcompiler -Wall -ldl --expt-relaxed-constexpr -Xcompiler=-Wconversion -Xcompiler=-fno-strict-aliasing --use_fast_math --extended-lambda -ftemplate-backtrace-limit=0 -O3 -DNDEBUG --std=c++17 -Xfatbin -compress-all -std=c++17 "--generate-code=arch=compute_90a,code=[sm_90a]" -Xcompiler=-fPIC -MD -MT CMakeFiles/natten.dir/autogen/src/cuda/fna/source_44.cu.o -MF CMakeFiles/natten.dir/autogen/src/cuda/fna/source_44.cu.o.d -x cu -c /home/runner/work/NATTEN/NATTEN/csrc/autogen/src/cuda/fna/source_44.cu -o CMakeFiles/natten.dir/autogen/src/cuda/fna/source_44.cu.o
[2026-09-03T10:07:03Z DEBUG sccache::config] Attempting to read config file at "/home/runner/.config/sccache/config"
[2026-09-03T10:07:03Z DEBUG sccache::config] Couldn't open config file: failed to open file `/home/runner/.config/sccache/config`: No such file or directory (os error 2)
[2026-09-03T10:07:03Z DEBUG sccache::commands] Server sent CompileStarted
[ 39%] Building CUDA object CMakeFiles/natten.dir/autogen/src/cuda/fna/source_45.cu.o
/tmp/sccache-wrappers/nvcc -forward-unknown-to-host-compiler -DCUTLASS_ENABLE_TENSOR_CORE_MMA=1 -DNATTEN_WITH_CUTLASS -DNATTEN_WITH_HOPPER_FNA=1 -DTORCH_API_INCLUDE_EXTENSION_H -DTORCH_EXTENSION_NAME=libnatten -DWITH_CUDA -D_GLIBCXX_USE_CXX11_ABI=1 -Dnatten_EXPORTS --options-file CMakeFiles/natten.dir/includes_CUDA.rsp -Xcompiler -Wall -ldl --expt-relaxed-constexpr -Xcompiler=-Wconversion -Xcompiler=-fno-strict-aliasing --use_fast_math --extended-lambda -ftemplate-backtrace-limit=0 -O3 -DNDEBUG --std=c++17 -Xfatbin -compress-all -std=c++17 "--generate-code=arch=compute_90a,code=[sm_90a]" -Xcompiler=-fPIC -MD -MT CMakeFiles/natten.dir/autogen/src/cuda/fna/source_45.cu.o -MF CMakeFiles/natten.dir/autogen/src/cuda/fna/source_45.cu.o.d -x cu -c /home/runner/work/NATTEN/NATTEN/csrc/autogen/src/cuda/fna/source_45.cu -o CMakeFiles/natten.dir/autogen/src/cuda/fna/source_45.cu.o
[2026-09-03T10:07:06Z DEBUG sccache::config] Attempting to read config file at "/home/runner/.config/sccache/config"
[2026-09-03T10:07:06Z DEBUG sccache::config] Couldn't open config file: failed to open file `/home/runner/.config/sccache/config`: No such file or directory (os error 2)
[2026-09-03T10:07:06Z DEBUG sccache::commands] Server sent CompileStarted
[ 40%] Building CUDA object CMakeFiles/natten.dir/autogen/src/cuda/fna/source_46.cu.o
/tmp/sccache-wrappers/nvcc -forward-unknown-to-host-compiler -DCUTLASS_ENABLE_TENSOR_CORE_MMA=1 -DNATTEN_WITH_CUTLASS -DNATTEN_WITH_HOPPER_FNA=1 -DTORCH_API_INCLUDE_EXTENSION_H -DTORCH_EXTENSION_NAME=libnatten -DWITH_CUDA -D_GLIBCXX_USE_CXX11_ABI=1 -Dnatten_EXPORTS --options-file CMakeFiles/natten.dir/includes_CUDA.rsp -Xcompiler -Wall -ldl --expt-relaxed-constexpr -Xcompiler=-Wconversion -Xcompiler=-fno-strict-aliasing --use_fast_math --extended-lambda -ftemplate-backtrace-limit=0 -O3 -DNDEBUG --std=c++17 -Xfatbin -compress-all -std=c++17 "--generate-code=arch=compute_90a,code=[sm_90a]" -Xcompiler=-fPIC -MD -MT CMakeFiles/natten.dir/autogen/src/cuda/fna/source_46.cu.o -MF CMakeFiles/natten.dir/autogen/src/cuda/fna/source_46.cu.o.d -x cu -c /home/runner/work/NATTEN/NATTEN/csrc/autogen/src/cuda/fna/source_46.cu -o CMakeFiles/natten.dir/autogen/src/cuda/fna/source_46.cu.o
[2026-09-03T10:07:09Z DEBUG sccache::config] Attempting to read config file at "/home/runner/.config/sccache/config"
[2026-09-03T10:07:09Z DEBUG sccache::config] Couldn't open config file: failed to open file `/home/runner/.config/sccache/config`: No such file or directory (os error 2)
[2026-09-03T10:07:09Z DEBUG sccache::commands] Server sent CompileStarted
[ 40%] Building CUDA object CMakeFiles/natten.dir/autogen/src/cuda/fna/source_47.cu.o
/tmp/sccache-wrappers/nvcc -forward-unknown-to-host-compiler -DCUTLASS_ENABLE_TENSOR_CORE_MMA=1 -DNATTEN_WITH_CUTLASS -DNATTEN_WITH_HOPPER_FNA=1 -DTORCH_API_INCLUDE_EXTENSION_H -DTORCH_EXTENSION_NAME=libnatten -DWITH_CUDA -D_GLIBCXX_USE_CXX11_ABI=1 -Dnatten_EXPORTS --options-file CMakeFiles/natten.dir/includes_CUDA.rsp -Xcompiler -Wall -ldl --expt-relaxed-constexpr -Xcompiler=-Wconversion -Xcompiler=-fno-strict-aliasing --use_fast_math --extended-lambda -ftemplate-backtrace-limit=0 -O3 -DNDEBUG --std=c++17 -Xfatbin -compress-all -std=c++17 "--generate-code=arch=compute_90a,code=[sm_90a]" -Xcompiler=-fPIC -MD -MT CMakeFiles/natten.dir/autogen/src/cuda/fna/source_47.cu.o -MF CMakeFiles/natten.dir/autogen/src/cuda/fna/source_47.cu.o.d -x cu -c /home/runner/work/NATTEN/NATTEN/csrc/autogen/src/cuda/fna/source_47.cu -o CMakeFiles/natten.dir/autogen/src/cuda/fna/source_47.cu.o
[2026-09-03T10:07:12Z DEBUG sccache::config] Attempting to read config file at "/home/runner/.config/sccache/config"
[2026-09-03T10:07:12Z DEBUG sccache::config] Couldn't open config file: failed to open file `/home/runner/.config/sccache/config`: No such file or directory (os error 2)
[2026-09-03T10:07:12Z DEBUG sccache::commands] Server sent CompileStarted
[ 41%] Building CUDA object CMakeFiles/natten.dir/autogen/src/cuda/fna/source_48.cu.o
/tmp/sccache-wrappers/nvcc -forward-unknown-to-host-compiler -DCUTLASS_ENABLE_TENSOR_CORE_MMA=1 -DNATTEN_WITH_CUTLASS -DNATTEN_WITH_HOPPER_FNA=1 -DTORCH_API_INCLUDE_EXTENSION_H -DTORCH_EXTENSION_NAME=libnatten -DWITH_CUDA -D_GLIBCXX_USE_CXX11_ABI=1 -Dnatten_EXPORTS --options-file CMakeFiles/natten.dir/includes_CUDA.rsp -Xcompiler -Wall -ldl --expt-relaxed-constexpr -Xcompiler=-Wconversion -Xcompiler=-fno-strict-aliasing --use_fast_math --extended-lambda -ftemplate-backtrace-limit=0 -O3 -DNDEBUG --std=c++17 -Xfatbin -compress-all -std=c++17 "--generate-code=arch=compute_90a,code=[sm_90a]" -Xcompiler=-fPIC -MD -MT CMakeFiles/natten.dir/autogen/src/cuda/fna/source_48.cu.o -MF CMakeFiles/natten.dir/autogen/src/cuda/fna/source_48.cu.o.d -x cu -c /home/runner/work/NATTEN/NATTEN/csrc/autogen/src/cuda/fna/source_48.cu -o CMakeFiles/natten.dir/autogen/src/cuda/fna/source_48.cu.o
[2026-09-03T10:07:15Z DEBUG sccache::config] Attempting to read config file at "/home/runner/.config/sccache/config"
[2026-09-03T10:07:15Z DEBUG sccache::config] Couldn't open config file: failed to open file `/home/runner/.config/sccache/config`: No such file or directory (os error 2)
[2026-09-03T10:07:15Z DEBUG sccache::commands] Server sent CompileStarted
[ 41%] Building CUDA object CMakeFiles/natten.dir/autogen/src/cuda/fna/source_49.cu.o
/tmp/sccache-wrappers/nvcc -forward-unknown-to-host-compiler -DCUTLASS_ENABLE_TENSOR_CORE_MMA=1 -DNATTEN_WITH_CUTLASS -DNATTEN_WITH_HOPPER_FNA=1 -DTORCH_API_INCLUDE_EXTENSION_H -DTORCH_EXTENSION_NAME=libnatten -DWITH_CUDA -D_GLIBCXX_USE_CXX11_ABI=1 -Dnatten_EXPORTS --options-file CMakeFiles/natten.dir/includes_CUDA.rsp -Xcompiler -Wall -ldl --expt-relaxed-constexpr -Xcompiler=-Wconversion -Xcompiler=-fno-strict-aliasing --use_fast_math --extended-lambda -ftemplate-backtrace-limit=0 -O3 -DNDEBUG --std=c++17 -Xfatbin -compress-all -std=c++17 "--generate-code=arch=compute_90a,code=[sm_90a]" -Xcompiler=-fPIC -MD -MT CMakeFiles/natten.dir/autogen/src/cuda/fna/source_49.cu.o -MF CMakeFiles/natten.dir/autogen/src/cuda/fna/source_49.cu.o.d -x cu -c /home/runner/work/NATTEN/NATTEN/csrc/autogen/src/cuda/fna/source_49.cu -o CMakeFiles/natten.dir/autogen/src/cuda/fna/source_49.cu.o
[2026-09-03T10:07:18Z DEBUG sccache::config] Attempting to read config file at "/home/runner/.config/sccache/config"
[2026-09-03T10:07:18Z DEBUG sccache::config] Couldn't open config file: failed to open file `/home/runner/.config/sccache/config`: No such file or directory (os error 2)
[2026-09-03T10:07:18Z DEBUG sccache::commands] Server sent CompileStarted
[ 42%] Building CUDA object CMakeFiles/natten.dir/autogen/src/cuda/fna/source_5.cu.o
/tmp/sccache-wrappers/nvcc -forward-unknown-to-host-compiler -DCUTLASS_ENABLE_TENSOR_CORE_MMA=1 -DNATTEN_WITH_CUTLASS -DNATTEN_WITH_HOPPER_FNA=1 -DTORCH_API_INCLUDE_EXTENSION_H -DTORCH_EXTENSION_NAME=libnatten -DWITH_CUDA -D_GLIBCXX_USE_CXX11_ABI=1 -Dnatten_EXPORTS --options-file CMakeFiles/natten.dir/includes_CUDA.rsp -Xcompiler -Wall -ldl --expt-relaxed-constexpr -Xcompiler=-Wconversion -Xcompiler=-fno-strict-aliasing --use_fast_math --extended-lambda -ftemplate-backtrace-limit=0 -O3 -DNDEBUG --std=c++17 -Xfatbin -compress-all -std=c++17 "--generate-code=arch=compute_90a,code=[sm_90a]" -Xcompiler=-fPIC -MD -MT CMakeFiles/natten.dir/autogen/src/cuda/fna/source_5.cu.o -MF CMakeFiles/natten.dir/autogen/src/cuda/fna/source_5.cu.o.d -x cu -c /home/runner/work/NATTEN/NATTEN/csrc/autogen/src/cuda/fna/source_5.cu -o CMakeFiles/natten.dir/autogen/src/cuda/fna/source_5.cu.o
[2026-09-03T10:07:21Z DEBUG sccache::config] Attempting to read config file at "/home/runner/.config/sccache/config"
[2026-09-03T10:07:21Z DEBUG sccache::config] Couldn't open config file: failed to open file `/home/runner/.config/sccache/config`: No such file or directory (os error 2)
[2026-09-03T10:07:21Z DEBUG sccache::commands] Server sent CompileStarted
[ 42%] Building CUDA object CMakeFiles/natten.dir/autogen/src/cuda/fna/source_50.cu.o
/tmp/sccache-wrappers/nvcc -forward-unknown-to-host-compiler -DCUTLASS_ENABLE_TENSOR_CORE_MMA=1 -DNATTEN_WITH_CUTLASS -DNATTEN_WITH_HOPPER_FNA=1 -DTORCH_API_INCLUDE_EXTENSION_H -DTORCH_EXTENSION_NAME=libnatten -DWITH_CUDA -D_GLIBCXX_USE_CXX11_ABI=1 -Dnatten_EXPORTS --options-file CMakeFiles/natten.dir/includes_CUDA.rsp -Xcompiler -Wall -ldl --expt-relaxed-constexpr -Xcompiler=-Wconversion -Xcompiler=-fno-strict-aliasing --use_fast_math --extended-lambda -ftemplate-backtrace-limit=0 -O3 -DNDEBUG --std=c++17 -Xfatbin -compress-all -std=c++17 "--generate-code=arch=compute_90a,code=[sm_90a]" -Xcompiler=-fPIC -MD -MT CMakeFiles/natten.dir/autogen/src/cuda/fna/source_50.cu.o -MF CMakeFiles/natten.dir/autogen/src/cuda/fna/source_50.cu.o.d -x cu -c /home/runner/work/NATTEN/NATTEN/csrc/autogen/src/cuda/fna/source_50.cu -o CMakeFiles/natten.dir/autogen/src/cuda/fna/source_50.cu.o
[2026-09-03T10:07:25Z DEBUG sccache::config] Attempting to read config file at "/home/runner/.config/sccache/config"
[2026-09-03T10:07:25Z DEBUG sccache::config] Couldn't open config file: failed to open file `/home/runner/.config/sccache/config`: No such file or directory (os error 2)
[2026-09-03T10:07:25Z DEBUG sccache::commands] Server sent CompileStarted
[ 43%] Building CUDA object CMakeFiles/natten.dir/autogen/src/cuda/fna/source_51.cu.o
/tmp/sccache-wrappers/nvcc -forward-unknown-to-host-compiler -DCUTLASS_ENABLE_TENSOR_CORE_MMA=1 -DNATTEN_WITH_CUTLASS -DNATTEN_WITH_HOPPER_FNA=1 -DTORCH_API_INCLUDE_EXTENSION_H -DTORCH_EXTENSION_NAME=libnatten -DWITH_CUDA -D_GLIBCXX_USE_CXX11_ABI=1 -Dnatten_EXPORTS --options-file CMakeFiles/natten.dir/includes_CUDA.rsp -Xcompiler -Wall -ldl --expt-relaxed-constexpr -Xcompiler=-Wconversion -Xcompiler=-fno-strict-aliasing --use_fast_math --extended-lambda -ftemplate-backtrace-limit=0 -O3 -DNDEBUG --std=c++17 -Xfatbin -compress-all -std=c++17 "--generate-code=arch=compute_90a,code=[sm_90a]" -Xcompiler=-fPIC -MD -MT CMakeFiles/natten.dir/autogen/src/cuda/fna/source_51.cu.o -MF CMakeFiles/natten.dir/autogen/src/cuda/fna/source_51.cu.o.d -x cu -c /home/runner/work/NATTEN/NATTEN/csrc/autogen/src/cuda/fna/source_51.cu -o CMakeFiles/natten.dir/autogen/src/cuda/fna/source_51.cu.o
[2026-09-03T10:07:28Z DEBUG sccache::config] Attempting to read config file at "/home/runner/.config/sccache/config"
[2026-09-03T10:07:28Z DEBUG sccache::config] Couldn't open config file: failed to open file `/home/runner/.config/sccache/config`: No such file or directory (os error 2)
[2026-09-03T10:07:28Z DEBUG sccache::commands] Server sent CompileStarted
[ 43%] Building CUDA object CMakeFiles/natten.dir/autogen/src/cuda/fna/source_52.cu.o
/tmp/sccache-wrappers/nvcc -forward-unknown-to-host-compiler -DCUTLASS_ENABLE_TENSOR_CORE_MMA=1 -DNATTEN_WITH_CUTLASS -DNATTEN_WITH_HOPPER_FNA=1 -DTORCH_API_INCLUDE_EXTENSION_H -DTORCH_EXTENSION_NAME=libnatten -DWITH_CUDA -D_GLIBCXX_USE_CXX11_ABI=1 -Dnatten_EXPORTS --options-file CMakeFiles/natten.dir/includes_CUDA.rsp -Xcompiler -Wall -ldl --expt-relaxed-constexpr -Xcompiler=-Wconversion -Xcompiler=-fno-strict-aliasing --use_fast_math --extended-lambda -ftemplate-backtrace-limit=0 -O3 -DNDEBUG --std=c++17 -Xfatbin -compress-all -std=c++17 "--generate-code=arch=compute_90a,code=[sm_90a]" -Xcompiler=-fPIC -MD -MT CMakeFiles/natten.dir/autogen/src/cuda/fna/source_52.cu.o -MF CMakeFiles/natten.dir/autogen/src/cuda/fna/source_52.cu.o.d -x cu -c /home/runner/work/NATTEN/NATTEN/csrc/autogen/src/cuda/fna/source_52.cu -o CMakeFiles/natten.dir/autogen/src/cuda/fna/source_52.cu.o
[2026-09-03T10:07:31Z DEBUG sccache::config] Attempting to read config file at "/home/runner/.config/sccache/config"
[2026-09-03T10:07:31Z DEBUG sccache::config] Couldn't open config file: failed to open file `/home/runner/.config/sccache/config`: No such file or directory (os error 2)
[2026-09-03T10:07:31Z DEBUG sccache::commands] Server sent CompileStarted
[ 44%] Building CUDA object CMakeFiles/natten.dir/autogen/src/cuda/fna/source_53.cu.o
/tmp/sccache-wrappers/nvcc -forward-unknown-to-host-compiler -DCUTLASS_ENABLE_TENSOR_CORE_MMA=1 -DNATTEN_WITH_CUTLASS -DNATTEN_WITH_HOPPER_FNA=1 -DTORCH_API_INCLUDE_EXTENSION_H -DTORCH_EXTENSION_NAME=libnatten -DWITH_CUDA -D_GLIBCXX_USE_CXX11_ABI=1 -Dnatten_EXPORTS --options-file CMakeFiles/natten.dir/includes_CUDA.rsp -Xcompiler -Wall -ldl --expt-relaxed-constexpr -Xcompiler=-Wconversion -Xcompiler=-fno-strict-aliasing --use_fast_math --extended-lambda -ftemplate-backtrace-limit=0 -O3 -DNDEBUG --std=c++17 -Xfatbin -compress-all -std=c++17 "--generate-code=arch=compute_90a,code=[sm_90a]" -Xcompiler=-fPIC -MD -MT CMakeFiles/natten.dir/autogen/src/cuda/fna/source_53.cu.o -MF CMakeFiles/natten.dir/autogen/src/cuda/fna/source_53.cu.o.d -x cu -c /home/runner/work/NATTEN/NATTEN/csrc/autogen/src/cuda/fna/source_53.cu -o CMakeFiles/natten.dir/autogen/src/cuda/fna/source_53.cu.o
[2026-09-03T10:07:34Z DEBUG sccache::config] Attempting to read config file at "/home/runner/.config/sccache/config"
[2026-09-03T10:07:34Z DEBUG sccache::config] Couldn't open config file: failed to open file `/home/runner/.config/sccache/config`: No such file or directory (os error 2)
[2026-09-03T10:07:34Z DEBUG sccache::commands] Server sent CompileStarted
[ 44%] Building CUDA object CMakeFiles/natten.dir/autogen/src/cuda/fna/source_54.cu.o
/tmp/sccache-wrappers/nvcc -forward-unknown-to-host-compiler -DCUTLASS_ENABLE_TENSOR_CORE_MMA=1 -DNATTEN_WITH_CUTLASS -DNATTEN_WITH_HOPPER_FNA=1 -DTORCH_API_INCLUDE_EXTENSION_H -DTORCH_EXTENSION_NAME=libnatten -DWITH_CUDA -D_GLIBCXX_USE_CXX11_ABI=1 -Dnatten_EXPORTS --options-file CMakeFiles/natten.dir/includes_CUDA.rsp -Xcompiler -Wall -ldl --expt-relaxed-constexpr -Xcompiler=-Wconversion -Xcompiler=-fno-strict-aliasing --use_fast_math --extended-lambda -ftemplate-backtrace-limit=0 -O3 -DNDEBUG --std=c++17 -Xfatbin -compress-all -std=c++17 "--generate-code=arch=compute_90a,code=[sm_90a]" -Xcompiler=-fPIC -MD -MT CMakeFiles/natten.dir/autogen/src/cuda/fna/source_54.cu.o -MF CMakeFiles/natten.dir/autogen/src/cuda/fna/source_54.cu.o.d -x cu -c /home/runner/work/NATTEN/NATTEN/csrc/autogen/src/cuda/fna/source_54.cu -o CMakeFiles/natten.dir/autogen/src/cuda/fna/source_54.cu.o
[2026-09-03T10:07:38Z DEBUG sccache::config] Attempting to read config file at "/home/runner/.config/sccache/config"
[2026-09-03T10:07:38Z DEBUG sccache::config] Couldn't open config file: failed to open file `/home/runner/.config/sccache/config`: No such file or directory (os error 2)
[2026-09-03T10:07:38Z DEBUG sccache::commands] Server sent CompileStarted
[ 45%] Building CUDA object CMakeFiles/natten.dir/autogen/src/cuda/fna/source_55.cu.o
/tmp/sccache-wrappers/nvcc -forward-unknown-to-host-compiler -DCUTLASS_ENABLE_TENSOR_CORE_MMA=1 -DNATTEN_WITH_CUTLASS -DNATTEN_WITH_HOPPER_FNA=1 -DTORCH_API_INCLUDE_EXTENSION_H -DTORCH_EXTENSION_NAME=libnatten -DWITH_CUDA -D_GLIBCXX_USE_CXX11_ABI=1 -Dnatten_EXPORTS --options-file CMakeFiles/natten.dir/includes_CUDA.rsp -Xcompiler -Wall -ldl --expt-relaxed-constexpr -Xcompiler=-Wconversion -Xcompiler=-fno-strict-aliasing --use_fast_math --extended-lambda -ftemplate-backtrace-limit=0 -O3 -DNDEBUG --std=c++17 -Xfatbin -compress-all -std=c++17 "--generate-code=arch=compute_90a,code=[sm_90a]" -Xcompiler=-fPIC -MD -MT CMakeFiles/natten.dir/autogen/src/cuda/fna/source_55.cu.o -MF CMakeFiles/natten.dir/autogen/src/cuda/fna/source_55.cu.o.d -x cu -c /home/runner/work/NATTEN/NATTEN/csrc/autogen/src/cuda/fna/source_55.cu -o CMakeFiles/natten.dir/autogen/src/cuda/fna/source_55.cu.o
[2026-09-03T10:07:41Z DEBUG sccache::config] Attempting to read config file at "/home/runner/.config/sccache/config"
[2026-09-03T10:07:41Z DEBUG sccache::config] Couldn't open config file: failed to open file `/home/runner/.config/sccache/config`: No such file or directory (os error 2)
[2026-09-03T10:07:41Z DEBUG sccache::commands] Server sent CompileStarted
[ 45%] Building CUDA object CMakeFiles/natten.dir/autogen/src/cuda/fna/source_56.cu.o
/tmp/sccache-wrappers/nvcc -forward-unknown-to-host-compiler -DCUTLASS_ENABLE_TENSOR_CORE_MMA=1 -DNATTEN_WITH_CUTLASS -DNATTEN_WITH_HOPPER_FNA=1 -DTORCH_API_INCLUDE_EXTENSION_H -DTORCH_EXTENSION_NAME=libnatten -DWITH_CUDA -D_GLIBCXX_USE_CXX11_ABI=1 -Dnatten_EXPORTS --options-file CMakeFiles/natten.dir/includes_CUDA.rsp -Xcompiler -Wall -ldl --expt-relaxed-constexpr -Xcompiler=-Wconversion -Xcompiler=-fno-strict-aliasing --use_fast_math --extended-lambda -ftemplate-backtrace-limit=0 -O3 -DNDEBUG --std=c++17 -Xfatbin -compress-all -std=c++17 "--generate-code=arch=compute_90a,code=[sm_90a]" -Xcompiler=-fPIC -MD -MT CMakeFiles/natten.dir/autogen/src/cuda/fna/source_56.cu.o -MF CMakeFiles/natten.dir/autogen/src/cuda/fna/source_56.cu.o.d -x cu -c /home/runner/work/NATTEN/NATTEN/csrc/autogen/src/cuda/fna/source_56.cu -o CMakeFiles/natten.dir/autogen/src/cuda/fna/source_56.cu.o
[2026-09-03T10:07:44Z DEBUG sccache::config] Attempting to read config file at "/home/runner/.config/sccache/config"
[2026-09-03T10:07:44Z DEBUG sccache::config] Couldn't open config file: failed to open file `/home/runner/.config/sccache/config`: No such file or directory (os error 2)
[2026-09-03T10:07:44Z DEBUG sccache::commands] Server sent CompileStarted
[ 46%] Building CUDA object CMakeFiles/natten.dir/autogen/src/cuda/fna/source_57.cu.o
/tmp/sccache-wrappers/nvcc -forward-unknown-to-host-compiler -DCUTLASS_ENABLE_TENSOR_CORE_MMA=1 -DNATTEN_WITH_CUTLASS -DNATTEN_WITH_HOPPER_FNA=1 -DTORCH_API_INCLUDE_EXTENSION_H -DTORCH_EXTENSION_NAME=libnatten -DWITH_CUDA -D_GLIBCXX_USE_CXX11_ABI=1 -Dnatten_EXPORTS --options-file CMakeFiles/natten.dir/includes_CUDA.rsp -Xcompiler -Wall -ldl --expt-relaxed-constexpr -Xcompiler=-Wconversion -Xcompiler=-fno-strict-aliasing --use_fast_math --extended-lambda -ftemplate-backtrace-limit=0 -O3 -DNDEBUG --std=c++17 -Xfatbin -compress-all -std=c++17 "--generate-code=arch=compute_90a,code=[sm_90a]" -Xcompiler=-fPIC -MD -MT CMakeFiles/natten.dir/autogen/src/cuda/fna/source_57.cu.o -MF CMakeFiles/natten.dir/autogen/src/cuda/fna/source_57.cu.o.d -x cu -c /home/runner/work/NATTEN/NATTEN/csrc/autogen/src/cuda/fna/source_57.cu -o CMakeFiles/natten.dir/autogen/src/cuda/fna/source_57.cu.o
[2026-09-03T10:07:48Z DEBUG sccache::config] Attempting to read config file at "/home/runner/.config/sccache/config"
[2026-09-03T10:07:48Z DEBUG sccache::config] Couldn't open config file: failed to open file `/home/runner/.config/sccache/config`: No such file or directory (os error 2)
[2026-09-03T10:07:48Z DEBUG sccache::commands] Server sent CompileStarted
[ 46%] Building CUDA object CMakeFiles/natten.dir/autogen/src/cuda/fna/source_58.cu.o
/tmp/sccache-wrappers/nvcc -forward-unknown-to-host-compiler -DCUTLASS_ENABLE_TENSOR_CORE_MMA=1 -DNATTEN_WITH_CUTLASS -DNATTEN_WITH_HOPPER_FNA=1 -DTORCH_API_INCLUDE_EXTENSION_H -DTORCH_EXTENSION_NAME=libnatten -DWITH_CUDA -D_GLIBCXX_USE_CXX11_ABI=1 -Dnatten_EXPORTS --options-file CMakeFiles/natten.dir/includes_CUDA.rsp -Xcompiler -Wall -ldl --expt-relaxed-constexpr -Xcompiler=-Wconversion -Xcompiler=-fno-strict-aliasing --use_fast_math --extended-lambda -ftemplate-backtrace-limit=0 -O3 -DNDEBUG --std=c++17 -Xfatbin -compress-all -std=c++17 "--generate-code=arch=compute_90a,code=[sm_90a]" -Xcompiler=-fPIC -MD -MT CMakeFiles/natten.dir/autogen/src/cuda/fna/source_58.cu.o -MF CMakeFiles/natten.dir/autogen/src/cuda/fna/source_58.cu.o.d -x cu -c /home/runner/work/NATTEN/NATTEN/csrc/autogen/src/cuda/fna/source_58.cu -o CMakeFiles/natten.dir/autogen/src/cuda/fna/source_58.cu.o
[2026-09-03T10:07:51Z DEBUG sccache::config] Attempting to read config file at "/home/runner/.config/sccache/config"
[2026-09-03T10:07:51Z DEBUG sccache::config] Couldn't open config file: failed to open file `/home/runner/.config/sccache/config`: No such file or directory (os error 2)
[2026-09-03T10:07:51Z DEBUG sccache::commands] Server sent CompileStarted
[ 47%] Building CUDA object CMakeFiles/natten.dir/autogen/src/cuda/fna/source_59.cu.o
/tmp/sccache-wrappers/nvcc -forward-unknown-to-host-compiler -DCUTLASS_ENABLE_TENSOR_CORE_MMA=1 -DNATTEN_WITH_CUTLASS -DNATTEN_WITH_HOPPER_FNA=1 -DTORCH_API_INCLUDE_EXTENSION_H -DTORCH_EXTENSION_NAME=libnatten -DWITH_CUDA -D_GLIBCXX_USE_CXX11_ABI=1 -Dnatten_EXPORTS --options-file CMakeFiles/natten.dir/includes_CUDA.rsp -Xcompiler -Wall -ldl --expt-relaxed-constexpr -Xcompiler=-Wconversion -Xcompiler=-fno-strict-aliasing --use_fast_math --extended-lambda -ftemplate-backtrace-limit=0 -O3 -DNDEBUG --std=c++17 -Xfatbin -compress-all -std=c++17 "--generate-code=arch=compute_90a,code=[sm_90a]" -Xcompiler=-fPIC -MD -MT CMakeFiles/natten.dir/autogen/src/cuda/fna/source_59.cu.o -MF CMakeFiles/natten.dir/autogen/src/cuda/fna/source_59.cu.o.d -x cu -c /home/runner/work/NATTEN/NATTEN/csrc/autogen/src/cuda/fna/source_59.cu -o CMakeFiles/natten.dir/autogen/src/cuda/fna/source_59.cu.o
[2026-09-03T10:07:54Z DEBUG sccache::config] Attempting to read config file at "/home/runner/.config/sccache/config"
[2026-09-03T10:07:54Z DEBUG sccache::config] Couldn't open config file: failed to open file `/home/runner/.config/sccache/config`: No such file or directory (os error 2)
[2026-09-03T10:07:54Z DEBUG sccache::commands] Server sent CompileStarted
[ 47%] Building CUDA object CMakeFiles/natten.dir/autogen/src/cuda/fna/source_6.cu.o
/tmp/sccache-wrappers/nvcc -forward-unknown-to-host-compiler -DCUTLASS_ENABLE_TENSOR_CORE_MMA=1 -DNATTEN_WITH_CUTLASS -DNATTEN_WITH_HOPPER_FNA=1 -DTORCH_API_INCLUDE_EXTENSION_H -DTORCH_EXTENSION_NAME=libnatten -DWITH_CUDA -D_GLIBCXX_USE_CXX11_ABI=1 -Dnatten_EXPORTS --options-file CMakeFiles/natten.dir/includes_CUDA.rsp -Xcompiler -Wall -ldl --expt-relaxed-constexpr -Xcompiler=-Wconversion -Xcompiler=-fno-strict-aliasing --use_fast_math --extended-lambda -ftemplate-backtrace-limit=0 -O3 -DNDEBUG --std=c++17 -Xfatbin -compress-all -std=c++17 "--generate-code=arch=compute_90a,code=[sm_90a]" -Xcompiler=-fPIC -MD -MT CMakeFiles/natten.dir/autogen/src/cuda/fna/source_6.cu.o -MF CMakeFiles/natten.dir/autogen/src/cuda/fna/source_6.cu.o.d -x cu -c /home/runner/work/NATTEN/NATTEN/csrc/autogen/src/cuda/fna/source_6.cu -o CMakeFiles/natten.dir/autogen/src/cuda/fna/source_6.cu.o
[2026-09-03T10:07:58Z DEBUG sccache::config] Attempting to read config file at "/home/runner/.config/sccache/config"
[2026-09-03T10:07:58Z DEBUG sccache::config] Couldn't open config file: failed to open file `/home/runner/.config/sccache/config`: No such file or directory (os error 2)
[2026-09-03T10:07:58Z DEBUG sccache::commands] Server sent CompileStarted
[ 48%] Building CUDA object CMakeFiles/natten.dir/autogen/src/cuda/fna/source_60.cu.o
/tmp/sccache-wrappers/nvcc -forward-unknown-to-host-compiler -DCUTLASS_ENABLE_TENSOR_CORE_MMA=1 -DNATTEN_WITH_CUTLASS -DNATTEN_WITH_HOPPER_FNA=1 -DTORCH_API_INCLUDE_EXTENSION_H -DTORCH_EXTENSION_NAME=libnatten -DWITH_CUDA -D_GLIBCXX_USE_CXX11_ABI=1 -Dnatten_EXPORTS --options-file CMakeFiles/natten.dir/includes_CUDA.rsp -Xcompiler -Wall -ldl --expt-relaxed-constexpr -Xcompiler=-Wconversion -Xcompiler=-fno-strict-aliasing --use_fast_math --extended-lambda -ftemplate-backtrace-limit=0 -O3 -DNDEBUG --std=c++17 -Xfatbin -compress-all -std=c++17 "--generate-code=arch=compute_90a,code=[sm_90a]" -Xcompiler=-fPIC -MD -MT CMakeFiles/natten.dir/autogen/src/cuda/fna/source_60.cu.o -MF CMakeFiles/natten.dir/autogen/src/cuda/fna/source_60.cu.o.d -x cu -c /home/runner/work/NATTEN/NATTEN/csrc/autogen/src/cuda/fna/source_60.cu -o CMakeFiles/natten.dir/autogen/src/cuda/fna/source_60.cu.o
[2026-09-03T10:08:01Z DEBUG sccache::config] Attempting to read config file at "/home/runner/.config/sccache/config"
[2026-09-03T10:08:01Z DEBUG sccache::config] Couldn't open config file: failed to open file `/home/runner/.config/sccache/config`: No such file or directory (os error 2)
[2026-09-03T10:08:01Z DEBUG sccache::commands] Server sent CompileStarted
[ 48%] Building CUDA object CMakeFiles/natten.dir/autogen/src/cuda/fna/source_61.cu.o
/tmp/sccache-wrappers/nvcc -forward-unknown-to-host-compiler -DCUTLASS_ENABLE_TENSOR_CORE_MMA=1 -DNATTEN_WITH_CUTLASS -DNATTEN_WITH_HOPPER_FNA=1 -DTORCH_API_INCLUDE_EXTENSION_H -DTORCH_EXTENSION_NAME=libnatten -DWITH_CUDA -D_GLIBCXX_USE_CXX11_ABI=1 -Dnatten_EXPORTS --options-file CMakeFiles/natten.dir/includes_CUDA.rsp -Xcompiler -Wall -ldl --expt-relaxed-constexpr -Xcompiler=-Wconversion -Xcompiler=-fno-strict-aliasing --use_fast_math --extended-lambda -ftemplate-backtrace-limit=0 -O3 -DNDEBUG --std=c++17 -Xfatbin -compress-all -std=c++17 "--generate-code=arch=compute_90a,code=[sm_90a]" -Xcompiler=-fPIC -MD -MT CMakeFiles/natten.dir/autogen/src/cuda/fna/source_61.cu.o -MF CMakeFiles/natten.dir/autogen/src/cuda/fna/source_61.cu.o.d -x cu -c /home/runner/work/NATTEN/NATTEN/csrc/autogen/src/cuda/fna/source_61.cu -o CMakeFiles/natten.dir/autogen/src/cuda/fna/source_61.cu.o
[2026-09-03T10:08:04Z DEBUG sccache::config] Attempting to read config file at "/home/runner/.config/sccache/config"
[2026-09-03T10:08:04Z DEBUG sccache::config] Couldn't open config file: failed to open file `/home/runner/.config/sccache/config`: No such file or directory (os error 2)
[2026-09-03T10:08:04Z DEBUG sccache::commands] Server sent CompileStarted
[ 49%] Building CUDA object CMakeFiles/natten.dir/autogen/src/cuda/fna/source_62.cu.o
/tmp/sccache-wrappers/nvcc -forward-unknown-to-host-compiler -DCUTLASS_ENABLE_TENSOR_CORE_MMA=1 -DNATTEN_WITH_CUTLASS -DNATTEN_WITH_HOPPER_FNA=1 -DTORCH_API_INCLUDE_EXTENSION_H -DTORCH_EXTENSION_NAME=libnatten -DWITH_CUDA -D_GLIBCXX_USE_CXX11_ABI=1 -Dnatten_EXPORTS --options-file CMakeFiles/natten.dir/includes_CUDA.rsp -Xcompiler -Wall -ldl --expt-relaxed-constexpr -Xcompiler=-Wconversion -Xcompiler=-fno-strict-aliasing --use_fast_math --extended-lambda -ftemplate-backtrace-limit=0 -O3 -DNDEBUG --std=c++17 -Xfatbin -compress-all -std=c++17 "--generate-code=arch=compute_90a,code=[sm_90a]" -Xcompiler=-fPIC -MD -MT CMakeFiles/natten.dir/autogen/src/cuda/fna/source_62.cu.o -MF CMakeFiles/natten.dir/autogen/src/cuda/fna/source_62.cu.o.d -x cu -c /home/runner/work/NATTEN/NATTEN/csrc/autogen/src/cuda/fna/source_62.cu -o CMakeFiles/natten.dir/autogen/src/cuda/fna/source_62.cu.o
[2026-09-03T10:08:08Z DEBUG sccache::config] Attempting to read config file at "/home/runner/.config/sccache/config"
[2026-09-03T10:08:08Z DEBUG sccache::config] Couldn't open config file: failed to open file `/home/runner/.config/sccache/config`: No such file or directory (os error 2)
[2026-09-03T10:08:08Z DEBUG sccache::commands] Server sent CompileStarted
[ 49%] Building CUDA object CMakeFiles/natten.dir/autogen/src/cuda/fna/source_63.cu.o
/tmp/sccache-wrappers/nvcc -forward-unknown-to-host-compiler -DCUTLASS_ENABLE_TENSOR_CORE_MMA=1 -DNATTEN_WITH_CUTLASS -DNATTEN_WITH_HOPPER_FNA=1 -DTORCH_API_INCLUDE_EXTENSION_H -DTORCH_EXTENSION_NAME=libnatten -DWITH_CUDA -D_GLIBCXX_USE_CXX11_ABI=1 -Dnatten_EXPORTS --options-file CMakeFiles/natten.dir/includes_CUDA.rsp -Xcompiler -Wall -ldl --expt-relaxed-constexpr -Xcompiler=-Wconversion -Xcompiler=-fno-strict-aliasing --use_fast_math --extended-lambda -ftemplate-backtrace-limit=0 -O3 -DNDEBUG --std=c++17 -Xfatbin -compress-all -std=c++17 "--generate-code=arch=compute_90a,code=[sm_90a]" -Xcompiler=-fPIC -MD -MT CMakeFiles/natten.dir/autogen/src/cuda/fna/source_63.cu.o -MF CMakeFiles/natten.dir/autogen/src/cuda/fna/source_63.cu.o.d -x cu -c /home/runner/work/NATTEN/NATTEN/csrc/autogen/src/cuda/fna/source_63.cu -o CMakeFiles/natten.dir/autogen/src/cuda/fna/source_63.cu.o
[2026-09-03T10:08:11Z DEBUG sccache::config] Attempting to read config file at "/home/runner/.config/sccache/config"
[2026-09-03T10:08:11Z DEBUG sccache::config] Couldn't open config file: failed to open file `/home/runner/.config/sccache/config`: No such file or directory (os error 2)
[2026-09-03T10:08:11Z DEBUG sccache::commands] Server sent CompileStarted
[ 50%] Building CUDA object CMakeFiles/natten.dir/autogen/src/cuda/fna/source_64.cu.o
/tmp/sccache-wrappers/nvcc -forward-unknown-to-host-compiler -DCUTLASS_ENABLE_TENSOR_CORE_MMA=1 -DNATTEN_WITH_CUTLASS -DNATTEN_WITH_HOPPER_FNA=1 -DTORCH_API_INCLUDE_EXTENSION_H -DTORCH_EXTENSION_NAME=libnatten -DWITH_CUDA -D_GLIBCXX_USE_CXX11_ABI=1 -Dnatten_EXPORTS --options-file CMakeFiles/natten.dir/includes_CUDA.rsp -Xcompiler -Wall -ldl --expt-relaxed-constexpr -Xcompiler=-Wconversion -Xcompiler=-fno-strict-aliasing --use_fast_math --extended-lambda -ftemplate-backtrace-limit=0 -O3 -DNDEBUG --std=c++17 -Xfatbin -compress-all -std=c++17 "--generate-code=arch=compute_90a,code=[sm_90a]" -Xcompiler=-fPIC -MD -MT CMakeFiles/natten.dir/autogen/src/cuda/fna/source_64.cu.o -MF CMakeFiles/natten.dir/autogen/src/cuda/fna/source_64.cu.o.d -x cu -c /home/runner/work/NATTEN/NATTEN/csrc/autogen/src/cuda/fna/source_64.cu -o CMakeFiles/natten.dir/autogen/src/cuda/fna/source_64.cu.o
[2026-09-03T10:08:14Z DEBUG sccache::config] Attempting to read config file at "/home/runner/.config/sccache/config"
[2026-09-03T10:08:14Z DEBUG sccache::config] Couldn't open config file: failed to open file `/home/runner/.config/sccache/config`: No such file or directory (os error 2)
[2026-09-03T10:08:14Z DEBUG sccache::commands] Server sent CompileStarted
[ 50%] Building CUDA object CMakeFiles/natten.dir/autogen/src/cuda/fna/source_65.cu.o
/tmp/sccache-wrappers/nvcc -forward-unknown-to-host-compiler -DCUTLASS_ENABLE_TENSOR_CORE_MMA=1 -DNATTEN_WITH_CUTLASS -DNATTEN_WITH_HOPPER_FNA=1 -DTORCH_API_INCLUDE_EXTENSION_H -DTORCH_EXTENSION_NAME=libnatten -DWITH_CUDA -D_GLIBCXX_USE_CXX11_ABI=1 -Dnatten_EXPORTS --options-file CMakeFiles/natten.dir/includes_CUDA.rsp -Xcompiler -Wall -ldl --expt-relaxed-constexpr -Xcompiler=-Wconversion -Xcompiler=-fno-strict-aliasing --use_fast_math --extended-lambda -ftemplate-backtrace-limit=0 -O3 -DNDEBUG --std=c++17 -Xfatbin -compress-all -std=c++17 "--generate-code=arch=compute_90a,code=[sm_90a]" -Xcompiler=-fPIC -MD -MT CMakeFiles/natten.dir/autogen/src/cuda/fna/source_65.cu.o -MF CMakeFiles/natten.dir/autogen/src/cuda/fna/source_65.cu.o.d -x cu -c /home/runner/work/NATTEN/NATTEN/csrc/autogen/src/cuda/fna/source_65.cu -o CMakeFiles/natten.dir/autogen/src/cuda/fna/source_65.cu.o
[2026-09-03T10:08:17Z DEBUG sccache::config] Attempting to read config file at "/home/runner/.config/sccache/config"
[2026-09-03T10:08:17Z DEBUG sccache::config] Couldn't open config file: failed to open file `/home/runner/.config/sccache/config`: No such file or directory (os error 2)
[2026-09-03T10:08:17Z DEBUG sccache::commands] Server sent CompileStarted
[ 50%] Building CUDA object CMakeFiles/natten.dir/autogen/src/cuda/fna/source_66.cu.o
/tmp/sccache-wrappers/nvcc -forward-unknown-to-host-compiler -DCUTLASS_ENABLE_TENSOR_CORE_MMA=1 -DNATTEN_WITH_CUTLASS -DNATTEN_WITH_HOPPER_FNA=1 -DTORCH_API_INCLUDE_EXTENSION_H -DTORCH_EXTENSION_NAME=libnatten -DWITH_CUDA -D_GLIBCXX_USE_CXX11_ABI=1 -Dnatten_EXPORTS --options-file CMakeFiles/natten.dir/includes_CUDA.rsp -Xcompiler -Wall -ldl --expt-relaxed-constexpr -Xcompiler=-Wconversion -Xcompiler=-fno-strict-aliasing --use_fast_math --extended-lambda -ftemplate-backtrace-limit=0 -O3 -DNDEBUG --std=c++17 -Xfatbin -compress-all -std=c++17 "--generate-code=arch=compute_90a,code=[sm_90a]" -Xcompiler=-fPIC -MD -MT CMakeFiles/natten.dir/autogen/src/cuda/fna/source_66.cu.o -MF CMakeFiles/natten.dir/autogen/src/cuda/fna/source_66.cu.o.d -x cu -c /home/runner/work/NATTEN/NATTEN/csrc/autogen/src/cuda/fna/source_66.cu -o CMakeFiles/natten.dir/autogen/src/cuda/fna/source_66.cu.o
[2026-09-03T10:08:21Z DEBUG sccache::config] Attempting to read config file at "/home/runner/.config/sccache/config"
[2026-09-03T10:08:21Z DEBUG sccache::config] Couldn't open config file: failed to open file `/home/runner/.config/sccache/config`: No such file or directory (os error 2)
[2026-09-03T10:08:21Z DEBUG sccache::commands] Server sent CompileStarted
[ 51%] Building CUDA object CMakeFiles/natten.dir/autogen/src/cuda/fna/source_67.cu.o
/tmp/sccache-wrappers/nvcc -forward-unknown-to-host-compiler -DCUTLASS_ENABLE_TENSOR_CORE_MMA=1 -DNATTEN_WITH_CUTLASS -DNATTEN_WITH_HOPPER_FNA=1 -DTORCH_API_INCLUDE_EXTENSION_H -DTORCH_EXTENSION_NAME=libnatten -DWITH_CUDA -D_GLIBCXX_USE_CXX11_ABI=1 -Dnatten_EXPORTS --options-file CMakeFiles/natten.dir/includes_CUDA.rsp -Xcompiler -Wall -ldl --expt-relaxed-constexpr -Xcompiler=-Wconversion -Xcompiler=-fno-strict-aliasing --use_fast_math --extended-lambda -ftemplate-backtrace-limit=0 -O3 -DNDEBUG --std=c++17 -Xfatbin -compress-all -std=c++17 "--generate-code=arch=compute_90a,code=[sm_90a]" -Xcompiler=-fPIC -MD -MT CMakeFiles/natten.dir/autogen/src/cuda/fna/source_67.cu.o -MF CMakeFiles/natten.dir/autogen/src/cuda/fna/source_67.cu.o.d -x cu -c /home/runner/work/NATTEN/NATTEN/csrc/autogen/src/cuda/fna/source_67.cu -o CMakeFiles/natten.dir/autogen/src/cuda/fna/source_67.cu.o
[2026-09-03T10:08:24Z DEBUG sccache::config] Attempting to read config file at "/home/runner/.config/sccache/config"
[2026-09-03T10:08:24Z DEBUG sccache::config] Couldn't open config file: failed to open file `/home/runner/.config/sccache/config`: No such file or directory (os error 2)
[2026-09-03T10:08:24Z DEBUG sccache::commands] Server sent CompileStarted
[ 51%] Building CUDA object CMakeFiles/natten.dir/autogen/src/cuda/fna/source_68.cu.o
/tmp/sccache-wrappers/nvcc -forward-unknown-to-host-compiler -DCUTLASS_ENABLE_TENSOR_CORE_MMA=1 -DNATTEN_WITH_CUTLASS -DNATTEN_WITH_HOPPER_FNA=1 -DTORCH_API_INCLUDE_EXTENSION_H -DTORCH_EXTENSION_NAME=libnatten -DWITH_CUDA -D_GLIBCXX_USE_CXX11_ABI=1 -Dnatten_EXPORTS --options-file CMakeFiles/natten.dir/includes_CUDA.rsp -Xcompiler -Wall -ldl --expt-relaxed-constexpr -Xcompiler=-Wconversion -Xcompiler=-fno-strict-aliasing --use_fast_math --extended-lambda -ftemplate-backtrace-limit=0 -O3 -DNDEBUG --std=c++17 -Xfatbin -compress-all -std=c++17 "--generate-code=arch=compute_90a,code=[sm_90a]" -Xcompiler=-fPIC -MD -MT CMakeFiles/natten.dir/autogen/src/cuda/fna/source_68.cu.o -MF CMakeFiles/natten.dir/autogen/src/cuda/fna/source_68.cu.o.d -x cu -c /home/runner/work/NATTEN/NATTEN/csrc/autogen/src/cuda/fna/source_68.cu -o CMakeFiles/natten.dir/autogen/src/cuda/fna/source_68.cu.o
[2026-09-03T10:08:27Z DEBUG sccache::config] Attempting to read config file at "/home/runner/.config/sccache/config"
[2026-09-03T10:08:27Z DEBUG sccache::config] Couldn't open config file: failed to open file `/home/runner/.config/sccache/config`: No such file or directory (os error 2)
[2026-09-03T10:08:27Z DEBUG sccache::commands] Server sent CompileStarted
[ 52%] Building CUDA object CMakeFiles/natten.dir/autogen/src/cuda/fna/source_69.cu.o
/tmp/sccache-wrappers/nvcc -forward-unknown-to-host-compiler -DCUTLASS_ENABLE_TENSOR_CORE_MMA=1 -DNATTEN_WITH_CUTLASS -DNATTEN_WITH_HOPPER_FNA=1 -DTORCH_API_INCLUDE_EXTENSION_H -DTORCH_EXTENSION_NAME=libnatten -DWITH_CUDA -D_GLIBCXX_USE_CXX11_ABI=1 -Dnatten_EXPORTS --options-file CMakeFiles/natten.dir/includes_CUDA.rsp -Xcompiler -Wall -ldl --expt-relaxed-constexpr -Xcompiler=-Wconversion -Xcompiler=-fno-strict-aliasing --use_fast_math --extended-lambda -ftemplate-backtrace-limit=0 -O3 -DNDEBUG --std=c++17 -Xfatbin -compress-all -std=c++17 "--generate-code=arch=compute_90a,code=[sm_90a]" -Xcompiler=-fPIC -MD -MT CMakeFiles/natten.dir/autogen/src/cuda/fna/source_69.cu.o -MF CMakeFiles/natten.dir/autogen/src/cuda/fna/source_69.cu.o.d -x cu -c /home/runner/work/NATTEN/NATTEN/csrc/autogen/src/cuda/fna/source_69.cu -o CMakeFiles/natten.dir/autogen/src/cuda/fna/source_69.cu.o
[2026-09-03T10:08:30Z DEBUG sccache::config] Attempting to read config file at "/home/runner/.config/sccache/config"
[2026-09-03T10:08:30Z DEBUG sccache::config] Couldn't open config file: failed to open file `/home/runner/.config/sccache/config`: No such file or directory (os error 2)
[2026-09-03T10:08:30Z DEBUG sccache::commands] Server sent CompileStarted
[ 52%] Building CUDA object CMakeFiles/natten.dir/autogen/src/cuda/fna/source_7.cu.o
/tmp/sccache-wrappers/nvcc -forward-unknown-to-host-compiler -DCUTLASS_ENABLE_TENSOR_CORE_MMA=1 -DNATTEN_WITH_CUTLASS -DNATTEN_WITH_HOPPER_FNA=1 -DTORCH_API_INCLUDE_EXTENSION_H -DTORCH_EXTENSION_NAME=libnatten -DWITH_CUDA -D_GLIBCXX_USE_CXX11_ABI=1 -Dnatten_EXPORTS --options-file CMakeFiles/natten.dir/includes_CUDA.rsp -Xcompiler -Wall -ldl --expt-relaxed-constexpr -Xcompiler=-Wconversion -Xcompiler=-fno-strict-aliasing --use_fast_math --extended-lambda -ftemplate-backtrace-limit=0 -O3 -DNDEBUG --std=c++17 -Xfatbin -compress-all -std=c++17 "--generate-code=arch=compute_90a,code=[sm_90a]" -Xcompiler=-fPIC -MD -MT CMakeFiles/natten.dir/autogen/src/cuda/fna/source_7.cu.o -MF CMakeFiles/natten.dir/autogen/src/cuda/fna/source_7.cu.o.d -x cu -c /home/runner/work/NATTEN/NATTEN/csrc/autogen/src/cuda/fna/source_7.cu -o CMakeFiles/natten.dir/autogen/src/cuda/fna/source_7.cu.o
[2026-09-03T10:08:33Z DEBUG sccache::config] Attempting to read config file at "/home/runner/.config/sccache/config"
[2026-09-03T10:08:33Z DEBUG sccache::config] Couldn't open config file: failed to open file `/home/runner/.config/sccache/config`: No such file or directory (os error 2)
[2026-09-03T10:08:33Z DEBUG sccache::commands] Server sent CompileStarted
[ 53%] Building CUDA object CMakeFiles/natten.dir/autogen/src/cuda/fna/source_70.cu.o
/tmp/sccache-wrappers/nvcc -forward-unknown-to-host-compiler -DCUTLASS_ENABLE_TENSOR_CORE_MMA=1 -DNATTEN_WITH_CUTLASS -DNATTEN_WITH_HOPPER_FNA=1 -DTORCH_API_INCLUDE_EXTENSION_H -DTORCH_EXTENSION_NAME=libnatten -DWITH_CUDA -D_GLIBCXX_USE_CXX11_ABI=1 -Dnatten_EXPORTS --options-file CMakeFiles/natten.dir/includes_CUDA.rsp -Xcompiler -Wall -ldl --expt-relaxed-constexpr -Xcompiler=-Wconversion -Xcompiler=-fno-strict-aliasing --use_fast_math --extended-lambda -ftemplate-backtrace-limit=0 -O3 -DNDEBUG --std=c++17 -Xfatbin -compress-all -std=c++17 "--generate-code=arch=compute_90a,code=[sm_90a]" -Xcompiler=-fPIC -MD -MT CMakeFiles/natten.dir/autogen/src/cuda/fna/source_70.cu.o -MF CMakeFiles/natten.dir/autogen/src/cuda/fna/source_70.cu.o.d -x cu -c /home/runner/work/NATTEN/NATTEN/csrc/autogen/src/cuda/fna/source_70.cu -o CMakeFiles/natten.dir/autogen/src/cuda/fna/source_70.cu.o
[2026-09-03T10:08:36Z DEBUG sccache::config] Attempting to read config file at "/home/runner/.config/sccache/config"
[2026-09-03T10:08:36Z DEBUG sccache::config] Couldn't open config file: failed to open file `/home/runner/.config/sccache/config`: No such file or directory (os error 2)
[2026-09-03T10:08:36Z DEBUG sccache::commands] Server sent CompileStarted
[ 53%] Building CUDA object CMakeFiles/natten.dir/autogen/src/cuda/fna/source_71.cu.o
/tmp/sccache-wrappers/nvcc -forward-unknown-to-host-compiler -DCUTLASS_ENABLE_TENSOR_CORE_MMA=1 -DNATTEN_WITH_CUTLASS -DNATTEN_WITH_HOPPER_FNA=1 -DTORCH_API_INCLUDE_EXTENSION_H -DTORCH_EXTENSION_NAME=libnatten -DWITH_CUDA -D_GLIBCXX_USE_CXX11_ABI=1 -Dnatten_EXPORTS --options-file CMakeFiles/natten.dir/includes_CUDA.rsp -Xcompiler -Wall -ldl --expt-relaxed-constexpr -Xcompiler=-Wconversion -Xcompiler=-fno-strict-aliasing --use_fast_math --extended-lambda -ftemplate-backtrace-limit=0 -O3 -DNDEBUG --std=c++17 -Xfatbin -compress-all -std=c++17 "--generate-code=arch=compute_90a,code=[sm_90a]" -Xcompiler=-fPIC -MD -MT CMakeFiles/natten.dir/autogen/src/cuda/fna/source_71.cu.o -MF CMakeFiles/natten.dir/autogen/src/cuda/fna/source_71.cu.o.d -x cu -c /home/runner/work/NATTEN/NATTEN/csrc/autogen/src/cuda/fna/source_71.cu -o CMakeFiles/natten.dir/autogen/src/cuda/fna/source_71.cu.o
[2026-09-03T10:08:40Z DEBUG sccache::config] Attempting to read config file at "/home/runner/.config/sccache/config"
[2026-09-03T10:08:40Z DEBUG sccache::config] Couldn't open config file: failed to open file `/home/runner/.config/sccache/config`: No such file or directory (os error 2)
[2026-09-03T10:08:40Z DEBUG sccache::commands] Server sent CompileStarted
[ 54%] Building CUDA object CMakeFiles/natten.dir/autogen/src/cuda/fna/source_72.cu.o
/tmp/sccache-wrappers/nvcc -forward-unknown-to-host-compiler -DCUTLASS_ENABLE_TENSOR_CORE_MMA=1 -DNATTEN_WITH_CUTLASS -DNATTEN_WITH_HOPPER_FNA=1 -DTORCH_API_INCLUDE_EXTENSION_H -DTORCH_EXTENSION_NAME=libnatten -DWITH_CUDA -D_GLIBCXX_USE_CXX11_ABI=1 -Dnatten_EXPORTS --options-file CMakeFiles/natten.dir/includes_CUDA.rsp -Xcompiler -Wall -ldl --expt-relaxed-constexpr -Xcompiler=-Wconversion -Xcompiler=-fno-strict-aliasing --use_fast_math --extended-lambda -ftemplate-backtrace-limit=0 -O3 -DNDEBUG --std=c++17 -Xfatbin -compress-all -std=c++17 "--generate-code=arch=compute_90a,code=[sm_90a]" -Xcompiler=-fPIC -MD -MT CMakeFiles/natten.dir/autogen/src/cuda/fna/source_72.cu.o -MF CMakeFiles/natten.dir/autogen/src/cuda/fna/source_72.cu.o.d -x cu -c /home/runner/work/NATTEN/NATTEN/csrc/autogen/src/cuda/fna/source_72.cu -o CMakeFiles/natten.dir/autogen/src/cuda/fna/source_72.cu.o
[2026-09-03T10:08:43Z DEBUG sccache::config] Attempting to read config file at "/home/runner/.config/sccache/config"
[2026-09-03T10:08:43Z DEBUG sccache::config] Couldn't open config file: failed to open file `/home/runner/.config/sccache/config`: No such file or directory (os error 2)
[2026-09-03T10:08:43Z DEBUG sccache::commands] Server sent CompileStarted
[ 54%] Building CUDA object CMakeFiles/natten.dir/autogen/src/cuda/fna/source_73.cu.o
/tmp/sccache-wrappers/nvcc -forward-unknown-to-host-compiler -DCUTLASS_ENABLE_TENSOR_CORE_MMA=1 -DNATTEN_WITH_CUTLASS -DNATTEN_WITH_HOPPER_FNA=1 -DTORCH_API_INCLUDE_EXTENSION_H -DTORCH_EXTENSION_NAME=libnatten -DWITH_CUDA -D_GLIBCXX_USE_CXX11_ABI=1 -Dnatten_EXPORTS --options-file CMakeFiles/natten.dir/includes_CUDA.rsp -Xcompiler -Wall -ldl --expt-relaxed-constexpr -Xcompiler=-Wconversion -Xcompiler=-fno-strict-aliasing --use_fast_math --extended-lambda -ftemplate-backtrace-limit=0 -O3 -DNDEBUG --std=c++17 -Xfatbin -compress-all -std=c++17 "--generate-code=arch=compute_90a,code=[sm_90a]" -Xcompiler=-fPIC -MD -MT CMakeFiles/natten.dir/autogen/src/cuda/fna/source_73.cu.o -MF CMakeFiles/natten.dir/autogen/src/cuda/fna/source_73.cu.o.d -x cu -c /home/runner/work/NATTEN/NATTEN/csrc/autogen/src/cuda/fna/source_73.cu -o CMakeFiles/natten.dir/autogen/src/cuda/fna/source_73.cu.o
[2026-09-03T10:08:46Z DEBUG sccache::config] Attempting to read config file at "/home/runner/.config/sccache/config"
[2026-09-03T10:08:46Z DEBUG sccache::config] Couldn't open config file: failed to open file `/home/runner/.config/sccache/config`: No such file or directory (os error 2)
[2026-09-03T10:08:46Z DEBUG sccache::commands] Server sent CompileStarted
[ 55%] Building CUDA object CMakeFiles/natten.dir/autogen/src/cuda/fna/source_74.cu.o
/tmp/sccache-wrappers/nvcc -forward-unknown-to-host-compiler -DCUTLASS_ENABLE_TENSOR_CORE_MMA=1 -DNATTEN_WITH_CUTLASS -DNATTEN_WITH_HOPPER_FNA=1 -DTORCH_API_INCLUDE_EXTENSION_H -DTORCH_EXTENSION_NAME=libnatten -DWITH_CUDA -D_GLIBCXX_USE_CXX11_ABI=1 -Dnatten_EXPORTS --options-file CMakeFiles/natten.dir/includes_CUDA.rsp -Xcompiler -Wall -ldl --expt-relaxed-constexpr -Xcompiler=-Wconversion -Xcompiler=-fno-strict-aliasing --use_fast_math --extended-lambda -ftemplate-backtrace-limit=0 -O3 -DNDEBUG --std=c++17 -Xfatbin -compress-all -std=c++17 "--generate-code=arch=compute_90a,code=[sm_90a]" -Xcompiler=-fPIC -MD -MT CMakeFiles/natten.dir/autogen/src/cuda/fna/source_74.cu.o -MF CMakeFiles/natten.dir/autogen/src/cuda/fna/source_74.cu.o.d -x cu -c /home/runner/work/NATTEN/NATTEN/csrc/autogen/src/cuda/fna/source_74.cu -o CMakeFiles/natten.dir/autogen/src/cuda/fna/source_74.cu.o
[2026-09-03T10:08:50Z DEBUG sccache::config] Attempting to read config file at "/home/runner/.config/sccache/config"
[2026-09-03T10:08:50Z DEBUG sccache::config] Couldn't open config file: failed to open file `/home/runner/.config/sccache/config`: No such file or directory (os error 2)
[2026-09-03T10:08:50Z DEBUG sccache::commands] Server sent CompileStarted
[ 55%] Building CUDA object CMakeFiles/natten.dir/autogen/src/cuda/fna/source_75.cu.o
/tmp/sccache-wrappers/nvcc -forward-unknown-to-host-compiler -DCUTLASS_ENABLE_TENSOR_CORE_MMA=1 -DNATTEN_WITH_CUTLASS -DNATTEN_WITH_HOPPER_FNA=1 -DTORCH_API_INCLUDE_EXTENSION_H -DTORCH_EXTENSION_NAME=libnatten -DWITH_CUDA -D_GLIBCXX_USE_CXX11_ABI=1 -Dnatten_EXPORTS --options-file CMakeFiles/natten.dir/includes_CUDA.rsp -Xcompiler -Wall -ldl --expt-relaxed-constexpr -Xcompiler=-Wconversion -Xcompiler=-fno-strict-aliasing --use_fast_math --extended-lambda -ftemplate-backtrace-limit=0 -O3 -DNDEBUG --std=c++17 -Xfatbin -compress-all -std=c++17 "--generate-code=arch=compute_90a,code=[sm_90a]" -Xcompiler=-fPIC -MD -MT CMakeFiles/natten.dir/autogen/src/cuda/fna/source_75.cu.o -MF CMakeFiles/natten.dir/autogen/src/cuda/fna/source_75.cu.o.d -x cu -c /home/runner/work/NATTEN/NATTEN/csrc/autogen/src/cuda/fna/source_75.cu -o CMakeFiles/natten.dir/autogen/src/cuda/fna/source_75.cu.o
[2026-09-03T10:08:53Z DEBUG sccache::config] Attempting to read config file at "/home/runner/.config/sccache/config"
[2026-09-03T10:08:53Z DEBUG sccache::config] Couldn't open config file: failed to open file `/home/runner/.config/sccache/config`: No such file or directory (os error 2)
[2026-09-03T10:08:53Z DEBUG sccache::commands] Server sent CompileStarted
[ 56%] Building CUDA object CMakeFiles/natten.dir/autogen/src/cuda/fna/source_76.cu.o
/tmp/sccache-wrappers/nvcc -forward-unknown-to-host-compiler -DCUTLASS_ENABLE_TENSOR_CORE_MMA=1 -DNATTEN_WITH_CUTLASS -DNATTEN_WITH_HOPPER_FNA=1 -DTORCH_API_INCLUDE_EXTENSION_H -DTORCH_EXTENSION_NAME=libnatten -DWITH_CUDA -D_GLIBCXX_USE_CXX11_ABI=1 -Dnatten_EXPORTS --options-file CMakeFiles/natten.dir/includes_CUDA.rsp -Xcompiler -Wall -ldl --expt-relaxed-constexpr -Xcompiler=-Wconversion -Xcompiler=-fno-strict-aliasing --use_fast_math --extended-lambda -ftemplate-backtrace-limit=0 -O3 -DNDEBUG --std=c++17 -Xfatbin -compress-all -std=c++17 "--generate-code=arch=compute_90a,code=[sm_90a]" -Xcompiler=-fPIC -MD -MT CMakeFiles/natten.dir/autogen/src/cuda/fna/source_76.cu.o -MF CMakeFiles/natten.dir/autogen/src/cuda/fna/source_76.cu.o.d -x cu -c /home/runner/work/NATTEN/NATTEN/csrc/autogen/src/cuda/fna/source_76.cu -o CMakeFiles/natten.dir/autogen/src/cuda/fna/source_76.cu.o
[2026-09-03T10:08:56Z DEBUG sccache::config] Attempting to read config file at "/home/runner/.config/sccache/config"
[2026-09-03T10:08:56Z DEBUG sccache::config] Couldn't open config file: failed to open file `/home/runner/.config/sccache/config`: No such file or directory (os error 2)
[2026-09-03T10:08:56Z DEBUG sccache::commands] Server sent CompileStarted
[ 56%] Building CUDA object CMakeFiles/natten.dir/autogen/src/cuda/fna/source_77.cu.o
/tmp/sccache-wrappers/nvcc -forward-unknown-to-host-compiler -DCUTLASS_ENABLE_TENSOR_CORE_MMA=1 -DNATTEN_WITH_CUTLASS -DNATTEN_WITH_HOPPER_FNA=1 -DTORCH_API_INCLUDE_EXTENSION_H -DTORCH_EXTENSION_NAME=libnatten -DWITH_CUDA -D_GLIBCXX_USE_CXX11_ABI=1 -Dnatten_EXPORTS --options-file CMakeFiles/natten.dir/includes_CUDA.rsp -Xcompiler -Wall -ldl --expt-relaxed-constexpr -Xcompiler=-Wconversion -Xcompiler=-fno-strict-aliasing --use_fast_math --extended-lambda -ftemplate-backtrace-limit=0 -O3 -DNDEBUG --std=c++17 -Xfatbin -compress-all -std=c++17 "--generate-code=arch=compute_90a,code=[sm_90a]" -Xcompiler=-fPIC -MD -MT CMakeFiles/natten.dir/autogen/src/cuda/fna/source_77.cu.o -MF CMakeFiles/natten.dir/autogen/src/cuda/fna/source_77.cu.o.d -x cu -c /home/runner/work/NATTEN/NATTEN/csrc/autogen/src/cuda/fna/source_77.cu -o CMakeFiles/natten.dir/autogen/src/cuda/fna/source_77.cu.o
[2026-09-03T10:08:59Z DEBUG sccache::config] Attempting to read config file at "/home/runner/.config/sccache/config"
[2026-09-03T10:08:59Z DEBUG sccache::config] Couldn't open config file: failed to open file `/home/runner/.config/sccache/config`: No such file or directory (os error 2)
[2026-09-03T10:08:59Z DEBUG sccache::commands] Server sent CompileStarted
[ 57%] Building CUDA object CMakeFiles/natten.dir/autogen/src/cuda/fna/source_78.cu.o
/tmp/sccache-wrappers/nvcc -forward-unknown-to-host-compiler -DCUTLASS_ENABLE_TENSOR_CORE_MMA=1 -DNATTEN_WITH_CUTLASS -DNATTEN_WITH_HOPPER_FNA=1 -DTORCH_API_INCLUDE_EXTENSION_H -DTORCH_EXTENSION_NAME=libnatten -DWITH_CUDA -D_GLIBCXX_USE_CXX11_ABI=1 -Dnatten_EXPORTS --options-file CMakeFiles/natten.dir/includes_CUDA.rsp -Xcompiler -Wall -ldl --expt-relaxed-constexpr -Xcompiler=-Wconversion -Xcompiler=-fno-strict-aliasing --use_fast_math --extended-lambda -ftemplate-backtrace-limit=0 -O3 -DNDEBUG --std=c++17 -Xfatbin -compress-all -std=c++17 "--generate-code=arch=compute_90a,code=[sm_90a]" -Xcompiler=-fPIC -MD -MT CMakeFiles/natten.dir/autogen/src/cuda/fna/source_78.cu.o -MF CMakeFiles/natten.dir/autogen/src/cuda/fna/source_78.cu.o.d -x cu -c /home/runner/work/NATTEN/NATTEN/csrc/autogen/src/cuda/fna/source_78.cu -o CMakeFiles/natten.dir/autogen/src/cuda/fna/source_78.cu.o
[2026-09-03T10:09:02Z DEBUG sccache::config] Attempting to read config file at "/home/runner/.config/sccache/config"
[2026-09-03T10:09:02Z DEBUG sccache::config] Couldn't open config file: failed to open file `/home/runner/.config/sccache/config`: No such file or directory (os error 2)
[2026-09-03T10:09:02Z DEBUG sccache::commands] Server sent CompileStarted
[ 57%] Building CUDA object CMakeFiles/natten.dir/autogen/src/cuda/fna/source_79.cu.o
/tmp/sccache-wrappers/nvcc -forward-unknown-to-host-compiler -DCUTLASS_ENABLE_TENSOR_CORE_MMA=1 -DNATTEN_WITH_CUTLASS -DNATTEN_WITH_HOPPER_FNA=1 -DTORCH_API_INCLUDE_EXTENSION_H -DTORCH_EXTENSION_NAME=libnatten -DWITH_CUDA -D_GLIBCXX_USE_CXX11_ABI=1 -Dnatten_EXPORTS --options-file CMakeFiles/natten.dir/includes_CUDA.rsp -Xcompiler -Wall -ldl --expt-relaxed-constexpr -Xcompiler=-Wconversion -Xcompiler=-fno-strict-aliasing --use_fast_math --extended-lambda -ftemplate-backtrace-limit=0 -O3 -DNDEBUG --std=c++17 -Xfatbin -compress-all -std=c++17 "--generate-code=arch=compute_90a,code=[sm_90a]" -Xcompiler=-fPIC -MD -MT CMakeFiles/natten.dir/autogen/src/cuda/fna/source_79.cu.o -MF CMakeFiles/natten.dir/autogen/src/cuda/fna/source_79.cu.o.d -x cu -c /home/runner/work/NATTEN/NATTEN/csrc/autogen/src/cuda/fna/source_79.cu -o CMakeFiles/natten.dir/autogen/src/cuda/fna/source_79.cu.o
[2026-09-03T10:09:05Z DEBUG sccache::config] Attempting to read config file at "/home/runner/.config/sccache/config"
[2026-09-03T10:09:05Z DEBUG sccache::config] Couldn't open config file: failed to open file `/home/runner/.config/sccache/config`: No such file or directory (os error 2)
[2026-09-03T10:09:05Z DEBUG sccache::commands] Server sent CompileStarted
[ 58%] Building CUDA object CMakeFiles/natten.dir/autogen/src/cuda/fna/source_8.cu.o
/tmp/sccache-wrappers/nvcc -forward-unknown-to-host-compiler -DCUTLASS_ENABLE_TENSOR_CORE_MMA=1 -DNATTEN_WITH_CUTLASS -DNATTEN_WITH_HOPPER_FNA=1 -DTORCH_API_INCLUDE_EXTENSION_H -DTORCH_EXTENSION_NAME=libnatten -DWITH_CUDA -D_GLIBCXX_USE_CXX11_ABI=1 -Dnatten_EXPORTS --options-file CMakeFiles/natten.dir/includes_CUDA.rsp -Xcompiler -Wall -ldl --expt-relaxed-constexpr -Xcompiler=-Wconversion -Xcompiler=-fno-strict-aliasing --use_fast_math --extended-lambda -ftemplate-backtrace-limit=0 -O3 -DNDEBUG --std=c++17 -Xfatbin -compress-all -std=c++17 "--generate-code=arch=compute_90a,code=[sm_90a]" -Xcompiler=-fPIC -MD -MT CMakeFiles/natten.dir/autogen/src/cuda/fna/source_8.cu.o -MF CMakeFiles/natten.dir/autogen/src/cuda/fna/source_8.cu.o.d -x cu -c /home/runner/work/NATTEN/NATTEN/csrc/autogen/src/cuda/fna/source_8.cu -o CMakeFiles/natten.dir/autogen/src/cuda/fna/source_8.cu.o
[2026-09-03T10:09:09Z DEBUG sccache::config] Attempting to read config file at "/home/runner/.config/sccache/config"
[2026-09-03T10:09:09Z DEBUG sccache::config] Couldn't open config file: failed to open file `/home/runner/.config/sccache/config`: No such file or directory (os error 2)
[2026-09-03T10:09:09Z DEBUG sccache::commands] Server sent CompileStarted
[ 58%] Building CUDA object CMakeFiles/natten.dir/autogen/src/cuda/fna/source_80.cu.o
/tmp/sccache-wrappers/nvcc -forward-unknown-to-host-compiler -DCUTLASS_ENABLE_TENSOR_CORE_MMA=1 -DNATTEN_WITH_CUTLASS -DNATTEN_WITH_HOPPER_FNA=1 -DTORCH_API_INCLUDE_EXTENSION_H -DTORCH_EXTENSION_NAME=libnatten -DWITH_CUDA -D_GLIBCXX_USE_CXX11_ABI=1 -Dnatten_EXPORTS --options-file CMakeFiles/natten.dir/includes_CUDA.rsp -Xcompiler -Wall -ldl --expt-relaxed-constexpr -Xcompiler=-Wconversion -Xcompiler=-fno-strict-aliasing --use_fast_math --extended-lambda -ftemplate-backtrace-limit=0 -O3 -DNDEBUG --std=c++17 -Xfatbin -compress-all -std=c++17 "--generate-code=arch=compute_90a,code=[sm_90a]" -Xcompiler=-fPIC -MD -MT CMakeFiles/natten.dir/autogen/src/cuda/fna/source_80.cu.o -MF CMakeFiles/natten.dir/autogen/src/cuda/fna/source_80.cu.o.d -x cu -c /home/runner/work/NATTEN/NATTEN/csrc/autogen/src/cuda/fna/source_80.cu -o CMakeFiles/natten.dir/autogen/src/cuda/fna/source_80.cu.o
[2026-09-03T10:09:12Z DEBUG sccache::config] Attempting to read config file at "/home/runner/.config/sccache/config"
[2026-09-03T10:09:12Z DEBUG sccache::config] Couldn't open config file: failed to open file `/home/runner/.config/sccache/config`: No such file or directory (os error 2)
[2026-09-03T10:09:12Z DEBUG sccache::commands] Server sent CompileStarted
[ 59%] Building CUDA object CMakeFiles/natten.dir/autogen/src/cuda/fna/source_81.cu.o
/tmp/sccache-wrappers/nvcc -forward-unknown-to-host-compiler -DCUTLASS_ENABLE_TENSOR_CORE_MMA=1 -DNATTEN_WITH_CUTLASS -DNATTEN_WITH_HOPPER_FNA=1 -DTORCH_API_INCLUDE_EXTENSION_H -DTORCH_EXTENSION_NAME=libnatten -DWITH_CUDA -D_GLIBCXX_USE_CXX11_ABI=1 -Dnatten_EXPORTS --options-file CMakeFiles/natten.dir/includes_CUDA.rsp -Xcompiler -Wall -ldl --expt-relaxed-constexpr -Xcompiler=-Wconversion -Xcompiler=-fno-strict-aliasing --use_fast_math --extended-lambda -ftemplate-backtrace-limit=0 -O3 -DNDEBUG --std=c++17 -Xfatbin -compress-all -std=c++17 "--generate-code=arch=compute_90a,code=[sm_90a]" -Xcompiler=-fPIC -MD -MT CMakeFiles/natten.dir/autogen/src/cuda/fna/source_81.cu.o -MF CMakeFiles/natten.dir/autogen/src/cuda/fna/source_81.cu.o.d -x cu -c /home/runner/work/NATTEN/NATTEN/csrc/autogen/src/cuda/fna/source_81.cu -o CMakeFiles/natten.dir/autogen/src/cuda/fna/source_81.cu.o
[2026-09-03T10:09:15Z DEBUG sccache::config] Attempting to read config file at "/home/runner/.config/sccache/config"
[2026-09-03T10:09:15Z DEBUG sccache::config] Couldn't open config file: failed to open file `/home/runner/.config/sccache/config`: No such file or directory (os error 2)
[2026-09-03T10:09:15Z DEBUG sccache::commands] Server sent CompileStarted
[ 59%] Building CUDA object CMakeFiles/natten.dir/autogen/src/cuda/fna/source_82.cu.o
/tmp/sccache-wrappers/nvcc -forward-unknown-to-host-compiler -DCUTLASS_ENABLE_TENSOR_CORE_MMA=1 -DNATTEN_WITH_CUTLASS -DNATTEN_WITH_HOPPER_FNA=1 -DTORCH_API_INCLUDE_EXTENSION_H -DTORCH_EXTENSION_NAME=libnatten -DWITH_CUDA -D_GLIBCXX_USE_CXX11_ABI=1 -Dnatten_EXPORTS --options-file CMakeFiles/natten.dir/includes_CUDA.rsp -Xcompiler -Wall -ldl --expt-relaxed-constexpr -Xcompiler=-Wconversion -Xcompiler=-fno-strict-aliasing --use_fast_math --extended-lambda -ftemplate-backtrace-limit=0 -O3 -DNDEBUG --std=c++17 -Xfatbin -compress-all -std=c++17 "--generate-code=arch=compute_90a,code=[sm_90a]" -Xcompiler=-fPIC -MD -MT CMakeFiles/natten.dir/autogen/src/cuda/fna/source_82.cu.o -MF CMakeFiles/natten.dir/autogen/src/cuda/fna/source_82.cu.o.d -x cu -c /home/runner/work/NATTEN/NATTEN/csrc/autogen/src/cuda/fna/source_82.cu -o CMakeFiles/natten.dir/autogen/src/cuda/fna/source_82.cu.o
[2026-09-03T10:09:18Z DEBUG sccache::config] Attempting to read config file at "/home/runner/.config/sccache/config"
[2026-09-03T10:09:18Z DEBUG sccache::config] Couldn't open config file: failed to open file `/home/runner/.config/sccache/config`: No such file or directory (os error 2)
[2026-09-03T10:09:18Z DEBUG sccache::commands] Server sent CompileStarted
[ 60%] Building CUDA object CMakeFiles/natten.dir/autogen/src/cuda/fna/source_83.cu.o
/tmp/sccache-wrappers/nvcc -forward-unknown-to-host-compiler -DCUTLASS_ENABLE_TENSOR_CORE_MMA=1 -DNATTEN_WITH_CUTLASS -DNATTEN_WITH_HOPPER_FNA=1 -DTORCH_API_INCLUDE_EXTENSION_H -DTORCH_EXTENSION_NAME=libnatten -DWITH_CUDA -D_GLIBCXX_USE_CXX11_ABI=1 -Dnatten_EXPORTS --options-file CMakeFiles/natten.dir/includes_CUDA.rsp -Xcompiler -Wall -ldl --expt-relaxed-constexpr -Xcompiler=-Wconversion -Xcompiler=-fno-strict-aliasing --use_fast_math --extended-lambda -ftemplate-backtrace-limit=0 -O3 -DNDEBUG --std=c++17 -Xfatbin -compress-all -std=c++17 "--generate-code=arch=compute_90a,code=[sm_90a]" -Xcompiler=-fPIC -MD -MT CMakeFiles/natten.dir/autogen/src/cuda/fna/source_83.cu.o -MF CMakeFiles/natten.dir/autogen/src/cuda/fna/source_83.cu.o.d -x cu -c /home/runner/work/NATTEN/NATTEN/csrc/autogen/src/cuda/fna/source_83.cu -o CMakeFiles/natten.dir/autogen/src/cuda/fna/source_83.cu.o
[2026-09-03T10:09:22Z DEBUG sccache::config] Attempting to read config file at "/home/runner/.config/sccache/config"
[2026-09-03T10:09:22Z DEBUG sccache::config] Couldn't open config file: failed to open file `/home/runner/.config/sccache/config`: No such file or directory (os error 2)
[2026-09-03T10:09:22Z DEBUG sccache::commands] Server sent CompileStarted
[ 60%] Building CUDA object CMakeFiles/natten.dir/autogen/src/cuda/fna/source_84.cu.o
/tmp/sccache-wrappers/nvcc -forward-unknown-to-host-compiler -DCUTLASS_ENABLE_TENSOR_CORE_MMA=1 -DNATTEN_WITH_CUTLASS -DNATTEN_WITH_HOPPER_FNA=1 -DTORCH_API_INCLUDE_EXTENSION_H -DTORCH_EXTENSION_NAME=libnatten -DWITH_CUDA -D_GLIBCXX_USE_CXX11_ABI=1 -Dnatten_EXPORTS --options-file CMakeFiles/natten.dir/includes_CUDA.rsp -Xcompiler -Wall -ldl --expt-relaxed-constexpr -Xcompiler=-Wconversion -Xcompiler=-fno-strict-aliasing --use_fast_math --extended-lambda -ftemplate-backtrace-limit=0 -O3 -DNDEBUG --std=c++17 -Xfatbin -compress-all -std=c++17 "--generate-code=arch=compute_90a,code=[sm_90a]" -Xcompiler=-fPIC -MD -MT CMakeFiles/natten.dir/autogen/src/cuda/fna/source_84.cu.o -MF CMakeFiles/natten.dir/autogen/src/cuda/fna/source_84.cu.o.d -x cu -c /home/runner/work/NATTEN/NATTEN/csrc/autogen/src/cuda/fna/source_84.cu -o CMakeFiles/natten.dir/autogen/src/cuda/fna/source_84.cu.o
[2026-09-03T10:09:25Z DEBUG sccache::config] Attempting to read config file at "/home/runner/.config/sccache/config"
[2026-09-03T10:09:25Z DEBUG sccache::config] Couldn't open config file: failed to open file `/home/runner/.config/sccache/config`: No such file or directory (os error 2)
[2026-09-03T10:09:25Z DEBUG sccache::commands] Server sent CompileStarted
[ 61%] Building CUDA object CMakeFiles/natten.dir/autogen/src/cuda/fna/source_85.cu.o
/tmp/sccache-wrappers/nvcc -forward-unknown-to-host-compiler -DCUTLASS_ENABLE_TENSOR_CORE_MMA=1 -DNATTEN_WITH_CUTLASS -DNATTEN_WITH_HOPPER_FNA=1 -DTORCH_API_INCLUDE_EXTENSION_H -DTORCH_EXTENSION_NAME=libnatten -DWITH_CUDA -D_GLIBCXX_USE_CXX11_ABI=1 -Dnatten_EXPORTS --options-file CMakeFiles/natten.dir/includes_CUDA.rsp -Xcompiler -Wall -ldl --expt-relaxed-constexpr -Xcompiler=-Wconversion -Xcompiler=-fno-strict-aliasing --use_fast_math --extended-lambda -ftemplate-backtrace-limit=0 -O3 -DNDEBUG --std=c++17 -Xfatbin -compress-all -std=c++17 "--generate-code=arch=compute_90a,code=[sm_90a]" -Xcompiler=-fPIC -MD -MT CMakeFiles/natten.dir/autogen/src/cuda/fna/source_85.cu.o -MF CMakeFiles/natten.dir/autogen/src/cuda/fna/source_85.cu.o.d -x cu -c /home/runner/work/NATTEN/NATTEN/csrc/autogen/src/cuda/fna/source_85.cu -o CMakeFiles/natten.dir/autogen/src/cuda/fna/source_85.cu.o
[2026-09-03T10:09:28Z DEBUG sccache::config] Attempting to read config file at "/home/runner/.config/sccache/config"
[2026-09-03T10:09:28Z DEBUG sccache::config] Couldn't open config file: failed to open file `/home/runner/.config/sccache/config`: No such file or directory (os error 2)
[2026-09-03T10:09:28Z DEBUG sccache::commands] Server sent CompileStarted
[ 61%] Building CUDA object CMakeFiles/natten.dir/autogen/src/cuda/fna/source_86.cu.o
/tmp/sccache-wrappers/nvcc -forward-unknown-to-host-compiler -DCUTLASS_ENABLE_TENSOR_CORE_MMA=1 -DNATTEN_WITH_CUTLASS -DNATTEN_WITH_HOPPER_FNA=1 -DTORCH_API_INCLUDE_EXTENSION_H -DTORCH_EXTENSION_NAME=libnatten -DWITH_CUDA -D_GLIBCXX_USE_CXX11_ABI=1 -Dnatten_EXPORTS --options-file CMakeFiles/natten.dir/includes_CUDA.rsp -Xcompiler -Wall -ldl --expt-relaxed-constexpr -Xcompiler=-Wconversion -Xcompiler=-fno-strict-aliasing --use_fast_math --extended-lambda -ftemplate-backtrace-limit=0 -O3 -DNDEBUG --std=c++17 -Xfatbin -compress-all -std=c++17 "--generate-code=arch=compute_90a,code=[sm_90a]" -Xcompiler=-fPIC -MD -MT CMakeFiles/natten.dir/autogen/src/cuda/fna/source_86.cu.o -MF CMakeFiles/natten.dir/autogen/src/cuda/fna/source_86.cu.o.d -x cu -c /home/runner/work/NATTEN/NATTEN/csrc/autogen/src/cuda/fna/source_86.cu -o CMakeFiles/natten.dir/autogen/src/cuda/fna/source_86.cu.o
[2026-09-03T10:09:31Z DEBUG sccache::config] Attempting to read config file at "/home/runner/.config/sccache/config"
[2026-09-03T10:09:31Z DEBUG sccache::config] Couldn't open config file: failed to open file `/home/runner/.config/sccache/config`: No such file or directory (os error 2)
[2026-09-03T10:09:31Z DEBUG sccache::commands] Server sent CompileStarted
[ 62%] Building CUDA object CMakeFiles/natten.dir/autogen/src/cuda/fna/source_87.cu.o
/tmp/sccache-wrappers/nvcc -forward-unknown-to-host-compiler -DCUTLASS_ENABLE_TENSOR_CORE_MMA=1 -DNATTEN_WITH_CUTLASS -DNATTEN_WITH_HOPPER_FNA=1 -DTORCH_API_INCLUDE_EXTENSION_H -DTORCH_EXTENSION_NAME=libnatten -DWITH_CUDA -D_GLIBCXX_USE_CXX11_ABI=1 -Dnatten_EXPORTS --options-file CMakeFiles/natten.dir/includes_CUDA.rsp -Xcompiler -Wall -ldl --expt-relaxed-constexpr -Xcompiler=-Wconversion -Xcompiler=-fno-strict-aliasing --use_fast_math --extended-lambda -ftemplate-backtrace-limit=0 -O3 -DNDEBUG --std=c++17 -Xfatbin -compress-all -std=c++17 "--generate-code=arch=compute_90a,code=[sm_90a]" -Xcompiler=-fPIC -MD -MT CMakeFiles/natten.dir/autogen/src/cuda/fna/source_87.cu.o -MF CMakeFiles/natten.dir/autogen/src/cuda/fna/source_87.cu.o.d -x cu -c /home/runner/work/NATTEN/NATTEN/csrc/autogen/src/cuda/fna/source_87.cu -o CMakeFiles/natten.dir/autogen/src/cuda/fna/source_87.cu.o
[2026-09-03T10:09:35Z DEBUG sccache::config] Attempting to read config file at "/home/runner/.config/sccache/config"
[2026-09-03T10:09:35Z DEBUG sccache::config] Couldn't open config file: failed to open file `/home/runner/.config/sccache/config`: No such file or directory (os error 2)
[2026-09-03T10:09:35Z DEBUG sccache::commands] Server sent CompileStarted
[ 62%] Building CUDA object CMakeFiles/natten.dir/autogen/src/cuda/fna/source_88.cu.o
/tmp/sccache-wrappers/nvcc -forward-unknown-to-host-compiler -DCUTLASS_ENABLE_TENSOR_CORE_MMA=1 -DNATTEN_WITH_CUTLASS -DNATTEN_WITH_HOPPER_FNA=1 -DTORCH_API_INCLUDE_EXTENSION_H -DTORCH_EXTENSION_NAME=libnatten -DWITH_CUDA -D_GLIBCXX_USE_CXX11_ABI=1 -Dnatten_EXPORTS --options-file CMakeFiles/natten.dir/includes_CUDA.rsp -Xcompiler -Wall -ldl --expt-relaxed-constexpr -Xcompiler=-Wconversion -Xcompiler=-fno-strict-aliasing --use_fast_math --extended-lambda -ftemplate-backtrace-limit=0 -O3 -DNDEBUG --std=c++17 -Xfatbin -compress-all -std=c++17 "--generate-code=arch=compute_90a,code=[sm_90a]" -Xcompiler=-fPIC -MD -MT CMakeFiles/natten.dir/autogen/src/cuda/fna/source_88.cu.o -MF CMakeFiles/natten.dir/autogen/src/cuda/fna/source_88.cu.o.d -x cu -c /home/runner/work/NATTEN/NATTEN/csrc/autogen/src/cuda/fna/source_88.cu -o CMakeFiles/natten.dir/autogen/src/cuda/fna/source_88.cu.o
[2026-09-03T10:09:38Z DEBUG sccache::config] Attempting to read config file at "/home/runner/.config/sccache/config"
[2026-09-03T10:09:38Z DEBUG sccache::config] Couldn't open config file: failed to open file `/home/runner/.config/sccache/config`: No such file or directory (os error 2)
[2026-09-03T10:09:38Z DEBUG sccache::commands] Server sent CompileStarted
[ 63%] Building CUDA object CMakeFiles/natten.dir/autogen/src/cuda/fna/source_89.cu.o
/tmp/sccache-wrappers/nvcc -forward-unknown-to-host-compiler -DCUTLASS_ENABLE_TENSOR_CORE_MMA=1 -DNATTEN_WITH_CUTLASS -DNATTEN_WITH_HOPPER_FNA=1 -DTORCH_API_INCLUDE_EXTENSION_H -DTORCH_EXTENSION_NAME=libnatten -DWITH_CUDA -D_GLIBCXX_USE_CXX11_ABI=1 -Dnatten_EXPORTS --options-file CMakeFiles/natten.dir/includes_CUDA.rsp -Xcompiler -Wall -ldl --expt-relaxed-constexpr -Xcompiler=-Wconversion -Xcompiler=-fno-strict-aliasing --use_fast_math --extended-lambda -ftemplate-backtrace-limit=0 -O3 -DNDEBUG --std=c++17 -Xfatbin -compress-all -std=c++17 "--generate-code=arch=compute_90a,code=[sm_90a]" -Xcompiler=-fPIC -MD -MT CMakeFiles/natten.dir/autogen/src/cuda/fna/source_89.cu.o -MF CMakeFiles/natten.dir/autogen/src/cuda/fna/source_89.cu.o.d -x cu -c /home/runner/work/NATTEN/NATTEN/csrc/autogen/src/cuda/fna/source_89.cu -o CMakeFiles/natten.dir/autogen/src/cuda/fna/source_89.cu.o
[2026-09-03T10:09:42Z DEBUG sccache::config] Attempting to read config file at "/home/runner/.config/sccache/config"
[2026-09-03T10:09:42Z DEBUG sccache::config] Couldn't open config file: failed to open file `/home/runner/.config/sccache/config`: No such file or directory (os error 2)
[2026-09-03T10:09:42Z DEBUG sccache::commands] Server sent CompileStarted
[ 63%] Building CUDA object CMakeFiles/natten.dir/autogen/src/cuda/fna/source_9.cu.o
/tmp/sccache-wrappers/nvcc -forward-unknown-to-host-compiler -DCUTLASS_ENABLE_TENSOR_CORE_MMA=1 -DNATTEN_WITH_CUTLASS -DNATTEN_WITH_HOPPER_FNA=1 -DTORCH_API_INCLUDE_EXTENSION_H -DTORCH_EXTENSION_NAME=libnatten -DWITH_CUDA -D_GLIBCXX_USE_CXX11_ABI=1 -Dnatten_EXPORTS --options-file CMakeFiles/natten.dir/includes_CUDA.rsp -Xcompiler -Wall -ldl --expt-relaxed-constexpr -Xcompiler=-Wconversion -Xcompiler=-fno-strict-aliasing --use_fast_math --extended-lambda -ftemplate-backtrace-limit=0 -O3 -DNDEBUG --std=c++17 -Xfatbin -compress-all -std=c++17 "--generate-code=arch=compute_90a,code=[sm_90a]" -Xcompiler=-fPIC -MD -MT CMakeFiles/natten.dir/autogen/src/cuda/fna/source_9.cu.o -MF CMakeFiles/natten.dir/autogen/src/cuda/fna/source_9.cu.o.d -x cu -c /home/runner/work/NATTEN/NATTEN/csrc/autogen/src/cuda/fna/source_9.cu -o CMakeFiles/natten.dir/autogen/src/cuda/fna/source_9.cu.o
[2026-09-03T10:09:45Z DEBUG sccache::config] Attempting to read config file at "/home/runner/.config/sccache/config"
[2026-09-03T10:09:45Z DEBUG sccache::config] Couldn't open config file: failed to open file `/home/runner/.config/sccache/config`: No such file or directory (os error 2)
[2026-09-03T10:09:45Z DEBUG sccache::commands] Server sent CompileStarted
[ 64%] Building CUDA object CMakeFiles/natten.dir/autogen/src/cuda/fna/source_90.cu.o
/tmp/sccache-wrappers/nvcc -forward-unknown-to-host-compiler -DCUTLASS_ENABLE_TENSOR_CORE_MMA=1 -DNATTEN_WITH_CUTLASS -DNATTEN_WITH_HOPPER_FNA=1 -DTORCH_API_INCLUDE_EXTENSION_H -DTORCH_EXTENSION_NAME=libnatten -DWITH_CUDA -D_GLIBCXX_USE_CXX11_ABI=1 -Dnatten_EXPORTS --options-file CMakeFiles/natten.dir/includes_CUDA.rsp -Xcompiler -Wall -ldl --expt-relaxed-constexpr -Xcompiler=-Wconversion -Xcompiler=-fno-strict-aliasing --use_fast_math --extended-lambda -ftemplate-backtrace-limit=0 -O3 -DNDEBUG --std=c++17 -Xfatbin -compress-all -std=c++17 "--generate-code=arch=compute_90a,code=[sm_90a]" -Xcompiler=-fPIC -MD -MT CMakeFiles/natten.dir/autogen/src/cuda/fna/source_90.cu.o -MF CMakeFiles/natten.dir/autogen/src/cuda/fna/source_90.cu.o.d -x cu -c /home/runner/work/NATTEN/NATTEN/csrc/autogen/src/cuda/fna/source_90.cu -o CMakeFiles/natten.dir/autogen/src/cuda/fna/source_90.cu.o
[2026-09-03T10:09:48Z DEBUG sccache::config] Attempting to read config file at "/home/runner/.config/sccache/config"
[2026-09-03T10:09:48Z DEBUG sccache::config] Couldn't open config file: failed to open file `/home/runner/.config/sccache/config`: No such file or directory (os error 2)
[2026-09-03T10:09:48Z DEBUG sccache::commands] Server sent CompileStarted
[ 64%] Building CUDA object CMakeFiles/natten.dir/autogen/src/cuda/fna/source_91.cu.o
/tmp/sccache-wrappers/nvcc -forward-unknown-to-host-compiler -DCUTLASS_ENABLE_TENSOR_CORE_MMA=1 -DNATTEN_WITH_CUTLASS -DNATTEN_WITH_HOPPER_FNA=1 -DTORCH_API_INCLUDE_EXTENSION_H -DTORCH_EXTENSION_NAME=libnatten -DWITH_CUDA -D_GLIBCXX_USE_CXX11_ABI=1 -Dnatten_EXPORTS --options-file CMakeFiles/natten.dir/includes_CUDA.rsp -Xcompiler -Wall -ldl --expt-relaxed-constexpr -Xcompiler=-Wconversion -Xcompiler=-fno-strict-aliasing --use_fast_math --extended-lambda -ftemplate-backtrace-limit=0 -O3 -DNDEBUG --std=c++17 -Xfatbin -compress-all -std=c++17 "--generate-code=arch=compute_90a,code=[sm_90a]" -Xcompiler=-fPIC -MD -MT CMakeFiles/natten.dir/autogen/src/cuda/fna/source_91.cu.o -MF CMakeFiles/natten.dir/autogen/src/cuda/fna/source_91.cu.o.d -x cu -c /home/runner/work/NATTEN/NATTEN/csrc/autogen/src/cuda/fna/source_91.cu -o CMakeFiles/natten.dir/autogen/src/cuda/fna/source_91.cu.o
[2026-09-03T10:09:52Z DEBUG sccache::config] Attempting to read config file at "/home/runner/.config/sccache/config"
[2026-09-03T10:09:52Z DEBUG sccache::config] Couldn't open config file: failed to open file `/home/runner/.config/sccache/config`: No such file or directory (os error 2)
[2026-09-03T10:09:52Z DEBUG sccache::commands] Server sent CompileStarted
[ 65%] Building CUDA object CMakeFiles/natten.dir/autogen/src/cuda/fna/source_92.cu.o
/tmp/sccache-wrappers/nvcc -forward-unknown-to-host-compiler -DCUTLASS_ENABLE_TENSOR_CORE_MMA=1 -DNATTEN_WITH_CUTLASS -DNATTEN_WITH_HOPPER_FNA=1 -DTORCH_API_INCLUDE_EXTENSION_H -DTORCH_EXTENSION_NAME=libnatten -DWITH_CUDA -D_GLIBCXX_USE_CXX11_ABI=1 -Dnatten_EXPORTS --options-file CMakeFiles/natten.dir/includes_CUDA.rsp -Xcompiler -Wall -ldl --expt-relaxed-constexpr -Xcompiler=-Wconversion -Xcompiler=-fno-strict-aliasing --use_fast_math --extended-lambda -ftemplate-backtrace-limit=0 -O3 -DNDEBUG --std=c++17 -Xfatbin -compress-all -std=c++17 "--generate-code=arch=compute_90a,code=[sm_90a]" -Xcompiler=-fPIC -MD -MT CMakeFiles/natten.dir/autogen/src/cuda/fna/source_92.cu.o -MF CMakeFiles/natten.dir/autogen/src/cuda/fna/source_92.cu.o.d -x cu -c /home/runner/work/NATTEN/NATTEN/csrc/autogen/src/cuda/fna/source_92.cu -o CMakeFiles/natten.dir/autogen/src/cuda/fna/source_92.cu.o
[2026-09-03T10:09:55Z DEBUG sccache::config] Attempting to read config file at "/home/runner/.config/sccache/config"
[2026-09-03T10:09:55Z DEBUG sccache::config] Couldn't open config file: failed to open file `/home/runner/.config/sccache/config`: No such file or directory (os error 2)
[2026-09-03T10:09:55Z DEBUG sccache::commands] Server sent CompileStarted
[ 65%] Building CUDA object CMakeFiles/natten.dir/autogen/src/cuda/fna/source_93.cu.o
/tmp/sccache-wrappers/nvcc -forward-unknown-to-host-compiler -DCUTLASS_ENABLE_TENSOR_CORE_MMA=1 -DNATTEN_WITH_CUTLASS -DNATTEN_WITH_HOPPER_FNA=1 -DTORCH_API_INCLUDE_EXTENSION_H -DTORCH_EXTENSION_NAME=libnatten -DWITH_CUDA -D_GLIBCXX_USE_CXX11_ABI=1 -Dnatten_EXPORTS --options-file CMakeFiles/natten.dir/includes_CUDA.rsp -Xcompiler -Wall -ldl --expt-relaxed-constexpr -Xcompiler=-Wconversion -Xcompiler=-fno-strict-aliasing --use_fast_math --extended-lambda -ftemplate-backtrace-limit=0 -O3 -DNDEBUG --std=c++17 -Xfatbin -compress-all -std=c++17 "--generate-code=arch=compute_90a,code=[sm_90a]" -Xcompiler=-fPIC -MD -MT CMakeFiles/natten.dir/autogen/src/cuda/fna/source_93.cu.o -MF CMakeFiles/natten.dir/autogen/src/cuda/fna/source_93.cu.o.d -x cu -c /home/runner/work/NATTEN/NATTEN/csrc/autogen/src/cuda/fna/source_93.cu -o CMakeFiles/natten.dir/autogen/src/cuda/fna/source_93.cu.o
[2026-09-03T10:09:58Z DEBUG sccache::config] Attempting to read config file at "/home/runner/.config/sccache/config"
[2026-09-03T10:09:58Z DEBUG sccache::config] Couldn't open config file: failed to open file `/home/runner/.config/sccache/config`: No such file or directory (os error 2)
[2026-09-03T10:09:58Z DEBUG sccache::commands] Server sent CompileStarted
[ 66%] Building CUDA object CMakeFiles/natten.dir/autogen/src/cuda/fna/source_94.cu.o
/tmp/sccache-wrappers/nvcc -forward-unknown-to-host-compiler -DCUTLASS_ENABLE_TENSOR_CORE_MMA=1 -DNATTEN_WITH_CUTLASS -DNATTEN_WITH_HOPPER_FNA=1 -DTORCH_API_INCLUDE_EXTENSION_H -DTORCH_EXTENSION_NAME=libnatten -DWITH_CUDA -D_GLIBCXX_USE_CXX11_ABI=1 -Dnatten_EXPORTS --options-file CMakeFiles/natten.dir/includes_CUDA.rsp -Xcompiler -Wall -ldl --expt-relaxed-constexpr -Xcompiler=-Wconversion -Xcompiler=-fno-strict-aliasing --use_fast_math --extended-lambda -ftemplate-backtrace-limit=0 -O3 -DNDEBUG --std=c++17 -Xfatbin -compress-all -std=c++17 "--generate-code=arch=compute_90a,code=[sm_90a]" -Xcompiler=-fPIC -MD -MT CMakeFiles/natten.dir/autogen/src/cuda/fna/source_94.cu.o -MF CMakeFiles/natten.dir/autogen/src/cuda/fna/source_94.cu.o.d -x cu -c /home/runner/work/NATTEN/NATTEN/csrc/autogen/src/cuda/fna/source_94.cu -o CMakeFiles/natten.dir/autogen/src/cuda/fna/source_94.cu.o
[2026-09-03T10:10:01Z DEBUG sccache::config] Attempting to read config file at "/home/runner/.config/sccache/config"
[2026-09-03T10:10:01Z DEBUG sccache::config] Couldn't open config file: failed to open file `/home/runner/.config/sccache/config`: No such file or directory (os error 2)
[2026-09-03T10:10:01Z DEBUG sccache::commands] Server sent CompileStarted
[ 66%] Building CUDA object CMakeFiles/natten.dir/autogen/src/cuda/fna/source_95.cu.o
/tmp/sccache-wrappers/nvcc -forward-unknown-to-host-compiler -DCUTLASS_ENABLE_TENSOR_CORE_MMA=1 -DNATTEN_WITH_CUTLASS -DNATTEN_WITH_HOPPER_FNA=1 -DTORCH_API_INCLUDE_EXTENSION_H -DTORCH_EXTENSION_NAME=libnatten -DWITH_CUDA -D_GLIBCXX_USE_CXX11_ABI=1 -Dnatten_EXPORTS --options-file CMakeFiles/natten.dir/includes_CUDA.rsp -Xcompiler -Wall -ldl --expt-relaxed-constexpr -Xcompiler=-Wconversion -Xcompiler=-fno-strict-aliasing --use_fast_math --extended-lambda -ftemplate-backtrace-limit=0 -O3 -DNDEBUG --std=c++17 -Xfatbin -compress-all -std=c++17 "--generate-code=arch=compute_90a,code=[sm_90a]" -Xcompiler=-fPIC -MD -MT CMakeFiles/natten.dir/autogen/src/cuda/fna/source_95.cu.o -MF CMakeFiles/natten.dir/autogen/src/cuda/fna/source_95.cu.o.d -x cu -c /home/runner/work/NATTEN/NATTEN/csrc/autogen/src/cuda/fna/source_95.cu -o CMakeFiles/natten.dir/autogen/src/cuda/fna/source_95.cu.o
[2026-09-03T10:10:05Z DEBUG sccache::config] Attempting to read config file at "/home/runner/.config/sccache/config"
[2026-09-03T10:10:05Z DEBUG sccache::config] Couldn't open config file: failed to open file `/home/runner/.config/sccache/config`: No such file or directory (os error 2)
[2026-09-03T10:10:05Z DEBUG sccache::commands] Server sent CompileStarted
[ 67%] Building CUDA object CMakeFiles/natten.dir/autogen/src/cuda/fna/source_96.cu.o
/tmp/sccache-wrappers/nvcc -forward-unknown-to-host-compiler -DCUTLASS_ENABLE_TENSOR_CORE_MMA=1 -DNATTEN_WITH_CUTLASS -DNATTEN_WITH_HOPPER_FNA=1 -DTORCH_API_INCLUDE_EXTENSION_H -DTORCH_EXTENSION_NAME=libnatten -DWITH_CUDA -D_GLIBCXX_USE_CXX11_ABI=1 -Dnatten_EXPORTS --options-file CMakeFiles/natten.dir/includes_CUDA.rsp -Xcompiler -Wall -ldl --expt-relaxed-constexpr -Xcompiler=-Wconversion -Xcompiler=-fno-strict-aliasing --use_fast_math --extended-lambda -ftemplate-backtrace-limit=0 -O3 -DNDEBUG --std=c++17 -Xfatbin -compress-all -std=c++17 "--generate-code=arch=compute_90a,code=[sm_90a]" -Xcompiler=-fPIC -MD -MT CMakeFiles/natten.dir/autogen/src/cuda/fna/source_96.cu.o -MF CMakeFiles/natten.dir/autogen/src/cuda/fna/source_96.cu.o.d -x cu -c /home/runner/work/NATTEN/NATTEN/csrc/autogen/src/cuda/fna/source_96.cu -o CMakeFiles/natten.dir/autogen/src/cuda/fna/source_96.cu.o
[2026-09-03T10:10:08Z DEBUG sccache::config] Attempting to read config file at "/home/runner/.config/sccache/config"
[2026-09-03T10:10:08Z DEBUG sccache::config] Couldn't open config file: failed to open file `/home/runner/.config/sccache/config`: No such file or directory (os error 2)
[2026-09-03T10:10:08Z DEBUG sccache::commands] Server sent CompileStarted
[ 67%] Building CUDA object CMakeFiles/natten.dir/autogen/src/cuda/fna/source_97.cu.o
/tmp/sccache-wrappers/nvcc -forward-unknown-to-host-compiler -DCUTLASS_ENABLE_TENSOR_CORE_MMA=1 -DNATTEN_WITH_CUTLASS -DNATTEN_WITH_HOPPER_FNA=1 -DTORCH_API_INCLUDE_EXTENSION_H -DTORCH_EXTENSION_NAME=libnatten -DWITH_CUDA -D_GLIBCXX_USE_CXX11_ABI=1 -Dnatten_EXPORTS --options-file CMakeFiles/natten.dir/includes_CUDA.rsp -Xcompiler -Wall -ldl --expt-relaxed-constexpr -Xcompiler=-Wconversion -Xcompiler=-fno-strict-aliasing --use_fast_math --extended-lambda -ftemplate-backtrace-limit=0 -O3 -DNDEBUG --std=c++17 -Xfatbin -compress-all -std=c++17 "--generate-code=arch=compute_90a,code=[sm_90a]" -Xcompiler=-fPIC -MD -MT CMakeFiles/natten.dir/autogen/src/cuda/fna/source_97.cu.o -MF CMakeFiles/natten.dir/autogen/src/cuda/fna/source_97.cu.o.d -x cu -c /home/runner/work/NATTEN/NATTEN/csrc/autogen/src/cuda/fna/source_97.cu -o CMakeFiles/natten.dir/autogen/src/cuda/fna/source_97.cu.o
[2026-09-03T10:10:11Z DEBUG sccache::config] Attempting to read config file at "/home/runner/.config/sccache/config"
[2026-09-03T10:10:11Z DEBUG sccache::config] Couldn't open config file: failed to open file `/home/runner/.config/sccache/config`: No such file or directory (os error 2)
[2026-09-03T10:10:11Z DEBUG sccache::commands] Server sent CompileStarted
[ 68%] Building CUDA object CMakeFiles/natten.dir/autogen/src/cuda/fna/source_98.cu.o
/tmp/sccache-wrappers/nvcc -forward-unknown-to-host-compiler -DCUTLASS_ENABLE_TENSOR_CORE_MMA=1 -DNATTEN_WITH_CUTLASS -DNATTEN_WITH_HOPPER_FNA=1 -DTORCH_API_INCLUDE_EXTENSION_H -DTORCH_EXTENSION_NAME=libnatten -DWITH_CUDA -D_GLIBCXX_USE_CXX11_ABI=1 -Dnatten_EXPORTS --options-file CMakeFiles/natten.dir/includes_CUDA.rsp -Xcompiler -Wall -ldl --expt-relaxed-constexpr -Xcompiler=-Wconversion -Xcompiler=-fno-strict-aliasing --use_fast_math --extended-lambda -ftemplate-backtrace-limit=0 -O3 -DNDEBUG --std=c++17 -Xfatbin -compress-all -std=c++17 "--generate-code=arch=compute_90a,code=[sm_90a]" -Xcompiler=-fPIC -MD -MT CMakeFiles/natten.dir/autogen/src/cuda/fna/source_98.cu.o -MF CMakeFiles/natten.dir/autogen/src/cuda/fna/source_98.cu.o.d -x cu -c /home/runner/work/NATTEN/NATTEN/csrc/autogen/src/cuda/fna/source_98.cu -o CMakeFiles/natten.dir/autogen/src/cuda/fna/source_98.cu.o
[2026-09-03T10:10:15Z DEBUG sccache::config] Attempting to read config file at "/home/runner/.config/sccache/config"
[2026-09-03T10:10:15Z DEBUG sccache::config] Couldn't open config file: failed to open file `/home/runner/.config/sccache/config`: No such file or directory (os error 2)
[2026-09-03T10:10:15Z DEBUG sccache::commands] Server sent CompileStarted
[ 68%] Building CUDA object CMakeFiles/natten.dir/autogen/src/cuda/fna/source_99.cu.o
/tmp/sccache-wrappers/nvcc -forward-unknown-to-host-compiler -DCUTLASS_ENABLE_TENSOR_CORE_MMA=1 -DNATTEN_WITH_CUTLASS -DNATTEN_WITH_HOPPER_FNA=1 -DTORCH_API_INCLUDE_EXTENSION_H -DTORCH_EXTENSION_NAME=libnatten -DWITH_CUDA -D_GLIBCXX_USE_CXX11_ABI=1 -Dnatten_EXPORTS --options-file CMakeFiles/natten.dir/includes_CUDA.rsp -Xcompiler -Wall -ldl --expt-relaxed-constexpr -Xcompiler=-Wconversion -Xcompiler=-fno-strict-aliasing --use_fast_math --extended-lambda -ftemplate-backtrace-limit=0 -O3 -DNDEBUG --std=c++17 -Xfatbin -compress-all -std=c++17 "--generate-code=arch=compute_90a,code=[sm_90a]" -Xcompiler=-fPIC -MD -MT CMakeFiles/natten.dir/autogen/src/cuda/fna/source_99.cu.o -MF CMakeFiles/natten.dir/autogen/src/cuda/fna/source_99.cu.o.d -x cu -c /home/runner/work/NATTEN/NATTEN/csrc/autogen/src/cuda/fna/source_99.cu -o CMakeFiles/natten.dir/autogen/src/cuda/fna/source_99.cu.o
[2026-09-03T10:10:18Z DEBUG sccache::config] Attempting to read config file at "/home/runner/.config/sccache/config"
[2026-09-03T10:10:18Z DEBUG sccache::config] Couldn't open config file: failed to open file `/home/runner/.config/sccache/config`: No such file or directory (os error 2)
[2026-09-03T10:10:18Z DEBUG sccache::commands] Server sent CompileStarted
[ 69%] Building CUDA object CMakeFiles/natten.dir/autogen/src/cuda/hopper_fmha/source_0.cu.o
/tmp/sccache-wrappers/nvcc -forward-unknown-to-host-compiler -DCUTLASS_ENABLE_TENSOR_CORE_MMA=1 -DNATTEN_WITH_CUTLASS -DNATTEN_WITH_HOPPER_FNA=1 -DTORCH_API_INCLUDE_EXTENSION_H -DTORCH_EXTENSION_NAME=libnatten -DWITH_CUDA -D_GLIBCXX_USE_CXX11_ABI=1 -Dnatten_EXPORTS --options-file CMakeFiles/natten.dir/includes_CUDA.rsp -Xcompiler -Wall -ldl --expt-relaxed-constexpr -Xcompiler=-Wconversion -Xcompiler=-fno-strict-aliasing --use_fast_math --extended-lambda -ftemplate-backtrace-limit=0 -O3 -DNDEBUG --std=c++17 -Xfatbin -compress-all -std=c++17 "--generate-code=arch=compute_90a,code=[sm_90a]" -Xcompiler=-fPIC -MD -MT CMakeFiles/natten.dir/autogen/src/cuda/hopper_fmha/source_0.cu.o -MF CMakeFiles/natten.dir/autogen/src/cuda/hopper_fmha/source_0.cu.o.d -x cu -c /home/runner/work/NATTEN/NATTEN/csrc/autogen/src/cuda/hopper_fmha/source_0.cu -o CMakeFiles/natten.dir/autogen/src/cuda/hopper_fmha/source_0.cu.o
[2026-09-03T10:10:21Z DEBUG sccache::config] Attempting to read config file at "/home/runner/.config/sccache/config"
[2026-09-03T10:10:21Z DEBUG sccache::config] Couldn't open config file: failed to open file `/home/runner/.config/sccache/config`: No such file or directory (os error 2)
[2026-09-03T10:10:21Z DEBUG sccache::commands] Server sent CompileStarted
[ 69%] Building CUDA object CMakeFiles/natten.dir/autogen/src/cuda/hopper_fmha/source_1.cu.o
/tmp/sccache-wrappers/nvcc -forward-unknown-to-host-compiler -DCUTLASS_ENABLE_TENSOR_CORE_MMA=1 -DNATTEN_WITH_CUTLASS -DNATTEN_WITH_HOPPER_FNA=1 -DTORCH_API_INCLUDE_EXTENSION_H -DTORCH_EXTENSION_NAME=libnatten -DWITH_CUDA -D_GLIBCXX_USE_CXX11_ABI=1 -Dnatten_EXPORTS --options-file CMakeFiles/natten.dir/includes_CUDA.rsp -Xcompiler -Wall -ldl --expt-relaxed-constexpr -Xcompiler=-Wconversion -Xcompiler=-fno-strict-aliasing --use_fast_math --extended-lambda -ftemplate-backtrace-limit=0 -O3 -DNDEBUG --std=c++17 -Xfatbin -compress-all -std=c++17 "--generate-code=arch=compute_90a,code=[sm_90a]" -Xcompiler=-fPIC -MD -MT CMakeFiles/natten.dir/autogen/src/cuda/hopper_fmha/source_1.cu.o -MF CMakeFiles/natten.dir/autogen/src/cuda/hopper_fmha/source_1.cu.o.d -x cu -c /home/runner/work/NATTEN/NATTEN/csrc/autogen/src/cuda/hopper_fmha/source_1.cu -o CMakeFiles/natten.dir/autogen/src/cuda/hopper_fmha/source_1.cu.o
[2026-09-03T10:12:01Z DEBUG sccache::config] Attempting to read config file at "/home/runner/.config/sccache/config"
[2026-09-03T10:12:01Z DEBUG sccache::config] Couldn't open config file: failed to open file `/home/runner/.config/sccache/config`: No such file or directory (os error 2)
[2026-09-03T10:12:01Z DEBUG sccache::commands] Server sent CompileStarted
[ 70%] Building CUDA object CMakeFiles/natten.dir/autogen/src/cuda/hopper_fmha/source_2.cu.o
/tmp/sccache-wrappers/nvcc -forward-unknown-to-host-compiler -DCUTLASS_ENABLE_TENSOR_CORE_MMA=1 -DNATTEN_WITH_CUTLASS -DNATTEN_WITH_HOPPER_FNA=1 -DTORCH_API_INCLUDE_EXTENSION_H -DTORCH_EXTENSION_NAME=libnatten -DWITH_CUDA -D_GLIBCXX_USE_CXX11_ABI=1 -Dnatten_EXPORTS --options-file CMakeFiles/natten.dir/includes_CUDA.rsp -Xcompiler -Wall -ldl --expt-relaxed-constexpr -Xcompiler=-Wconversion -Xcompiler=-fno-strict-aliasing --use_fast_math --extended-lambda -ftemplate-backtrace-limit=0 -O3 -DNDEBUG --std=c++17 -Xfatbin -compress-all -std=c++17 "--generate-code=arch=compute_90a,code=[sm_90a]" -Xcompiler=-fPIC -MD -MT CMakeFiles/natten.dir/autogen/src/cuda/hopper_fmha/source_2.cu.o -MF CMakeFiles/natten.dir/autogen/src/cuda/hopper_fmha/source_2.cu.o.d -x cu -c /home/runner/work/NATTEN/NATTEN/csrc/autogen/src/cuda/hopper_fmha/source_2.cu -o CMakeFiles/natten.dir/autogen/src/cuda/hopper_fmha/source_2.cu.o
[2026-09-03T10:13:40Z DEBUG sccache::config] Attempting to read config file at "/home/runner/.config/sccache/config"
[2026-09-03T10:13:40Z DEBUG sccache::config] Couldn't open config file: failed to open file `/home/runner/.config/sccache/config`: No such file or directory (os error 2)
[2026-09-03T10:13:40Z DEBUG sccache::commands] Server sent CompileStarted
[ 70%] Building CUDA object CMakeFiles/natten.dir/autogen/src/cuda/hopper_fmha/source_3.cu.o
/tmp/sccache-wrappers/nvcc -forward-unknown-to-host-compiler -DCUTLASS_ENABLE_TENSOR_CORE_MMA=1 -DNATTEN_WITH_CUTLASS -DNATTEN_WITH_HOPPER_FNA=1 -DTORCH_API_INCLUDE_EXTENSION_H -DTORCH_EXTENSION_NAME=libnatten -DWITH_CUDA -D_GLIBCXX_USE_CXX11_ABI=1 -Dnatten_EXPORTS --options-file CMakeFiles/natten.dir/includes_CUDA.rsp -Xcompiler -Wall -ldl --expt-relaxed-constexpr -Xcompiler=-Wconversion -Xcompiler=-fno-strict-aliasing --use_fast_math --extended-lambda -ftemplate-backtrace-limit=0 -O3 -DNDEBUG --std=c++17 -Xfatbin -compress-all -std=c++17 "--generate-code=arch=compute_90a,code=[sm_90a]" -Xcompiler=-fPIC -MD -MT CMakeFiles/natten.dir/autogen/src/cuda/hopper_fmha/source_3.cu.o -MF CMakeFiles/natten.dir/autogen/src/cuda/hopper_fmha/source_3.cu.o.d -x cu -c /home/runner/work/NATTEN/NATTEN/csrc/autogen/src/cuda/hopper_fmha/source_3.cu -o CMakeFiles/natten.dir/autogen/src/cuda/hopper_fmha/source_3.cu.o
[2026-09-03T10:13:53Z DEBUG sccache::config] Attempting to read config file at "/home/runner/.config/sccache/config"
[2026-09-03T10:13:53Z DEBUG sccache::config] Couldn't open config file: failed to open file `/home/runner/.config/sccache/config`: No such file or directory (os error 2)
[2026-09-03T10:13:53Z DEBUG sccache::commands] Server sent CompileStarted
[ 71%] Building CUDA object CMakeFiles/natten.dir/autogen/src/cuda/hopper_fmha/source_4.cu.o
/tmp/sccache-wrappers/nvcc -forward-unknown-to-host-compiler -DCUTLASS_ENABLE_TENSOR_CORE_MMA=1 -DNATTEN_WITH_CUTLASS -DNATTEN_WITH_HOPPER_FNA=1 -DTORCH_API_INCLUDE_EXTENSION_H -DTORCH_EXTENSION_NAME=libnatten -DWITH_CUDA -D_GLIBCXX_USE_CXX11_ABI=1 -Dnatten_EXPORTS --options-file CMakeFiles/natten.dir/includes_CUDA.rsp -Xcompiler -Wall -ldl --expt-relaxed-constexpr -Xcompiler=-Wconversion -Xcompiler=-fno-strict-aliasing --use_fast_math --extended-lambda -ftemplate-backtrace-limit=0 -O3 -DNDEBUG --std=c++17 -Xfatbin -compress-all -std=c++17 "--generate-code=arch=compute_90a,code=[sm_90a]" -Xcompiler=-fPIC -MD -MT CMakeFiles/natten.dir/autogen/src/cuda/hopper_fmha/source_4.cu.o -MF CMakeFiles/natten.dir/autogen/src/cuda/hopper_fmha/source_4.cu.o.d -x cu -c /home/runner/work/NATTEN/NATTEN/csrc/autogen/src/cuda/hopper_fmha/source_4.cu -o CMakeFiles/natten.dir/autogen/src/cuda/hopper_fmha/source_4.cu.o
[2026-09-03T10:14:07Z DEBUG sccache::config] Attempting to read config file at "/home/runner/.config/sccache/config"
[2026-09-03T10:14:07Z DEBUG sccache::config] Couldn't open config file: failed to open file `/home/runner/.config/sccache/config`: No such file or directory (os error 2)
[2026-09-03T10:14:07Z DEBUG sccache::commands] Server sent CompileStarted
[ 71%] Building CUDA object CMakeFiles/natten.dir/autogen/src/cuda/hopper_fmha/source_5.cu.o
/tmp/sccache-wrappers/nvcc -forward-unknown-to-host-compiler -DCUTLASS_ENABLE_TENSOR_CORE_MMA=1 -DNATTEN_WITH_CUTLASS -DNATTEN_WITH_HOPPER_FNA=1 -DTORCH_API_INCLUDE_EXTENSION_H -DTORCH_EXTENSION_NAME=libnatten -DWITH_CUDA -D_GLIBCXX_USE_CXX11_ABI=1 -Dnatten_EXPORTS --options-file CMakeFiles/natten.dir/includes_CUDA.rsp -Xcompiler -Wall -ldl --expt-relaxed-constexpr -Xcompiler=-Wconversion -Xcompiler=-fno-strict-aliasing --use_fast_math --extended-lambda -ftemplate-backtrace-limit=0 -O3 -DNDEBUG --std=c++17 -Xfatbin -compress-all -std=c++17 "--generate-code=arch=compute_90a,code=[sm_90a]" -Xcompiler=-fPIC -MD -MT CMakeFiles/natten.dir/autogen/src/cuda/hopper_fmha/source_5.cu.o -MF CMakeFiles/natten.dir/autogen/src/cuda/hopper_fmha/source_5.cu.o.d -x cu -c /home/runner/work/NATTEN/NATTEN/csrc/autogen/src/cuda/hopper_fmha/source_5.cu -o CMakeFiles/natten.dir/autogen/src/cuda/hopper_fmha/source_5.cu.o
[2026-09-03T10:14:20Z DEBUG sccache::config] Attempting to read config file at "/home/runner/.config/sccache/config"
[2026-09-03T10:14:20Z DEBUG sccache::config] Couldn't open config file: failed to open file `/home/runner/.config/sccache/config`: No such file or directory (os error 2)
[2026-09-03T10:14:20Z DEBUG sccache::commands] Server sent CompileStarted
[ 72%] Building CUDA object CMakeFiles/natten.dir/autogen/src/cuda/hopper_fmha/source_6.cu.o
/tmp/sccache-wrappers/nvcc -forward-unknown-to-host-compiler -DCUTLASS_ENABLE_TENSOR_CORE_MMA=1 -DNATTEN_WITH_CUTLASS -DNATTEN_WITH_HOPPER_FNA=1 -DTORCH_API_INCLUDE_EXTENSION_H -DTORCH_EXTENSION_NAME=libnatten -DWITH_CUDA -D_GLIBCXX_USE_CXX11_ABI=1 -Dnatten_EXPORTS --options-file CMakeFiles/natten.dir/includes_CUDA.rsp -Xcompiler -Wall -ldl --expt-relaxed-constexpr -Xcompiler=-Wconversion -Xcompiler=-fno-strict-aliasing --use_fast_math --extended-lambda -ftemplate-backtrace-limit=0 -O3 -DNDEBUG --std=c++17 -Xfatbin -compress-all -std=c++17 "--generate-code=arch=compute_90a,code=[sm_90a]" -Xcompiler=-fPIC -MD -MT CMakeFiles/natten.dir/autogen/src/cuda/hopper_fmha/source_6.cu.o -MF CMakeFiles/natten.dir/autogen/src/cuda/hopper_fmha/source_6.cu.o.d -x cu -c /home/runner/work/NATTEN/NATTEN/csrc/autogen/src/cuda/hopper_fmha/source_6.cu -o CMakeFiles/natten.dir/autogen/src/cuda/hopper_fmha/source_6.cu.o
[2026-09-03T10:14:34Z DEBUG sccache::config] Attempting to read config file at "/home/runner/.config/sccache/config"
[2026-09-03T10:14:34Z DEBUG sccache::config] Couldn't open config file: failed to open file `/home/runner/.config/sccache/config`: No such file or directory (os error 2)
[2026-09-03T10:14:34Z DEBUG sccache::commands] Server sent CompileStarted
[ 72%] Building CUDA object CMakeFiles/natten.dir/autogen/src/cuda/hopper_fmha/source_7.cu.o
/tmp/sccache-wrappers/nvcc -forward-unknown-to-host-compiler -DCUTLASS_ENABLE_TENSOR_CORE_MMA=1 -DNATTEN_WITH_CUTLASS -DNATTEN_WITH_HOPPER_FNA=1 -DTORCH_API_INCLUDE_EXTENSION_H -DTORCH_EXTENSION_NAME=libnatten -DWITH_CUDA -D_GLIBCXX_USE_CXX11_ABI=1 -Dnatten_EXPORTS --options-file CMakeFiles/natten.dir/includes_CUDA.rsp -Xcompiler -Wall -ldl --expt-relaxed-constexpr -Xcompiler=-Wconversion -Xcompiler=-fno-strict-aliasing --use_fast_math --extended-lambda -ftemplate-backtrace-limit=0 -O3 -DNDEBUG --std=c++17 -Xfatbin -compress-all -std=c++17 "--generate-code=arch=compute_90a,code=[sm_90a]" -Xcompiler=-fPIC -MD -MT CMakeFiles/natten.dir/autogen/src/cuda/hopper_fmha/source_7.cu.o -MF CMakeFiles/natten.dir/autogen/src/cuda/hopper_fmha/source_7.cu.o.d -x cu -c /home/runner/work/NATTEN/NATTEN/csrc/autogen/src/cuda/hopper_fmha/source_7.cu -o CMakeFiles/natten.dir/autogen/src/cuda/hopper_fmha/source_7.cu.o
[2026-09-03T10:16:13Z DEBUG sccache::config] Attempting to read config file at "/home/runner/.config/sccache/config"
[2026-09-03T10:16:13Z DEBUG sccache::config] Couldn't open config file: failed to open file `/home/runner/.config/sccache/config`: No such file or directory (os error 2)
[2026-09-03T10:16:13Z DEBUG sccache::commands] Server sent CompileStarted
[ 73%] Building CUDA object CMakeFiles/natten.dir/autogen/src/cuda/hopper_fmha/source_8.cu.o
/tmp/sccache-wrappers/nvcc -forward-unknown-to-host-compiler -DCUTLASS_ENABLE_TENSOR_CORE_MMA=1 -DNATTEN_WITH_CUTLASS -DNATTEN_WITH_HOPPER_FNA=1 -DTORCH_API_INCLUDE_EXTENSION_H -DTORCH_EXTENSION_NAME=libnatten -DWITH_CUDA -D_GLIBCXX_USE_CXX11_ABI=1 -Dnatten_EXPORTS --options-file CMakeFiles/natten.dir/includes_CUDA.rsp -Xcompiler -Wall -ldl --expt-relaxed-constexpr -Xcompiler=-Wconversion -Xcompiler=-fno-strict-aliasing --use_fast_math --extended-lambda -ftemplate-backtrace-limit=0 -O3 -DNDEBUG --std=c++17 -Xfatbin -compress-all -std=c++17 "--generate-code=arch=compute_90a,code=[sm_90a]" -Xcompiler=-fPIC -MD -MT CMakeFiles/natten.dir/autogen/src/cuda/hopper_fmha/source_8.cu.o -MF CMakeFiles/natten.dir/autogen/src/cuda/hopper_fmha/source_8.cu.o.d -x cu -c /home/runner/work/NATTEN/NATTEN/csrc/autogen/src/cuda/hopper_fmha/source_8.cu -o CMakeFiles/natten.dir/autogen/src/cuda/hopper_fmha/source_8.cu.o
[2026-09-03T10:16:27Z DEBUG sccache::config] Attempting to read config file at "/home/runner/.config/sccache/config"
[2026-09-03T10:16:27Z DEBUG sccache::config] Couldn't open config file: failed to open file `/home/runner/.config/sccache/config`: No such file or directory (os error 2)
[2026-09-03T10:16:27Z DEBUG sccache::commands] Server sent CompileStarted
[ 73%] Building CUDA object CMakeFiles/natten.dir/autogen/src/cuda/hopper_fmha/source_9.cu.o
/tmp/sccache-wrappers/nvcc -forward-unknown-to-host-compiler -DCUTLASS_ENABLE_TENSOR_CORE_MMA=1 -DNATTEN_WITH_CUTLASS -DNATTEN_WITH_HOPPER_FNA=1 -DTORCH_API_INCLUDE_EXTENSION_H -DTORCH_EXTENSION_NAME=libnatten -DWITH_CUDA -D_GLIBCXX_USE_CXX11_ABI=1 -Dnatten_EXPORTS --options-file CMakeFiles/natten.dir/includes_CUDA.rsp -Xcompiler -Wall -ldl --expt-relaxed-constexpr -Xcompiler=-Wconversion -Xcompiler=-fno-strict-aliasing --use_fast_math --extended-lambda -ftemplate-backtrace-limit=0 -O3 -DNDEBUG --std=c++17 -Xfatbin -compress-all -std=c++17 "--generate-code=arch=compute_90a,code=[sm_90a]" -Xcompiler=-fPIC -MD -MT CMakeFiles/natten.dir/autogen/src/cuda/hopper_fmha/source_9.cu.o -MF CMakeFiles/natten.dir/autogen/src/cuda/hopper_fmha/source_9.cu.o.d -x cu -c /home/runner/work/NATTEN/NATTEN/csrc/autogen/src/cuda/hopper_fmha/source_9.cu -o CMakeFiles/natten.dir/autogen/src/cuda/hopper_fmha/source_9.cu.o
[2026-09-03T10:16:41Z DEBUG sccache::config] Attempting to read config file at "/home/runner/.config/sccache/config"
[2026-09-03T10:16:41Z DEBUG sccache::config] Couldn't open config file: failed to open file `/home/runner/.config/sccache/config`: No such file or directory (os error 2)
[2026-09-03T10:16:41Z DEBUG sccache::commands] Server sent CompileStarted
[ 74%] Building CUDA object CMakeFiles/natten.dir/autogen/src/cuda/hopper_fmha_bwd/source_0.cu.o
/tmp/sccache-wrappers/nvcc -forward-unknown-to-host-compiler -DCUTLASS_ENABLE_TENSOR_CORE_MMA=1 -DNATTEN_WITH_CUTLASS -DNATTEN_WITH_HOPPER_FNA=1 -DTORCH_API_INCLUDE_EXTENSION_H -DTORCH_EXTENSION_NAME=libnatten -DWITH_CUDA -D_GLIBCXX_USE_CXX11_ABI=1 -Dnatten_EXPORTS --options-file CMakeFiles/natten.dir/includes_CUDA.rsp -Xcompiler -Wall -ldl --expt-relaxed-constexpr -Xcompiler=-Wconversion -Xcompiler=-fno-strict-aliasing --use_fast_math --extended-lambda -ftemplate-backtrace-limit=0 -O3 -DNDEBUG --std=c++17 -Xfatbin -compress-all -std=c++17 "--generate-code=arch=compute_90a,code=[sm_90a]" -Xcompiler=-fPIC -MD -MT CMakeFiles/natten.dir/autogen/src/cuda/hopper_fmha_bwd/source_0.cu.o -MF CMakeFiles/natten.dir/autogen/src/cuda/hopper_fmha_bwd/source_0.cu.o.d -x cu -c /home/runner/work/NATTEN/NATTEN/csrc/autogen/src/cuda/hopper_fmha_bwd/source_0.cu -o CMakeFiles/natten.dir/autogen/src/cuda/hopper_fmha_bwd/source_0.cu.o
[2026-09-03T10:16:54Z DEBUG sccache::config] Attempting to read config file at "/home/runner/.config/sccache/config"
[2026-09-03T10:16:54Z DEBUG sccache::config] Couldn't open config file: failed to open file `/home/runner/.config/sccache/config`: No such file or directory (os error 2)
[2026-09-03T10:16:54Z DEBUG sccache::commands] Server sent CompileStarted
[ 74%] Building CUDA object CMakeFiles/natten.dir/autogen/src/cuda/hopper_fmha_bwd/source_1.cu.o
/tmp/sccache-wrappers/nvcc -forward-unknown-to-host-compiler -DCUTLASS_ENABLE_TENSOR_CORE_MMA=1 -DNATTEN_WITH_CUTLASS -DNATTEN_WITH_HOPPER_FNA=1 -DTORCH_API_INCLUDE_EXTENSION_H -DTORCH_EXTENSION_NAME=libnatten -DWITH_CUDA -D_GLIBCXX_USE_CXX11_ABI=1 -Dnatten_EXPORTS --options-file CMakeFiles/natten.dir/includes_CUDA.rsp -Xcompiler -Wall -ldl --expt-relaxed-constexpr -Xcompiler=-Wconversion -Xcompiler=-fno-strict-aliasing --use_fast_math --extended-lambda -ftemplate-backtrace-limit=0 -O3 -DNDEBUG --std=c++17 -Xfatbin -compress-all -std=c++17 "--generate-code=arch=compute_90a,code=[sm_90a]" -Xcompiler=-fPIC -MD -MT CMakeFiles/natten.dir/autogen/src/cuda/hopper_fmha_bwd/source_1.cu.o -MF CMakeFiles/natten.dir/autogen/src/cuda/hopper_fmha_bwd/source_1.cu.o.d -x cu -c /home/runner/work/NATTEN/NATTEN/csrc/autogen/src/cuda/hopper_fmha_bwd/source_1.cu -o CMakeFiles/natten.dir/autogen/src/cuda/hopper_fmha_bwd/source_1.cu.o
[2026-09-03T10:18:38Z DEBUG sccache::config] Attempting to read config file at "/home/runner/.config/sccache/config"
[2026-09-03T10:18:38Z DEBUG sccache::config] Couldn't open config file: failed to open file `/home/runner/.config/sccache/config`: No such file or directory (os error 2)
[2026-09-03T10:18:38Z DEBUG sccache::commands] Server sent CompileStarted
[ 75%] Building CUDA object CMakeFiles/natten.dir/autogen/src/cuda/hopper_fmha_bwd/source_2.cu.o
/tmp/sccache-wrappers/nvcc -forward-unknown-to-host-compiler -DCUTLASS_ENABLE_TENSOR_CORE_MMA=1 -DNATTEN_WITH_CUTLASS -DNATTEN_WITH_HOPPER_FNA=1 -DTORCH_API_INCLUDE_EXTENSION_H -DTORCH_EXTENSION_NAME=libnatten -DWITH_CUDA -D_GLIBCXX_USE_CXX11_ABI=1 -Dnatten_EXPORTS --options-file CMakeFiles/natten.dir/includes_CUDA.rsp -Xcompiler -Wall -ldl --expt-relaxed-constexpr -Xcompiler=-Wconversion -Xcompiler=-fno-strict-aliasing --use_fast_math --extended-lambda -ftemplate-backtrace-limit=0 -O3 -DNDEBUG --std=c++17 -Xfatbin -compress-all -std=c++17 "--generate-code=arch=compute_90a,code=[sm_90a]" -Xcompiler=-fPIC -MD -MT CMakeFiles/natten.dir/autogen/src/cuda/hopper_fmha_bwd/source_2.cu.o -MF CMakeFiles/natten.dir/autogen/src/cuda/hopper_fmha_bwd/source_2.cu.o.d -x cu -c /home/runner/work/NATTEN/NATTEN/csrc/autogen/src/cuda/hopper_fmha_bwd/source_2.cu -o CMakeFiles/natten.dir/autogen/src/cuda/hopper_fmha_bwd/source_2.cu.o
[2026-09-03T10:20:26Z DEBUG sccache::config] Attempting to read config file at "/home/runner/.config/sccache/config"
[2026-09-03T10:20:26Z DEBUG sccache::config] Couldn't open config file: failed to open file `/home/runner/.config/sccache/config`: No such file or directory (os error 2)
[2026-09-03T10:20:26Z DEBUG sccache::commands] Server sent CompileStarted
[ 75%] Building CUDA object CMakeFiles/natten.dir/autogen/src/cuda/hopper_fmha_bwd/source_3.cu.o
/tmp/sccache-wrappers/nvcc -forward-unknown-to-host-compiler -DCUTLASS_ENABLE_TENSOR_CORE_MMA=1 -DNATTEN_WITH_CUTLASS -DNATTEN_WITH_HOPPER_FNA=1 -DTORCH_API_INCLUDE_EXTENSION_H -DTORCH_EXTENSION_NAME=libnatten -DWITH_CUDA -D_GLIBCXX_USE_CXX11_ABI=1 -Dnatten_EXPORTS --options-file CMakeFiles/natten.dir/includes_CUDA.rsp -Xcompiler -Wall -ldl --expt-relaxed-constexpr -Xcompiler=-Wconversion -Xcompiler=-fno-strict-aliasing --use_fast_math --extended-lambda -ftemplate-backtrace-limit=0 -O3 -DNDEBUG --std=c++17 -Xfatbin -compress-all -std=c++17 "--generate-code=arch=compute_90a,code=[sm_90a]" -Xcompiler=-fPIC -MD -MT CMakeFiles/natten.dir/autogen/src/cuda/hopper_fmha_bwd/source_3.cu.o -MF CMakeFiles/natten.dir/autogen/src/cuda/hopper_fmha_bwd/source_3.cu.o.d -x cu -c /home/runner/work/NATTEN/NATTEN/csrc/autogen/src/cuda/hopper_fmha_bwd/source_3.cu -o CMakeFiles/natten.dir/autogen/src/cuda/hopper_fmha_bwd/source_3.cu.o
[2026-09-03T10:20:39Z DEBUG sccache::config] Attempting to read config file at "/home/runner/.config/sccache/config"
[2026-09-03T10:20:39Z DEBUG sccache::config] Couldn't open config file: failed to open file `/home/runner/.config/sccache/config`: No such file or directory (os error 2)
[2026-09-03T10:20:39Z DEBUG sccache::commands] Server sent CompileStarted
[ 75%] Building CUDA object CMakeFiles/natten.dir/autogen/src/cuda/hopper_fmha_bwd/source_4.cu.o
/tmp/sccache-wrappers/nvcc -forward-unknown-to-host-compiler -DCUTLASS_ENABLE_TENSOR_CORE_MMA=1 -DNATTEN_WITH_CUTLASS -DNATTEN_WITH_HOPPER_FNA=1 -DTORCH_API_INCLUDE_EXTENSION_H -DTORCH_EXTENSION_NAME=libnatten -DWITH_CUDA -D_GLIBCXX_USE_CXX11_ABI=1 -Dnatten_EXPORTS --options-file CMakeFiles/natten.dir/includes_CUDA.rsp -Xcompiler -Wall -ldl --expt-relaxed-constexpr -Xcompiler=-Wconversion -Xcompiler=-fno-strict-aliasing --use_fast_math --extended-lambda -ftemplate-backtrace-limit=0 -O3 -DNDEBUG --std=c++17 -Xfatbin -compress-all -std=c++17 "--generate-code=arch=compute_90a,code=[sm_90a]" -Xcompiler=-fPIC -MD -MT CMakeFiles/natten.dir/autogen/src/cuda/hopper_fmha_bwd/source_4.cu.o -MF CMakeFiles/natten.dir/autogen/src/cuda/hopper_fmha_bwd/source_4.cu.o.d -x cu -c /home/runner/work/NATTEN/NATTEN/csrc/autogen/src/cuda/hopper_fmha_bwd/source_4.cu -o CMakeFiles/natten.dir/autogen/src/cuda/hopper_fmha_bwd/source_4.cu.o
[2026-09-03T10:20:52Z DEBUG sccache::config] Attempting to read config file at "/home/runner/.config/sccache/config"
[2026-09-03T10:20:52Z DEBUG sccache::config] Couldn't open config file: failed to open file `/home/runner/.config/sccache/config`: No such file or directory (os error 2)
[2026-09-03T10:20:52Z DEBUG sccache::commands] Server sent CompileStarted
[ 76%] Building CUDA object CMakeFiles/natten.dir/autogen/src/cuda/hopper_fmha_bwd/source_5.cu.o
/tmp/sccache-wrappers/nvcc -forward-unknown-to-host-compiler -DCUTLASS_ENABLE_TENSOR_CORE_MMA=1 -DNATTEN_WITH_CUTLASS -DNATTEN_WITH_HOPPER_FNA=1 -DTORCH_API_INCLUDE_EXTENSION_H -DTORCH_EXTENSION_NAME=libnatten -DWITH_CUDA -D_GLIBCXX_USE_CXX11_ABI=1 -Dnatten_EXPORTS --options-file CMakeFiles/natten.dir/includes_CUDA.rsp -Xcompiler -Wall -ldl --expt-relaxed-constexpr -Xcompiler=-Wconversion -Xcompiler=-fno-strict-aliasing --use_fast_math --extended-lambda -ftemplate-backtrace-limit=0 -O3 -DNDEBUG --std=c++17 -Xfatbin -compress-all -std=c++17 "--generate-code=arch=compute_90a,code=[sm_90a]" -Xcompiler=-fPIC -MD -MT CMakeFiles/natten.dir/autogen/src/cuda/hopper_fmha_bwd/source_5.cu.o -MF CMakeFiles/natten.dir/autogen/src/cuda/hopper_fmha_bwd/source_5.cu.o.d -x cu -c /home/runner/work/NATTEN/NATTEN/csrc/autogen/src/cuda/hopper_fmha_bwd/source_5.cu -o CMakeFiles/natten.dir/autogen/src/cuda/hopper_fmha_bwd/source_5.cu.o
[2026-09-03T10:21:05Z DEBUG sccache::config] Attempting to read config file at "/home/runner/.config/sccache/config"
[2026-09-03T10:21:05Z DEBUG sccache::config] Couldn't open config file: failed to open file `/home/runner/.config/sccache/config`: No such file or directory (os error 2)
[2026-09-03T10:21:05Z DEBUG sccache::commands] Server sent CompileStarted
[ 76%] Building CUDA object CMakeFiles/natten.dir/autogen/src/cuda/hopper_fmha_bwd/source_6.cu.o
/tmp/sccache-wrappers/nvcc -forward-unknown-to-host-compiler -DCUTLASS_ENABLE_TENSOR_CORE_MMA=1 -DNATTEN_WITH_CUTLASS -DNATTEN_WITH_HOPPER_FNA=1 -DTORCH_API_INCLUDE_EXTENSION_H -DTORCH_EXTENSION_NAME=libnatten -DWITH_CUDA -D_GLIBCXX_USE_CXX11_ABI=1 -Dnatten_EXPORTS --options-file CMakeFiles/natten.dir/includes_CUDA.rsp -Xcompiler -Wall -ldl --expt-relaxed-constexpr -Xcompiler=-Wconversion -Xcompiler=-fno-strict-aliasing --use_fast_math --extended-lambda -ftemplate-backtrace-limit=0 -O3 -DNDEBUG --std=c++17 -Xfatbin -compress-all -std=c++17 "--generate-code=arch=compute_90a,code=[sm_90a]" -Xcompiler=-fPIC -MD -MT CMakeFiles/natten.dir/autogen/src/cuda/hopper_fmha_bwd/source_6.cu.o -MF CMakeFiles/natten.dir/autogen/src/cuda/hopper_fmha_bwd/source_6.cu.o.d -x cu -c /home/runner/work/NATTEN/NATTEN/csrc/autogen/src/cuda/hopper_fmha_bwd/source_6.cu -o CMakeFiles/natten.dir/autogen/src/cuda/hopper_fmha_bwd/source_6.cu.o
[2026-09-03T10:21:18Z DEBUG sccache::config] Attempting to read config file at "/home/runner/.config/sccache/config"
[2026-09-03T10:21:18Z DEBUG sccache::config] Couldn't open config file: failed to open file `/home/runner/.config/sccache/config`: No such file or directory (os error 2)
[2026-09-03T10:21:18Z DEBUG sccache::commands] Server sent CompileStarted
[ 77%] Building CUDA object CMakeFiles/natten.dir/autogen/src/cuda/hopper_fmha_bwd/source_7.cu.o
/tmp/sccache-wrappers/nvcc -forward-unknown-to-host-compiler -DCUTLASS_ENABLE_TENSOR_CORE_MMA=1 -DNATTEN_WITH_CUTLASS -DNATTEN_WITH_HOPPER_FNA=1 -DTORCH_API_INCLUDE_EXTENSION_H -DTORCH_EXTENSION_NAME=libnatten -DWITH_CUDA -D_GLIBCXX_USE_CXX11_ABI=1 -Dnatten_EXPORTS --options-file CMakeFiles/natten.dir/includes_CUDA.rsp -Xcompiler -Wall -ldl --expt-relaxed-constexpr -Xcompiler=-Wconversion -Xcompiler=-fno-strict-aliasing --use_fast_math --extended-lambda -ftemplate-backtrace-limit=0 -O3 -DNDEBUG --std=c++17 -Xfatbin -compress-all -std=c++17 "--generate-code=arch=compute_90a,code=[sm_90a]" -Xcompiler=-fPIC -MD -MT CMakeFiles/natten.dir/autogen/src/cuda/hopper_fmha_bwd/source_7.cu.o -MF CMakeFiles/natten.dir/autogen/src/cuda/hopper_fmha_bwd/source_7.cu.o.d -x cu -c /home/runner/work/NATTEN/NATTEN/csrc/autogen/src/cuda/hopper_fmha_bwd/source_7.cu -o CMakeFiles/natten.dir/autogen/src/cuda/hopper_fmha_bwd/source_7.cu.o
[2026-09-03T10:23:04Z DEBUG sccache::config] Attempting to read config file at "/home/runner/.config/sccache/config"
[2026-09-03T10:23:04Z DEBUG sccache::config] Couldn't open config file: failed to open file `/home/runner/.config/sccache/config`: No such file or directory (os error 2)
[2026-09-03T10:23:04Z DEBUG sccache::commands] Server sent CompileStarted
[ 77%] Building CUDA object CMakeFiles/natten.dir/autogen/src/cuda/hopper_fmha_bwd/source_8.cu.o
/tmp/sccache-wrappers/nvcc -forward-unknown-to-host-compiler -DCUTLASS_ENABLE_TENSOR_CORE_MMA=1 -DNATTEN_WITH_CUTLASS -DNATTEN_WITH_HOPPER_FNA=1 -DTORCH_API_INCLUDE_EXTENSION_H -DTORCH_EXTENSION_NAME=libnatten -DWITH_CUDA -D_GLIBCXX_USE_CXX11_ABI=1 -Dnatten_EXPORTS --options-file CMakeFiles/natten.dir/includes_CUDA.rsp -Xcompiler -Wall -ldl --expt-relaxed-constexpr -Xcompiler=-Wconversion -Xcompiler=-fno-strict-aliasing --use_fast_math --extended-lambda -ftemplate-backtrace-limit=0 -O3 -DNDEBUG --std=c++17 -Xfatbin -compress-all -std=c++17 "--generate-code=arch=compute_90a,code=[sm_90a]" -Xcompiler=-fPIC -MD -MT CMakeFiles/natten.dir/autogen/src/cuda/hopper_fmha_bwd/source_8.cu.o -MF CMakeFiles/natten.dir/autogen/src/cuda/hopper_fmha_bwd/source_8.cu.o.d -x cu -c /home/runner/work/NATTEN/NATTEN/csrc/autogen/src/cuda/hopper_fmha_bwd/source_8.cu -o CMakeFiles/natten.dir/autogen/src/cuda/hopper_fmha_bwd/source_8.cu.o
[2026-09-03T10:23:18Z DEBUG sccache::config] Attempting to read config file at "/home/runner/.config/sccache/config"
[2026-09-03T10:23:18Z DEBUG sccache::config] Couldn't open config file: failed to open file `/home/runner/.config/sccache/config`: No such file or directory (os error 2)
[2026-09-03T10:23:18Z DEBUG sccache::commands] Server sent CompileStarted
[ 78%] Building CUDA object CMakeFiles/natten.dir/autogen/src/cuda/hopper_fmha_bwd/source_9.cu.o
/tmp/sccache-wrappers/nvcc -forward-unknown-to-host-compiler -DCUTLASS_ENABLE_TENSOR_CORE_MMA=1 -DNATTEN_WITH_CUTLASS -DNATTEN_WITH_HOPPER_FNA=1 -DTORCH_API_INCLUDE_EXTENSION_H -DTORCH_EXTENSION_NAME=libnatten -DWITH_CUDA -D_GLIBCXX_USE_CXX11_ABI=1 -Dnatten_EXPORTS --options-file CMakeFiles/natten.dir/includes_CUDA.rsp -Xcompiler -Wall -ldl --expt-relaxed-constexpr -Xcompiler=-Wconversion -Xcompiler=-fno-strict-aliasing --use_fast_math --extended-lambda -ftemplate-backtrace-limit=0 -O3 -DNDEBUG --std=c++17 -Xfatbin -compress-all -std=c++17 "--generate-code=arch=compute_90a,code=[sm_90a]" -Xcompiler=-fPIC -MD -MT CMakeFiles/natten.dir/autogen/src/cuda/hopper_fmha_bwd/source_9.cu.o -MF CMakeFiles/natten.dir/autogen/src/cuda/hopper_fmha_bwd/source_9.cu.o.d -x cu -c /home/runner/work/NATTEN/NATTEN/csrc/autogen/src/cuda/hopper_fmha_bwd/source_9.cu -o CMakeFiles/natten.dir/autogen/src/cuda/hopper_fmha_bwd/source_9.cu.o
[2026-09-03T10:23:31Z DEBUG sccache::config] Attempting to read config file at "/home/runner/.config/sccache/config"
[2026-09-03T10:23:31Z DEBUG sccache::config] Couldn't open config file: failed to open file `/home/runner/.config/sccache/config`: No such file or directory (os error 2)
[2026-09-03T10:23:31Z DEBUG sccache::commands] Server sent CompileStarted
[ 78%] Building CUDA object CMakeFiles/natten.dir/autogen/src/cuda/hopper_fna/source_0.cu.o
/tmp/sccache-wrappers/nvcc -forward-unknown-to-host-compiler -DCUTLASS_ENABLE_TENSOR_CORE_MMA=1 -DNATTEN_WITH_CUTLASS -DNATTEN_WITH_HOPPER_FNA=1 -DTORCH_API_INCLUDE_EXTENSION_H -DTORCH_EXTENSION_NAME=libnatten -DWITH_CUDA -D_GLIBCXX_USE_CXX11_ABI=1 -Dnatten_EXPORTS --options-file CMakeFiles/natten.dir/includes_CUDA.rsp -Xcompiler -Wall -ldl --expt-relaxed-constexpr -Xcompiler=-Wconversion -Xcompiler=-fno-strict-aliasing --use_fast_math --extended-lambda -ftemplate-backtrace-limit=0 -O3 -DNDEBUG --std=c++17 -Xfatbin -compress-all -std=c++17 "--generate-code=arch=compute_90a,code=[sm_90a]" -Xcompiler=-fPIC -MD -MT CMakeFiles/natten.dir/autogen/src/cuda/hopper_fna/source_0.cu.o -MF CMakeFiles/natten.dir/autogen/src/cuda/hopper_fna/source_0.cu.o.d -x cu -c /home/runner/work/NATTEN/NATTEN/csrc/autogen/src/cuda/hopper_fna/source_0.cu -o CMakeFiles/natten.dir/autogen/src/cuda/hopper_fna/source_0.cu.o
[2026-09-03T10:23:44Z DEBUG sccache::config] Attempting to read config file at "/home/runner/.config/sccache/config"
[2026-09-03T10:23:44Z DEBUG sccache::config] Couldn't open config file: failed to open file `/home/runner/.config/sccache/config`: No such file or directory (os error 2)
[2026-09-03T10:23:44Z DEBUG sccache::commands] Server sent CompileStarted
[ 79%] Building CUDA object CMakeFiles/natten.dir/autogen/src/cuda/hopper_fna/source_1.cu.o
/tmp/sccache-wrappers/nvcc -forward-unknown-to-host-compiler -DCUTLASS_ENABLE_TENSOR_CORE_MMA=1 -DNATTEN_WITH_CUTLASS -DNATTEN_WITH_HOPPER_FNA=1 -DTORCH_API_INCLUDE_EXTENSION_H -DTORCH_EXTENSION_NAME=libnatten -DWITH_CUDA -D_GLIBCXX_USE_CXX11_ABI=1 -Dnatten_EXPORTS --options-file CMakeFiles/natten.dir/includes_CUDA.rsp -Xcompiler -Wall -ldl --expt-relaxed-constexpr -Xcompiler=-Wconversion -Xcompiler=-fno-strict-aliasing --use_fast_math --extended-lambda -ftemplate-backtrace-limit=0 -O3 -DNDEBUG --std=c++17 -Xfatbin -compress-all -std=c++17 "--generate-code=arch=compute_90a,code=[sm_90a]" -Xcompiler=-fPIC -MD -MT CMakeFiles/natten.dir/autogen/src/cuda/hopper_fna/source_1.cu.o -MF CMakeFiles/natten.dir/autogen/src/cuda/hopper_fna/source_1.cu.o.d -x cu -c /home/runner/work/NATTEN/NATTEN/csrc/autogen/src/cuda/hopper_fna/source_1.cu -o CMakeFiles/natten.dir/autogen/src/cuda/hopper_fna/source_1.cu.o
[2026-09-03T10:23:57Z DEBUG sccache::config] Attempting to read config file at "/home/runner/.config/sccache/config"
[2026-09-03T10:23:57Z DEBUG sccache::config] Couldn't open config file: failed to open file `/home/runner/.config/sccache/config`: No such file or directory (os error 2)
[2026-09-03T10:23:57Z DEBUG sccache::commands] Server sent CompileStarted
[ 79%] Building CUDA object CMakeFiles/natten.dir/autogen/src/cuda/hopper_fna/source_10.cu.o
/tmp/sccache-wrappers/nvcc -forward-unknown-to-host-compiler -DCUTLASS_ENABLE_TENSOR_CORE_MMA=1 -DNATTEN_WITH_CUTLASS -DNATTEN_WITH_HOPPER_FNA=1 -DTORCH_API_INCLUDE_EXTENSION_H -DTORCH_EXTENSION_NAME=libnatten -DWITH_CUDA -D_GLIBCXX_USE_CXX11_ABI=1 -Dnatten_EXPORTS --options-file CMakeFiles/natten.dir/includes_CUDA.rsp -Xcompiler -Wall -ldl --expt-relaxed-constexpr -Xcompiler=-Wconversion -Xcompiler=-fno-strict-aliasing --use_fast_math --extended-lambda -ftemplate-backtrace-limit=0 -O3 -DNDEBUG --std=c++17 -Xfatbin -compress-all -std=c++17 "--generate-code=arch=compute_90a,code=[sm_90a]" -Xcompiler=-fPIC -MD -MT CMakeFiles/natten.dir/autogen/src/cuda/hopper_fna/source_10.cu.o -MF CMakeFiles/natten.dir/autogen/src/cuda/hopper_fna/source_10.cu.o.d -x cu -c /home/runner/work/NATTEN/NATTEN/csrc/autogen/src/cuda/hopper_fna/source_10.cu -o CMakeFiles/natten.dir/autogen/src/cuda/hopper_fna/source_10.cu.o
[2026-09-03T10:24:11Z DEBUG sccache::config] Attempting to read config file at "/home/runner/.config/sccache/config"
[2026-09-03T10:24:11Z DEBUG sccache::config] Couldn't open config file: failed to open file `/home/runner/.config/sccache/config`: No such file or directory (os error 2)
[2026-09-03T10:24:11Z DEBUG sccache::commands] Server sent CompileStarted
[ 80%] Building CUDA object CMakeFiles/natten.dir/autogen/src/cuda/hopper_fna/source_11.cu.o
/tmp/sccache-wrappers/nvcc -forward-unknown-to-host-compiler -DCUTLASS_ENABLE_TENSOR_CORE_MMA=1 -DNATTEN_WITH_CUTLASS -DNATTEN_WITH_HOPPER_FNA=1 -DTORCH_API_INCLUDE_EXTENSION_H -DTORCH_EXTENSION_NAME=libnatten -DWITH_CUDA -D_GLIBCXX_USE_CXX11_ABI=1 -Dnatten_EXPORTS --options-file CMakeFiles/natten.dir/includes_CUDA.rsp -Xcompiler -Wall -ldl --expt-relaxed-constexpr -Xcompiler=-Wconversion -Xcompiler=-fno-strict-aliasing --use_fast_math --extended-lambda -ftemplate-backtrace-limit=0 -O3 -DNDEBUG --std=c++17 -Xfatbin -compress-all -std=c++17 "--generate-code=arch=compute_90a,code=[sm_90a]" -Xcompiler=-fPIC -MD -MT CMakeFiles/natten.dir/autogen/src/cuda/hopper_fna/source_11.cu.o -MF CMakeFiles/natten.dir/autogen/src/cuda/hopper_fna/source_11.cu.o.d -x cu -c /home/runner/work/NATTEN/NATTEN/csrc/autogen/src/cuda/hopper_fna/source_11.cu -o CMakeFiles/natten.dir/autogen/src/cuda/hopper_fna/source_11.cu.o
[2026-09-03T10:26:40Z DEBUG sccache::config] Attempting to read config file at "/home/runner/.config/sccache/config"
[2026-09-03T10:26:40Z DEBUG sccache::config] Couldn't open config file: failed to open file `/home/runner/.config/sccache/config`: No such file or directory (os error 2)
[2026-09-03T10:26:40Z DEBUG sccache::commands] Server sent CompileStarted
[ 80%] Building CUDA object CMakeFiles/natten.dir/autogen/src/cuda/hopper_fna/source_12.cu.o
/tmp/sccache-wrappers/nvcc -forward-unknown-to-host-compiler -DCUTLASS_ENABLE_TENSOR_CORE_MMA=1 -DNATTEN_WITH_CUTLASS -DNATTEN_WITH_HOPPER_FNA=1 -DTORCH_API_INCLUDE_EXTENSION_H -DTORCH_EXTENSION_NAME=libnatten -DWITH_CUDA -D_GLIBCXX_USE_CXX11_ABI=1 -Dnatten_EXPORTS --options-file CMakeFiles/natten.dir/includes_CUDA.rsp -Xcompiler -Wall -ldl --expt-relaxed-constexpr -Xcompiler=-Wconversion -Xcompiler=-fno-strict-aliasing --use_fast_math --extended-lambda -ftemplate-backtrace-limit=0 -O3 -DNDEBUG --std=c++17 -Xfatbin -compress-all -std=c++17 "--generate-code=arch=compute_90a,code=[sm_90a]" -Xcompiler=-fPIC -MD -MT CMakeFiles/natten.dir/autogen/src/cuda/hopper_fna/source_12.cu.o -MF CMakeFiles/natten.dir/autogen/src/cuda/hopper_fna/source_12.cu.o.d -x cu -c /home/runner/work/NATTEN/NATTEN/csrc/autogen/src/cuda/hopper_fna/source_12.cu -o CMakeFiles/natten.dir/autogen/src/cuda/hopper_fna/source_12.cu.o
[2026-09-03T10:26:54Z DEBUG sccache::config] Attempting to read config file at "/home/runner/.config/sccache/config"
[2026-09-03T10:26:54Z DEBUG sccache::config] Couldn't open config file: failed to open file `/home/runner/.config/sccache/config`: No such file or directory (os error 2)
[2026-09-03T10:26:54Z DEBUG sccache::commands] Server sent CompileStarted
[ 81%] Building CUDA object CMakeFiles/natten.dir/autogen/src/cuda/hopper_fna/source_13.cu.o
/tmp/sccache-wrappers/nvcc -forward-unknown-to-host-compiler -DCUTLASS_ENABLE_TENSOR_CORE_MMA=1 -DNATTEN_WITH_CUTLASS -DNATTEN_WITH_HOPPER_FNA=1 -DTORCH_API_INCLUDE_EXTENSION_H -DTORCH_EXTENSION_NAME=libnatten -DWITH_CUDA -D_GLIBCXX_USE_CXX11_ABI=1 -Dnatten_EXPORTS --options-file CMakeFiles/natten.dir/includes_CUDA.rsp -Xcompiler -Wall -ldl --expt-relaxed-constexpr -Xcompiler=-Wconversion -Xcompiler=-fno-strict-aliasing --use_fast_math --extended-lambda -ftemplate-backtrace-limit=0 -O3 -DNDEBUG --std=c++17 -Xfatbin -compress-all -std=c++17 "--generate-code=arch=compute_90a,code=[sm_90a]" -Xcompiler=-fPIC -MD -MT CMakeFiles/natten.dir/autogen/src/cuda/hopper_fna/source_13.cu.o -MF CMakeFiles/natten.dir/autogen/src/cuda/hopper_fna/source_13.cu.o.d -x cu -c /home/runner/work/NATTEN/NATTEN/csrc/autogen/src/cuda/hopper_fna/source_13.cu -o CMakeFiles/natten.dir/autogen/src/cuda/hopper_fna/source_13.cu.o
[2026-09-03T10:27:07Z DEBUG sccache::config] Attempting to read config file at "/home/runner/.config/sccache/config"
[2026-09-03T10:27:07Z DEBUG sccache::config] Couldn't open config file: failed to open file `/home/runner/.config/sccache/config`: No such file or directory (os error 2)
[2026-09-03T10:27:07Z DEBUG sccache::commands] Server sent CompileStarted
[ 81%] Building CUDA object CMakeFiles/natten.dir/autogen/src/cuda/hopper_fna/source_14.cu.o
/tmp/sccache-wrappers/nvcc -forward-unknown-to-host-compiler -DCUTLASS_ENABLE_TENSOR_CORE_MMA=1 -DNATTEN_WITH_CUTLASS -DNATTEN_WITH_HOPPER_FNA=1 -DTORCH_API_INCLUDE_EXTENSION_H -DTORCH_EXTENSION_NAME=libnatten -DWITH_CUDA -D_GLIBCXX_USE_CXX11_ABI=1 -Dnatten_EXPORTS --options-file CMakeFiles/natten.dir/includes_CUDA.rsp -Xcompiler -Wall -ldl --expt-relaxed-constexpr -Xcompiler=-Wconversion -Xcompiler=-fno-strict-aliasing --use_fast_math --extended-lambda -ftemplate-backtrace-limit=0 -O3 -DNDEBUG --std=c++17 -Xfatbin -compress-all -std=c++17 "--generate-code=arch=compute_90a,code=[sm_90a]" -Xcompiler=-fPIC -MD -MT CMakeFiles/natten.dir/autogen/src/cuda/hopper_fna/source_14.cu.o -MF CMakeFiles/natten.dir/autogen/src/cuda/hopper_fna/source_14.cu.o.d -x cu -c /home/runner/work/NATTEN/NATTEN/csrc/autogen/src/cuda/hopper_fna/source_14.cu -o CMakeFiles/natten.dir/autogen/src/cuda/hopper_fna/source_14.cu.o
[2026-09-03T10:27:20Z DEBUG sccache::config] Attempting to read config file at "/home/runner/.config/sccache/config"
[2026-09-03T10:27:20Z DEBUG sccache::config] Couldn't open config file: failed to open file `/home/runner/.config/sccache/config`: No such file or directory (os error 2)
[2026-09-03T10:27:20Z DEBUG sccache::commands] Server sent CompileStarted
[ 82%] Building CUDA object CMakeFiles/natten.dir/autogen/src/cuda/hopper_fna/source_15.cu.o
/tmp/sccache-wrappers/nvcc -forward-unknown-to-host-compiler -DCUTLASS_ENABLE_TENSOR_CORE_MMA=1 -DNATTEN_WITH_CUTLASS -DNATTEN_WITH_HOPPER_FNA=1 -DTORCH_API_INCLUDE_EXTENSION_H -DTORCH_EXTENSION_NAME=libnatten -DWITH_CUDA -D_GLIBCXX_USE_CXX11_ABI=1 -Dnatten_EXPORTS --options-file CMakeFiles/natten.dir/includes_CUDA.rsp -Xcompiler -Wall -ldl --expt-relaxed-constexpr -Xcompiler=-Wconversion -Xcompiler=-fno-strict-aliasing --use_fast_math --extended-lambda -ftemplate-backtrace-limit=0 -O3 -DNDEBUG --std=c++17 -Xfatbin -compress-all -std=c++17 "--generate-code=arch=compute_90a,code=[sm_90a]" -Xcompiler=-fPIC -MD -MT CMakeFiles/natten.dir/autogen/src/cuda/hopper_fna/source_15.cu.o -MF CMakeFiles/natten.dir/autogen/src/cuda/hopper_fna/source_15.cu.o.d -x cu -c /home/runner/work/NATTEN/NATTEN/csrc/autogen/src/cuda/hopper_fna/source_15.cu -o CMakeFiles/natten.dir/autogen/src/cuda/hopper_fna/source_15.cu.o
[2026-09-03T10:27:33Z DEBUG sccache::config] Attempting to read config file at "/home/runner/.config/sccache/config"
[2026-09-03T10:27:33Z DEBUG sccache::config] Couldn't open config file: failed to open file `/home/runner/.config/sccache/config`: No such file or directory (os error 2)
[2026-09-03T10:27:33Z DEBUG sccache::commands] Server sent CompileStarted
[ 82%] Building CUDA object CMakeFiles/natten.dir/autogen/src/cuda/hopper_fna/source_2.cu.o
/tmp/sccache-wrappers/nvcc -forward-unknown-to-host-compiler -DCUTLASS_ENABLE_TENSOR_CORE_MMA=1 -DNATTEN_WITH_CUTLASS -DNATTEN_WITH_HOPPER_FNA=1 -DTORCH_API_INCLUDE_EXTENSION_H -DTORCH_EXTENSION_NAME=libnatten -DWITH_CUDA -D_GLIBCXX_USE_CXX11_ABI=1 -Dnatten_EXPORTS --options-file CMakeFiles/natten.dir/includes_CUDA.rsp -Xcompiler -Wall -ldl --expt-relaxed-constexpr -Xcompiler=-Wconversion -Xcompiler=-fno-strict-aliasing --use_fast_math --extended-lambda -ftemplate-backtrace-limit=0 -O3 -DNDEBUG --std=c++17 -Xfatbin -compress-all -std=c++17 "--generate-code=arch=compute_90a,code=[sm_90a]" -Xcompiler=-fPIC -MD -MT CMakeFiles/natten.dir/autogen/src/cuda/hopper_fna/source_2.cu.o -MF CMakeFiles/natten.dir/autogen/src/cuda/hopper_fna/source_2.cu.o.d -x cu -c /home/runner/work/NATTEN/NATTEN/csrc/autogen/src/cuda/hopper_fna/source_2.cu -o CMakeFiles/natten.dir/autogen/src/cuda/hopper_fna/source_2.cu.o
[2026-09-03T10:27:46Z DEBUG sccache::config] Attempting to read config file at "/home/runner/.config/sccache/config"
[2026-09-03T10:27:46Z DEBUG sccache::config] Couldn't open config file: failed to open file `/home/runner/.config/sccache/config`: No such file or directory (os error 2)
[2026-09-03T10:27:46Z DEBUG sccache::commands] Server sent CompileStarted
[ 83%] Building CUDA object CMakeFiles/natten.dir/autogen/src/cuda/hopper_fna/source_3.cu.o
/tmp/sccache-wrappers/nvcc -forward-unknown-to-host-compiler -DCUTLASS_ENABLE_TENSOR_CORE_MMA=1 -DNATTEN_WITH_CUTLASS -DNATTEN_WITH_HOPPER_FNA=1 -DTORCH_API_INCLUDE_EXTENSION_H -DTORCH_EXTENSION_NAME=libnatten -DWITH_CUDA -D_GLIBCXX_USE_CXX11_ABI=1 -Dnatten_EXPORTS --options-file CMakeFiles/natten.dir/includes_CUDA.rsp -Xcompiler -Wall -ldl --expt-relaxed-constexpr -Xcompiler=-Wconversion -Xcompiler=-fno-strict-aliasing --use_fast_math --extended-lambda -ftemplate-backtrace-limit=0 -O3 -DNDEBUG --std=c++17 -Xfatbin -compress-all -std=c++17 "--generate-code=arch=compute_90a,code=[sm_90a]" -Xcompiler=-fPIC -MD -MT CMakeFiles/natten.dir/autogen/src/cuda/hopper_fna/source_3.cu.o -MF CMakeFiles/natten.dir/autogen/src/cuda/hopper_fna/source_3.cu.o.d -x cu -c /home/runner/work/NATTEN/NATTEN/csrc/autogen/src/cuda/hopper_fna/source_3.cu -o CMakeFiles/natten.dir/autogen/src/cuda/hopper_fna/source_3.cu.o
[2026-09-03T10:27:59Z DEBUG sccache::config] Attempting to read config file at "/home/runner/.config/sccache/config"
[2026-09-03T10:27:59Z DEBUG sccache::config] Couldn't open config file: failed to open file `/home/runner/.config/sccache/config`: No such file or directory (os error 2)
[2026-09-03T10:27:59Z DEBUG sccache::commands] Server sent CompileStarted
[ 83%] Building CUDA object CMakeFiles/natten.dir/autogen/src/cuda/hopper_fna/source_4.cu.o
/tmp/sccache-wrappers/nvcc -forward-unknown-to-host-compiler -DCUTLASS_ENABLE_TENSOR_CORE_MMA=1 -DNATTEN_WITH_CUTLASS -DNATTEN_WITH_HOPPER_FNA=1 -DTORCH_API_INCLUDE_EXTENSION_H -DTORCH_EXTENSION_NAME=libnatten -DWITH_CUDA -D_GLIBCXX_USE_CXX11_ABI=1 -Dnatten_EXPORTS --options-file CMakeFiles/natten.dir/includes_CUDA.rsp -Xcompiler -Wall -ldl --expt-relaxed-constexpr -Xcompiler=-Wconversion -Xcompiler=-fno-strict-aliasing --use_fast_math --extended-lambda -ftemplate-backtrace-limit=0 -O3 -DNDEBUG --std=c++17 -Xfatbin -compress-all -std=c++17 "--generate-code=arch=compute_90a,code=[sm_90a]" -Xcompiler=-fPIC -MD -MT CMakeFiles/natten.dir/autogen/src/cuda/hopper_fna/source_4.cu.o -MF CMakeFiles/natten.dir/autogen/src/cuda/hopper_fna/source_4.cu.o.d -x cu -c /home/runner/work/NATTEN/NATTEN/csrc/autogen/src/cuda/hopper_fna/source_4.cu -o CMakeFiles/natten.dir/autogen/src/cuda/hopper_fna/source_4.cu.o
[2026-09-03T10:30:26Z DEBUG sccache::config] Attempting to read config file at "/home/runner/.config/sccache/config"
[2026-09-03T10:30:26Z DEBUG sccache::config] Couldn't open config file: failed to open file `/home/runner/.config/sccache/config`: No such file or directory (os error 2)
[2026-09-03T10:30:26Z DEBUG sccache::commands] Server sent CompileStarted
[ 84%] Building CUDA object CMakeFiles/natten.dir/autogen/src/cuda/hopper_fna/source_5.cu.o
/tmp/sccache-wrappers/nvcc -forward-unknown-to-host-compiler -DCUTLASS_ENABLE_TENSOR_CORE_MMA=1 -DNATTEN_WITH_CUTLASS -DNATTEN_WITH_HOPPER_FNA=1 -DTORCH_API_INCLUDE_EXTENSION_H -DTORCH_EXTENSION_NAME=libnatten -DWITH_CUDA -D_GLIBCXX_USE_CXX11_ABI=1 -Dnatten_EXPORTS --options-file CMakeFiles/natten.dir/includes_CUDA.rsp -Xcompiler -Wall -ldl --expt-relaxed-constexpr -Xcompiler=-Wconversion -Xcompiler=-fno-strict-aliasing --use_fast_math --extended-lambda -ftemplate-backtrace-limit=0 -O3 -DNDEBUG --std=c++17 -Xfatbin -compress-all -std=c++17 "--generate-code=arch=compute_90a,code=[sm_90a]" -Xcompiler=-fPIC -MD -MT CMakeFiles/natten.dir/autogen/src/cuda/hopper_fna/source_5.cu.o -MF CMakeFiles/natten.dir/autogen/src/cuda/hopper_fna/source_5.cu.o.d -x cu -c /home/runner/work/NATTEN/NATTEN/csrc/autogen/src/cuda/hopper_fna/source_5.cu -o CMakeFiles/natten.dir/autogen/src/cuda/hopper_fna/source_5.cu.o
[2026-09-03T10:32:56Z DEBUG sccache::config] Attempting to read config file at "/home/runner/.config/sccache/config"
[2026-09-03T10:32:56Z DEBUG sccache::config] Couldn't open config file: failed to open file `/home/runner/.config/sccache/config`: No such file or directory (os error 2)
[2026-09-03T10:32:56Z DEBUG sccache::commands] Server sent CompileStarted
[ 84%] Building CUDA object CMakeFiles/natten.dir/autogen/src/cuda/hopper_fna/source_6.cu.o
/tmp/sccache-wrappers/nvcc -forward-unknown-to-host-compiler -DCUTLASS_ENABLE_TENSOR_CORE_MMA=1 -DNATTEN_WITH_CUTLASS -DNATTEN_WITH_HOPPER_FNA=1 -DTORCH_API_INCLUDE_EXTENSION_H -DTORCH_EXTENSION_NAME=libnatten -DWITH_CUDA -D_GLIBCXX_USE_CXX11_ABI=1 -Dnatten_EXPORTS --options-file CMakeFiles/natten.dir/includes_CUDA.rsp -Xcompiler -Wall -ldl --expt-relaxed-constexpr -Xcompiler=-Wconversion -Xcompiler=-fno-strict-aliasing --use_fast_math --extended-lambda -ftemplate-backtrace-limit=0 -O3 -DNDEBUG --std=c++17 -Xfatbin -compress-all -std=c++17 "--generate-code=arch=compute_90a,code=[sm_90a]" -Xcompiler=-fPIC -MD -MT CMakeFiles/natten.dir/autogen/src/cuda/hopper_fna/source_6.cu.o -MF CMakeFiles/natten.dir/autogen/src/cuda/hopper_fna/source_6.cu.o.d -x cu -c /home/runner/work/NATTEN/NATTEN/csrc/autogen/src/cuda/hopper_fna/source_6.cu -o CMakeFiles/natten.dir/autogen/src/cuda/hopper_fna/source_6.cu.o
[2026-09-03T10:35:18Z DEBUG sccache::config] Attempting to read config file at "/home/runner/.config/sccache/config"
[2026-09-03T10:35:18Z DEBUG sccache::config] Couldn't open config file: failed to open file `/home/runner/.config/sccache/config`: No such file or directory (os error 2)
[2026-09-03T10:35:18Z DEBUG sccache::commands] Server sent CompileStarted
[ 85%] Building CUDA object CMakeFiles/natten.dir/autogen/src/cuda/hopper_fna/source_7.cu.o
/tmp/sccache-wrappers/nvcc -forward-unknown-to-host-compiler -DCUTLASS_ENABLE_TENSOR_CORE_MMA=1 -DNATTEN_WITH_CUTLASS -DNATTEN_WITH_HOPPER_FNA=1 -DTORCH_API_INCLUDE_EXTENSION_H -DTORCH_EXTENSION_NAME=libnatten -DWITH_CUDA -D_GLIBCXX_USE_CXX11_ABI=1 -Dnatten_EXPORTS --options-file CMakeFiles/natten.dir/includes_CUDA.rsp -Xcompiler -Wall -ldl --expt-relaxed-constexpr -Xcompiler=-Wconversion -Xcompiler=-fno-strict-aliasing --use_fast_math --extended-lambda -ftemplate-backtrace-limit=0 -O3 -DNDEBUG --std=c++17 -Xfatbin -compress-all -std=c++17 "--generate-code=arch=compute_90a,code=[sm_90a]" -Xcompiler=-fPIC -MD -MT CMakeFiles/natten.dir/autogen/src/cuda/hopper_fna/source_7.cu.o -MF CMakeFiles/natten.dir/autogen/src/cuda/hopper_fna/source_7.cu.o.d -x cu -c /home/runner/work/NATTEN/NATTEN/csrc/autogen/src/cuda/hopper_fna/source_7.cu -o CMakeFiles/natten.dir/autogen/src/cuda/hopper_fna/source_7.cu.o
[2026-09-03T10:35:33Z DEBUG sccache::config] Attempting to read config file at "/home/runner/.config/sccache/config"
[2026-09-03T10:35:33Z DEBUG sccache::config] Couldn't open config file: failed to open file `/home/runner/.config/sccache/config`: No such file or directory (os error 2)
[2026-09-03T10:35:33Z DEBUG sccache::commands] Server sent CompileStarted
[ 85%] Building CUDA object CMakeFiles/natten.dir/autogen/src/cuda/hopper_fna/source_8.cu.o
/tmp/sccache-wrappers/nvcc -forward-unknown-to-host-compiler -DCUTLASS_ENABLE_TENSOR_CORE_MMA=1 -DNATTEN_WITH_CUTLASS -DNATTEN_WITH_HOPPER_FNA=1 -DTORCH_API_INCLUDE_EXTENSION_H -DTORCH_EXTENSION_NAME=libnatten -DWITH_CUDA -D_GLIBCXX_USE_CXX11_ABI=1 -Dnatten_EXPORTS --options-file CMakeFiles/natten.dir/includes_CUDA.rsp -Xcompiler -Wall -ldl --expt-relaxed-constexpr -Xcompiler=-Wconversion -Xcompiler=-fno-strict-aliasing --use_fast_math --extended-lambda -ftemplate-backtrace-limit=0 -O3 -DNDEBUG --std=c++17 -Xfatbin -compress-all -std=c++17 "--generate-code=arch=compute_90a,code=[sm_90a]" -Xcompiler=-fPIC -MD -MT CMakeFiles/natten.dir/autogen/src/cuda/hopper_fna/source_8.cu.o -MF CMakeFiles/natten.dir/autogen/src/cuda/hopper_fna/source_8.cu.o.d -x cu -c /home/runner/work/NATTEN/NATTEN/csrc/autogen/src/cuda/hopper_fna/source_8.cu -o CMakeFiles/natten.dir/autogen/src/cuda/hopper_fna/source_8.cu.o
[2026-09-03T10:35:47Z DEBUG sccache::config] Attempting to read config file at "/home/runner/.config/sccache/config"
[2026-09-03T10:35:47Z DEBUG sccache::config] Couldn't open config file: failed to open file `/home/runner/.config/sccache/config`: No such file or directory (os error 2)
[2026-09-03T10:35:47Z DEBUG sccache::commands] Server sent CompileStarted
[ 86%] Building CUDA object CMakeFiles/natten.dir/autogen/src/cuda/hopper_fna/source_9.cu.o
/tmp/sccache-wrappers/nvcc -forward-unknown-to-host-compiler -DCUTLASS_ENABLE_TENSOR_CORE_MMA=1 -DNATTEN_WITH_CUTLASS -DNATTEN_WITH_HOPPER_FNA=1 -DTORCH_API_INCLUDE_EXTENSION_H -DTORCH_EXTENSION_NAME=libnatten -DWITH_CUDA -D_GLIBCXX_USE_CXX11_ABI=1 -Dnatten_EXPORTS --options-file CMakeFiles/natten.dir/includes_CUDA.rsp -Xcompiler -Wall -ldl --expt-relaxed-constexpr -Xcompiler=-Wconversion -Xcompiler=-fno-strict-aliasing --use_fast_math --extended-lambda -ftemplate-backtrace-limit=0 -O3 -DNDEBUG --std=c++17 -Xfatbin -compress-all -std=c++17 "--generate-code=arch=compute_90a,code=[sm_90a]" -Xcompiler=-fPIC -MD -MT CMakeFiles/natten.dir/autogen/src/cuda/hopper_fna/source_9.cu.o -MF CMakeFiles/natten.dir/autogen/src/cuda/hopper_fna/source_9.cu.o.d -x cu -c /home/runner/work/NATTEN/NATTEN/csrc/autogen/src/cuda/hopper_fna/source_9.cu -o CMakeFiles/natten.dir/autogen/src/cuda/hopper_fna/source_9.cu.o
[2026-09-03T10:38:03Z DEBUG sccache::config] Attempting to read config file at "/home/runner/.config/sccache/config"
[2026-09-03T10:38:03Z DEBUG sccache::config] Couldn't open config file: failed to open file `/home/runner/.config/sccache/config`: No such file or directory (os error 2)
[2026-09-03T10:38:03Z DEBUG sccache::commands] Server sent CompileStarted
[ 86%] Building CUDA object CMakeFiles/natten.dir/autogen/src/cuda/hopper_fna_bwd/source_0.cu.o
/tmp/sccache-wrappers/nvcc -forward-unknown-to-host-compiler -DCUTLASS_ENABLE_TENSOR_CORE_MMA=1 -DNATTEN_WITH_CUTLASS -DNATTEN_WITH_HOPPER_FNA=1 -DTORCH_API_INCLUDE_EXTENSION_H -DTORCH_EXTENSION_NAME=libnatten -DWITH_CUDA -D_GLIBCXX_USE_CXX11_ABI=1 -Dnatten_EXPORTS --options-file CMakeFiles/natten.dir/includes_CUDA.rsp -Xcompiler -Wall -ldl --expt-relaxed-constexpr -Xcompiler=-Wconversion -Xcompiler=-fno-strict-aliasing --use_fast_math --extended-lambda -ftemplate-backtrace-limit=0 -O3 -DNDEBUG --std=c++17 -Xfatbin -compress-all -std=c++17 "--generate-code=arch=compute_90a,code=[sm_90a]" -Xcompiler=-fPIC -MD -MT CMakeFiles/natten.dir/autogen/src/cuda/hopper_fna_bwd/source_0.cu.o -MF CMakeFiles/natten.dir/autogen/src/cuda/hopper_fna_bwd/source_0.cu.o.d -x cu -c /home/runner/work/NATTEN/NATTEN/csrc/autogen/src/cuda/hopper_fna_bwd/source_0.cu -o CMakeFiles/natten.dir/autogen/src/cuda/hopper_fna_bwd/source_0.cu.o
[2026-09-03T10:40:31Z DEBUG sccache::config] Attempting to read config file at "/home/runner/.config/sccache/config"
[2026-09-03T10:40:31Z DEBUG sccache::config] Couldn't open config file: failed to open file `/home/runner/.config/sccache/config`: No such file or directory (os error 2)
[2026-09-03T10:40:31Z DEBUG sccache::commands] Server sent CompileStarted
[ 87%] Building CUDA object CMakeFiles/natten.dir/autogen/src/cuda/hopper_fna_bwd/source_1.cu.o
/tmp/sccache-wrappers/nvcc -forward-unknown-to-host-compiler -DCUTLASS_ENABLE_TENSOR_CORE_MMA=1 -DNATTEN_WITH_CUTLASS -DNATTEN_WITH_HOPPER_FNA=1 -DTORCH_API_INCLUDE_EXTENSION_H -DTORCH_EXTENSION_NAME=libnatten -DWITH_CUDA -D_GLIBCXX_USE_CXX11_ABI=1 -Dnatten_EXPORTS --options-file CMakeFiles/natten.dir/includes_CUDA.rsp -Xcompiler -Wall -ldl --expt-relaxed-constexpr -Xcompiler=-Wconversion -Xcompiler=-fno-strict-aliasing --use_fast_math --extended-lambda -ftemplate-backtrace-limit=0 -O3 -DNDEBUG --std=c++17 -Xfatbin -compress-all -std=c++17 "--generate-code=arch=compute_90a,code=[sm_90a]" -Xcompiler=-fPIC -MD -MT CMakeFiles/natten.dir/autogen/src/cuda/hopper_fna_bwd/source_1.cu.o -MF CMakeFiles/natten.dir/autogen/src/cuda/hopper_fna_bwd/source_1.cu.o.d -x cu -c /home/runner/work/NATTEN/NATTEN/csrc/autogen/src/cuda/hopper_fna_bwd/source_1.cu -o CMakeFiles/natten.dir/autogen/src/cuda/hopper_fna_bwd/source_1.cu.o
[2026-09-03T10:40:46Z DEBUG sccache::config] Attempting to read config file at "/home/runner/.config/sccache/config"
[2026-09-03T10:40:46Z DEBUG sccache::config] Couldn't open config file: failed to open file `/home/runner/.config/sccache/config`: No such file or directory (os error 2)
[2026-09-03T10:40:46Z DEBUG sccache::commands] Server sent CompileStarted
[ 87%] Building CUDA object CMakeFiles/natten.dir/autogen/src/cuda/hopper_fna_bwd/source_2.cu.o
/tmp/sccache-wrappers/nvcc -forward-unknown-to-host-compiler -DCUTLASS_ENABLE_TENSOR_CORE_MMA=1 -DNATTEN_WITH_CUTLASS -DNATTEN_WITH_HOPPER_FNA=1 -DTORCH_API_INCLUDE_EXTENSION_H -DTORCH_EXTENSION_NAME=libnatten -DWITH_CUDA -D_GLIBCXX_USE_CXX11_ABI=1 -Dnatten_EXPORTS --options-file CMakeFiles/natten.dir/includes_CUDA.rsp -Xcompiler -Wall -ldl --expt-relaxed-constexpr -Xcompiler=-Wconversion -Xcompiler=-fno-strict-aliasing --use_fast_math --extended-lambda -ftemplate-backtrace-limit=0 -O3 -DNDEBUG --std=c++17 -Xfatbin -compress-all -std=c++17 "--generate-code=arch=compute_90a,code=[sm_90a]" -Xcompiler=-fPIC -MD -MT CMakeFiles/natten.dir/autogen/src/cuda/hopper_fna_bwd/source_2.cu.o -MF CMakeFiles/natten.dir/autogen/src/cuda/hopper_fna_bwd/source_2.cu.o.d -x cu -c /home/runner/work/NATTEN/NATTEN/csrc/autogen/src/cuda/hopper_fna_bwd/source_2.cu -o CMakeFiles/natten.dir/autogen/src/cuda/hopper_fna_bwd/source_2.cu.o
[2026-09-03T10:41:00Z DEBUG sccache::config] Attempting to read config file at "/home/runner/.config/sccache/config"
[2026-09-03T10:41:00Z DEBUG sccache::config] Couldn't open config file: failed to open file `/home/runner/.config/sccache/config`: No such file or directory (os error 2)
[2026-09-03T10:41:00Z DEBUG sccache::commands] Server sent CompileStarted
[ 88%] Building CUDA object CMakeFiles/natten.dir/autogen/src/cuda/hopper_fna_bwd/source_3.cu.o
/tmp/sccache-wrappers/nvcc -forward-unknown-to-host-compiler -DCUTLASS_ENABLE_TENSOR_CORE_MMA=1 -DNATTEN_WITH_CUTLASS -DNATTEN_WITH_HOPPER_FNA=1 -DTORCH_API_INCLUDE_EXTENSION_H -DTORCH_EXTENSION_NAME=libnatten -DWITH_CUDA -D_GLIBCXX_USE_CXX11_ABI=1 -Dnatten_EXPORTS --options-file CMakeFiles/natten.dir/includes_CUDA.rsp -Xcompiler -Wall -ldl --expt-relaxed-constexpr -Xcompiler=-Wconversion -Xcompiler=-fno-strict-aliasing --use_fast_math --extended-lambda -ftemplate-backtrace-limit=0 -O3 -DNDEBUG --std=c++17 -Xfatbin -compress-all -std=c++17 "--generate-code=arch=compute_90a,code=[sm_90a]" -Xcompiler=-fPIC -MD -MT CMakeFiles/natten.dir/autogen/src/cuda/hopper_fna_bwd/source_3.cu.o -MF CMakeFiles/natten.dir/autogen/src/cuda/hopper_fna_bwd/source_3.cu.o.d -x cu -c /home/runner/work/NATTEN/NATTEN/csrc/autogen/src/cuda/hopper_fna_bwd/source_3.cu -o CMakeFiles/natten.dir/autogen/src/cuda/hopper_fna_bwd/source_3.cu.o
[2026-09-03T10:45:53Z DEBUG sccache::config] Attempting to read config file at "/home/runner/.config/sccache/config"
[2026-09-03T10:45:53Z DEBUG sccache::config] Couldn't open config file: failed to open file `/home/runner/.config/sccache/config`: No such file or directory (os error 2)
[2026-09-03T10:45:53Z DEBUG sccache::commands] Server sent CompileStarted
[ 88%] Building CUDA object CMakeFiles/natten.dir/autogen/src/cuda/hopper_fna_bwd/source_4.cu.o
/tmp/sccache-wrappers/nvcc -forward-unknown-to-host-compiler -DCUTLASS_ENABLE_TENSOR_CORE_MMA=1 -DNATTEN_WITH_CUTLASS -DNATTEN_WITH_HOPPER_FNA=1 -DTORCH_API_INCLUDE_EXTENSION_H -DTORCH_EXTENSION_NAME=libnatten -DWITH_CUDA -D_GLIBCXX_USE_CXX11_ABI=1 -Dnatten_EXPORTS --options-file CMakeFiles/natten.dir/includes_CUDA.rsp -Xcompiler -Wall -ldl --expt-relaxed-constexpr -Xcompiler=-Wconversion -Xcompiler=-fno-strict-aliasing --use_fast_math --extended-lambda -ftemplate-backtrace-limit=0 -O3 -DNDEBUG --std=c++17 -Xfatbin -compress-all -std=c++17 "--generate-code=arch=compute_90a,code=[sm_90a]" -Xcompiler=-fPIC -MD -MT CMakeFiles/natten.dir/autogen/src/cuda/hopper_fna_bwd/source_4.cu.o -MF CMakeFiles/natten.dir/autogen/src/cuda/hopper_fna_bwd/source_4.cu.o.d -x cu -c /home/runner/work/NATTEN/NATTEN/csrc/autogen/src/cuda/hopper_fna_bwd/source_4.cu -o CMakeFiles/natten.dir/autogen/src/cuda/hopper_fna_bwd/source_4.cu.o
[2026-09-03T10:50:28Z DEBUG sccache::config] Attempting to read config file at "/home/runner/.config/sccache/config"
[2026-09-03T10:50:28Z DEBUG sccache::config] Couldn't open config file: failed to open file `/home/runner/.config/sccache/config`: No such file or directory (os error 2)
[2026-09-03T10:50:28Z DEBUG sccache::commands] Server sent CompileStarted
[ 89%] Building CUDA object CMakeFiles/natten.dir/autogen/src/cuda/hopper_fna_bwd/source_5.cu.o
/tmp/sccache-wrappers/nvcc -forward-unknown-to-host-compiler -DCUTLASS_ENABLE_TENSOR_CORE_MMA=1 -DNATTEN_WITH_CUTLASS -DNATTEN_WITH_HOPPER_FNA=1 -DTORCH_API_INCLUDE_EXTENSION_H -DTORCH_EXTENSION_NAME=libnatten -DWITH_CUDA -D_GLIBCXX_USE_CXX11_ABI=1 -Dnatten_EXPORTS --options-file CMakeFiles/natten.dir/includes_CUDA.rsp -Xcompiler -Wall -ldl --expt-relaxed-constexpr -Xcompiler=-Wconversion -Xcompiler=-fno-strict-aliasing --use_fast_math --extended-lambda -ftemplate-backtrace-limit=0 -O3 -DNDEBUG --std=c++17 -Xfatbin -compress-all -std=c++17 "--generate-code=arch=compute_90a,code=[sm_90a]" -Xcompiler=-fPIC -MD -MT CMakeFiles/natten.dir/autogen/src/cuda/hopper_fna_bwd/source_5.cu.o -MF CMakeFiles/natten.dir/autogen/src/cuda/hopper_fna_bwd/source_5.cu.o.d -x cu -c /home/runner/work/NATTEN/NATTEN/csrc/autogen/src/cuda/hopper_fna_bwd/source_5.cu -o CMakeFiles/natten.dir/autogen/src/cuda/hopper_fna_bwd/source_5.cu.o
[2026-09-03T10:55:32Z DEBUG sccache::config] Attempting to read config file at "/home/runner/.config/sccache/config"
[2026-09-03T10:55:32Z DEBUG sccache::config] Couldn't open config file: failed to open file `/home/runner/.config/sccache/config`: No such file or directory (os error 2)
[2026-09-03T10:55:32Z DEBUG sccache::commands] Server sent CompileStarted
[ 89%] Building CUDA object CMakeFiles/natten.dir/autogen/src/cuda/hopper_fna_bwd/source_6.cu.o
/tmp/sccache-wrappers/nvcc -forward-unknown-to-host-compiler -DCUTLASS_ENABLE_TENSOR_CORE_MMA=1 -DNATTEN_WITH_CUTLASS -DNATTEN_WITH_HOPPER_FNA=1 -DTORCH_API_INCLUDE_EXTENSION_H -DTORCH_EXTENSION_NAME=libnatten -DWITH_CUDA -D_GLIBCXX_USE_CXX11_ABI=1 -Dnatten_EXPORTS --options-file CMakeFiles/natten.dir/includes_CUDA.rsp -Xcompiler -Wall -ldl --expt-relaxed-constexpr -Xcompiler=-Wconversion -Xcompiler=-fno-strict-aliasing --use_fast_math --extended-lambda -ftemplate-backtrace-limit=0 -O3 -DNDEBUG --std=c++17 -Xfatbin -compress-all -std=c++17 "--generate-code=arch=compute_90a,code=[sm_90a]" -Xcompiler=-fPIC -MD -MT CMakeFiles/natten.dir/autogen/src/cuda/hopper_fna_bwd/source_6.cu.o -MF CMakeFiles/natten.dir/autogen/src/cuda/hopper_fna_bwd/source_6.cu.o.d -x cu -c /home/runner/work/NATTEN/NATTEN/csrc/autogen/src/cuda/hopper_fna_bwd/source_6.cu -o CMakeFiles/natten.dir/autogen/src/cuda/hopper_fna_bwd/source_6.cu.o
[2026-09-03T10:55:47Z DEBUG sccache::config] Attempting to read config file at "/home/runner/.config/sccache/config"
[2026-09-03T10:55:47Z DEBUG sccache::config] Couldn't open config file: failed to open file `/home/runner/.config/sccache/config`: No such file or directory (os error 2)
[2026-09-03T10:55:47Z DEBUG sccache::commands] Server sent CompileStarted
[ 90%] Building CUDA object CMakeFiles/natten.dir/autogen/src/cuda/hopper_fna_bwd/source_7.cu.o
/tmp/sccache-wrappers/nvcc -forward-unknown-to-host-compiler -DCUTLASS_ENABLE_TENSOR_CORE_MMA=1 -DNATTEN_WITH_CUTLASS -DNATTEN_WITH_HOPPER_FNA=1 -DTORCH_API_INCLUDE_EXTENSION_H -DTORCH_EXTENSION_NAME=libnatten -DWITH_CUDA -D_GLIBCXX_USE_CXX11_ABI=1 -Dnatten_EXPORTS --options-file CMakeFiles/natten.dir/includes_CUDA.rsp -Xcompiler -Wall -ldl --expt-relaxed-constexpr -Xcompiler=-Wconversion -Xcompiler=-fno-strict-aliasing --use_fast_math --extended-lambda -ftemplate-backtrace-limit=0 -O3 -DNDEBUG --std=c++17 -Xfatbin -compress-all -std=c++17 "--generate-code=arch=compute_90a,code=[sm_90a]" -Xcompiler=-fPIC -MD -MT CMakeFiles/natten.dir/autogen/src/cuda/hopper_fna_bwd/source_7.cu.o -MF CMakeFiles/natten.dir/autogen/src/cuda/hopper_fna_bwd/source_7.cu.o.d -x cu -c /home/runner/work/NATTEN/NATTEN/csrc/autogen/src/cuda/hopper_fna_bwd/source_7.cu -o CMakeFiles/natten.dir/autogen/src/cuda/hopper_fna_bwd/source_7.cu.o
[2026-09-03T10:56:05Z DEBUG sccache::config] Attempting to read config file at "/home/runner/.config/sccache/config"
[2026-09-03T10:56:05Z DEBUG sccache::config] Couldn't open config file: failed to open file `/home/runner/.config/sccache/config`: No such file or directory (os error 2)
[2026-09-03T10:56:05Z DEBUG sccache::commands] Server sent CompileStarted
[ 90%] Building CUDA object CMakeFiles/natten.dir/autogen/src/cuda/reference/source_0.cu.o
/tmp/sccache-wrappers/nvcc -forward-unknown-to-host-compiler -DCUTLASS_ENABLE_TENSOR_CORE_MMA=1 -DNATTEN_WITH_CUTLASS -DNATTEN_WITH_HOPPER_FNA=1 -DTORCH_API_INCLUDE_EXTENSION_H -DTORCH_EXTENSION_NAME=libnatten -DWITH_CUDA -D_GLIBCXX_USE_CXX11_ABI=1 -Dnatten_EXPORTS --options-file CMakeFiles/natten.dir/includes_CUDA.rsp -Xcompiler -Wall -ldl --expt-relaxed-constexpr -Xcompiler=-Wconversion -Xcompiler=-fno-strict-aliasing --use_fast_math --extended-lambda -ftemplate-backtrace-limit=0 -O3 -DNDEBUG --std=c++17 -Xfatbin -compress-all -std=c++17 "--generate-code=arch=compute_90a,code=[sm_90a]" -Xcompiler=-fPIC -MD -MT CMakeFiles/natten.dir/autogen/src/cuda/reference/source_0.cu.o -MF CMakeFiles/natten.dir/autogen/src/cuda/reference/source_0.cu.o.d -x cu -c /home/runner/work/NATTEN/NATTEN/csrc/autogen/src/cuda/reference/source_0.cu -o CMakeFiles/natten.dir/autogen/src/cuda/reference/source_0.cu.o
[2026-09-03T10:56:19Z DEBUG sccache::config] Attempting to read config file at "/home/runner/.config/sccache/config"
[2026-09-03T10:56:19Z DEBUG sccache::config] Couldn't open config file: failed to open file `/home/runner/.config/sccache/config`: No such file or directory (os error 2)
[2026-09-03T10:56:19Z DEBUG sccache::commands] Server sent CompileStarted
[ 91%] Building CUDA object CMakeFiles/natten.dir/autogen/src/cuda/reference/source_1.cu.o
/tmp/sccache-wrappers/nvcc -forward-unknown-to-host-compiler -DCUTLASS_ENABLE_TENSOR_CORE_MMA=1 -DNATTEN_WITH_CUTLASS -DNATTEN_WITH_HOPPER_FNA=1 -DTORCH_API_INCLUDE_EXTENSION_H -DTORCH_EXTENSION_NAME=libnatten -DWITH_CUDA -D_GLIBCXX_USE_CXX11_ABI=1 -Dnatten_EXPORTS --options-file CMakeFiles/natten.dir/includes_CUDA.rsp -Xcompiler -Wall -ldl --expt-relaxed-constexpr -Xcompiler=-Wconversion -Xcompiler=-fno-strict-aliasing --use_fast_math --extended-lambda -ftemplate-backtrace-limit=0 -O3 -DNDEBUG --std=c++17 -Xfatbin -compress-all -std=c++17 "--generate-code=arch=compute_90a,code=[sm_90a]" -Xcompiler=-fPIC -MD -MT CMakeFiles/natten.dir/autogen/src/cuda/reference/source_1.cu.o -MF CMakeFiles/natten.dir/autogen/src/cuda/reference/source_1.cu.o.d -x cu -c /home/runner/work/NATTEN/NATTEN/csrc/autogen/src/cuda/reference/source_1.cu -o CMakeFiles/natten.dir/autogen/src/cuda/reference/source_1.cu.o
[2026-09-03T10:56:31Z DEBUG sccache::config] Attempting to read config file at "/home/runner/.config/sccache/config"
[2026-09-03T10:56:31Z DEBUG sccache::config] Couldn't open config file: failed to open file `/home/runner/.config/sccache/config`: No such file or directory (os error 2)
[2026-09-03T10:56:31Z DEBUG sccache::commands] Server sent CompileStarted
[ 91%] Building CUDA object CMakeFiles/natten.dir/autogen/src/cuda/reference/source_2.cu.o
/tmp/sccache-wrappers/nvcc -forward-unknown-to-host-compiler -DCUTLASS_ENABLE_TENSOR_CORE_MMA=1 -DNATTEN_WITH_CUTLASS -DNATTEN_WITH_HOPPER_FNA=1 -DTORCH_API_INCLUDE_EXTENSION_H -DTORCH_EXTENSION_NAME=libnatten -DWITH_CUDA -D_GLIBCXX_USE_CXX11_ABI=1 -Dnatten_EXPORTS --options-file CMakeFiles/natten.dir/includes_CUDA.rsp -Xcompiler -Wall -ldl --expt-relaxed-constexpr -Xcompiler=-Wconversion -Xcompiler=-fno-strict-aliasing --use_fast_math --extended-lambda -ftemplate-backtrace-limit=0 -O3 -DNDEBUG --std=c++17 -Xfatbin -compress-all -std=c++17 "--generate-code=arch=compute_90a,code=[sm_90a]" -Xcompiler=-fPIC -MD -MT CMakeFiles/natten.dir/autogen/src/cuda/reference/source_2.cu.o -MF CMakeFiles/natten.dir/autogen/src/cuda/reference/source_2.cu.o.d -x cu -c /home/runner/work/NATTEN/NATTEN/csrc/autogen/src/cuda/reference/source_2.cu -o CMakeFiles/natten.dir/autogen/src/cuda/reference/source_2.cu.o
[2026-09-03T10:56:44Z DEBUG sccache::config] Attempting to read config file at "/home/runner/.config/sccache/config"
[2026-09-03T10:56:44Z DEBUG sccache::config] Couldn't open config file: failed to open file `/home/runner/.config/sccache/config`: No such file or directory (os error 2)
[2026-09-03T10:56:44Z DEBUG sccache::commands] Server sent CompileStarted
[ 92%] Building CUDA object CMakeFiles/natten.dir/autogen/src/cuda/reference/source_3.cu.o
/tmp/sccache-wrappers/nvcc -forward-unknown-to-host-compiler -DCUTLASS_ENABLE_TENSOR_CORE_MMA=1 -DNATTEN_WITH_CUTLASS -DNATTEN_WITH_HOPPER_FNA=1 -DTORCH_API_INCLUDE_EXTENSION_H -DTORCH_EXTENSION_NAME=libnatten -DWITH_CUDA -D_GLIBCXX_USE_CXX11_ABI=1 -Dnatten_EXPORTS --options-file CMakeFiles/natten.dir/includes_CUDA.rsp -Xcompiler -Wall -ldl --expt-relaxed-constexpr -Xcompiler=-Wconversion -Xcompiler=-fno-strict-aliasing --use_fast_math --extended-lambda -ftemplate-backtrace-limit=0 -O3 -DNDEBUG --std=c++17 -Xfatbin -compress-all -std=c++17 "--generate-code=arch=compute_90a,code=[sm_90a]" -Xcompiler=-fPIC -MD -MT CMakeFiles/natten.dir/autogen/src/cuda/reference/source_3.cu.o -MF CMakeFiles/natten.dir/autogen/src/cuda/reference/source_3.cu.o.d -x cu -c /home/runner/work/NATTEN/NATTEN/csrc/autogen/src/cuda/reference/source_3.cu -o CMakeFiles/natten.dir/autogen/src/cuda/reference/source_3.cu.o
[2026-09-03T10:57:44Z DEBUG sccache::config] Attempting to read config file at "/home/runner/.config/sccache/config"
[2026-09-03T10:57:44Z DEBUG sccache::config] Couldn't open config file: failed to open file `/home/runner/.config/sccache/config`: No such file or directory (os error 2)
[2026-09-03T10:57:44Z DEBUG sccache::commands] Server sent CompileStarted
[ 92%] Building CXX object CMakeFiles/natten.dir/natten.cpp.o
/tmp/sccache-wrappers/c++ -DCUTLASS_ENABLE_TENSOR_CORE_MMA=1 -DNATTEN_WITH_CUTLASS -DNATTEN_WITH_HOPPER_FNA=1 -DTORCH_API_INCLUDE_EXTENSION_H -DTORCH_EXTENSION_NAME=libnatten -DWITH_CUDA -D_GLIBCXX_USE_CXX11_ABI=1 -Dnatten_EXPORTS -I/opt/hostedtoolcache/Python/3.11.16/x64/include/python3.11 -I/home/runner/work/NATTEN/NATTEN/csrc/../third_party/cutlass/include -I/home/runner/work/NATTEN/NATTEN/csrc/./include -I/home/runner/work/NATTEN/NATTEN/csrc/./autogen/include -isystem /opt/hostedtoolcache/Python/3.11.16/x64/lib/python3.11/site-packages/torch/include -isystem /opt/hostedtoolcache/Python/3.11.16/x64/lib/python3.11/site-packages/torch/include/torch/csrc/api/include -std=c++17 -std=gnu++17 -fPIC -MD -MT CMakeFiles/natten.dir/natten.cpp.o -MF CMakeFiles/natten.dir/natten.cpp.o.d -o CMakeFiles/natten.dir/natten.cpp.o -c /home/runner/work/NATTEN/NATTEN/csrc/natten.cpp
[2026-09-03T10:58:50Z DEBUG sccache::config] Attempting to read config file at "/home/runner/.config/sccache/config"
[2026-09-03T10:58:50Z DEBUG sccache::config] Couldn't open config file: failed to open file `/home/runner/.config/sccache/config`: No such file or directory (os error 2)
[2026-09-03T10:58:50Z DEBUG sccache::commands] Server sent CompileStarted
[ 93%] Building CUDA object CMakeFiles/natten.dir/src/blackwell_fmha.cu.o
/tmp/sccache-wrappers/nvcc -forward-unknown-to-host-compiler -DCUTLASS_ENABLE_TENSOR_CORE_MMA=1 -DNATTEN_WITH_CUTLASS -DNATTEN_WITH_HOPPER_FNA=1 -DTORCH_API_INCLUDE_EXTENSION_H -DTORCH_EXTENSION_NAME=libnatten -DWITH_CUDA -D_GLIBCXX_USE_CXX11_ABI=1 -Dnatten_EXPORTS --options-file CMakeFiles/natten.dir/includes_CUDA.rsp -Xcompiler -Wall -ldl --expt-relaxed-constexpr -Xcompiler=-Wconversion -Xcompiler=-fno-strict-aliasing --use_fast_math --extended-lambda -ftemplate-backtrace-limit=0 -O3 -DNDEBUG --std=c++17 -Xfatbin -compress-all -std=c++17 "--generate-code=arch=compute_90a,code=[sm_90a]" -Xcompiler=-fPIC -MD -MT CMakeFiles/natten.dir/src/blackwell_fmha.cu.o -MF CMakeFiles/natten.dir/src/blackwell_fmha.cu.o.d -x cu -c /home/runner/work/NATTEN/NATTEN/csrc/src/blackwell_fmha.cu -o CMakeFiles/natten.dir/src/blackwell_fmha.cu.o
[2026-09-03T10:58:52Z DEBUG sccache::config] Attempting to read config file at "/home/runner/.config/sccache/config"
[2026-09-03T10:58:52Z DEBUG sccache::config] Couldn't open config file: failed to open file `/home/runner/.config/sccache/config`: No such file or directory (os error 2)
[2026-09-03T10:58:52Z DEBUG sccache::commands] Server sent CompileStarted
[ 93%] Building CUDA object CMakeFiles/natten.dir/src/blackwell_fna_backward.cu.o
/tmp/sccache-wrappers/nvcc -forward-unknown-to-host-compiler -DCUTLASS_ENABLE_TENSOR_CORE_MMA=1 -DNATTEN_WITH_CUTLASS -DNATTEN_WITH_HOPPER_FNA=1 -DTORCH_API_INCLUDE_EXTENSION_H -DTORCH_EXTENSION_NAME=libnatten -DWITH_CUDA -D_GLIBCXX_USE_CXX11_ABI=1 -Dnatten_EXPORTS --options-file CMakeFiles/natten.dir/includes_CUDA.rsp -Xcompiler -Wall -ldl --expt-relaxed-constexpr -Xcompiler=-Wconversion -Xcompiler=-fno-strict-aliasing --use_fast_math --extended-lambda -ftemplate-backtrace-limit=0 -O3 -DNDEBUG --std=c++17 -Xfatbin -compress-all -std=c++17 "--generate-code=arch=compute_90a,code=[sm_90a]" -Xcompiler=-fPIC -MD -MT CMakeFiles/natten.dir/src/blackwell_fna_backward.cu.o -MF CMakeFiles/natten.dir/src/blackwell_fna_backward.cu.o.d -x cu -c /home/runner/work/NATTEN/NATTEN/csrc/src/blackwell_fna_backward.cu -o CMakeFiles/natten.dir/src/blackwell_fna_backward.cu.o
[2026-09-03T10:59:40Z DEBUG sccache::config] Attempting to read config file at "/home/runner/.config/sccache/config"
[2026-09-03T10:59:40Z DEBUG sccache::config] Couldn't open config file: failed to open file `/home/runner/.config/sccache/config`: No such file or directory (os error 2)
[2026-09-03T10:59:40Z DEBUG sccache::commands] Server sent CompileStarted
[ 94%] Building CUDA object CMakeFiles/natten.dir/src/blackwell_fna_forward.cu.o
/tmp/sccache-wrappers/nvcc -forward-unknown-to-host-compiler -DCUTLASS_ENABLE_TENSOR_CORE_MMA=1 -DNATTEN_WITH_CUTLASS -DNATTEN_WITH_HOPPER_FNA=1 -DTORCH_API_INCLUDE_EXTENSION_H -DTORCH_EXTENSION_NAME=libnatten -DWITH_CUDA -D_GLIBCXX_USE_CXX11_ABI=1 -Dnatten_EXPORTS --options-file CMakeFiles/natten.dir/includes_CUDA.rsp -Xcompiler -Wall -ldl --expt-relaxed-constexpr -Xcompiler=-Wconversion -Xcompiler=-fno-strict-aliasing --use_fast_math --extended-lambda -ftemplate-backtrace-limit=0 -O3 -DNDEBUG --std=c++17 -Xfatbin -compress-all -std=c++17 "--generate-code=arch=compute_90a,code=[sm_90a]" -Xcompiler=-fPIC -MD -MT CMakeFiles/natten.dir/src/blackwell_fna_forward.cu.o -MF CMakeFiles/natten.dir/src/blackwell_fna_forward.cu.o.d -x cu -c /home/runner/work/NATTEN/NATTEN/csrc/src/blackwell_fna_forward.cu -o CMakeFiles/natten.dir/src/blackwell_fna_forward.cu.o
[2026-09-03T10:59:50Z DEBUG sccache::config] Attempting to read config file at "/home/runner/.config/sccache/config"
[2026-09-03T10:59:50Z DEBUG sccache::config] Couldn't open config file: failed to open file `/home/runner/.config/sccache/config`: No such file or directory (os error 2)
[2026-09-03T10:59:50Z DEBUG sccache::commands] Server sent CompileStarted
[ 94%] Building CUDA object CMakeFiles/natten.dir/src/compute_delta.cu.o
/tmp/sccache-wrappers/nvcc -forward-unknown-to-host-compiler -DCUTLASS_ENABLE_TENSOR_CORE_MMA=1 -DNATTEN_WITH_CUTLASS -DNATTEN_WITH_HOPPER_FNA=1 -DTORCH_API_INCLUDE_EXTENSION_H -DTORCH_EXTENSION_NAME=libnatten -DWITH_CUDA -D_GLIBCXX_USE_CXX11_ABI=1 -Dnatten_EXPORTS --options-file CMakeFiles/natten.dir/includes_CUDA.rsp -Xcompiler -Wall -ldl --expt-relaxed-constexpr -Xcompiler=-Wconversion -Xcompiler=-fno-strict-aliasing --use_fast_math --extended-lambda -ftemplate-backtrace-limit=0 -O3 -DNDEBUG --std=c++17 -Xfatbin -compress-all -std=c++17 "--generate-code=arch=compute_90a,code=[sm_90a]" -Xcompiler=-fPIC -MD -MT CMakeFiles/natten.dir/src/compute_delta.cu.o -MF CMakeFiles/natten.dir/src/compute_delta.cu.o.d -x cu -c /home/runner/work/NATTEN/NATTEN/csrc/src/compute_delta.cu -o CMakeFiles/natten.dir/src/compute_delta.cu.o
[2026-09-03T11:00:39Z DEBUG sccache::config] Attempting to read config file at "/home/runner/.config/sccache/config"
[2026-09-03T11:00:39Z DEBUG sccache::config] Couldn't open config file: failed to open file `/home/runner/.config/sccache/config`: No such file or directory (os error 2)
[2026-09-03T11:00:39Z DEBUG sccache::commands] Server sent CompileStarted
[ 95%] Building CUDA object CMakeFiles/natten.dir/src/fmha.cu.o
/tmp/sccache-wrappers/nvcc -forward-unknown-to-host-compiler -DCUTLASS_ENABLE_TENSOR_CORE_MMA=1 -DNATTEN_WITH_CUTLASS -DNATTEN_WITH_HOPPER_FNA=1 -DTORCH_API_INCLUDE_EXTENSION_H -DTORCH_EXTENSION_NAME=libnatten -DWITH_CUDA -D_GLIBCXX_USE_CXX11_ABI=1 -Dnatten_EXPORTS --options-file CMakeFiles/natten.dir/includes_CUDA.rsp -Xcompiler -Wall -ldl --expt-relaxed-constexpr -Xcompiler=-Wconversion -Xcompiler=-fno-strict-aliasing --use_fast_math --extended-lambda -ftemplate-backtrace-limit=0 -O3 -DNDEBUG --std=c++17 -Xfatbin -compress-all -std=c++17 "--generate-code=arch=compute_90a,code=[sm_90a]" -Xcompiler=-fPIC -MD -MT CMakeFiles/natten.dir/src/fmha.cu.o -MF CMakeFiles/natten.dir/src/fmha.cu.o.d -x cu -c /home/runner/work/NATTEN/NATTEN/csrc/src/fmha.cu -o CMakeFiles/natten.dir/src/fmha.cu.o
[2026-09-03T11:00:50Z DEBUG sccache::config] Attempting to read config file at "/home/runner/.config/sccache/config"
[2026-09-03T11:00:50Z DEBUG sccache::config] Couldn't open config file: failed to open file `/home/runner/.config/sccache/config`: No such file or directory (os error 2)
[2026-09-03T11:00:50Z DEBUG sccache::commands] Server sent CompileStarted
[ 95%] Building CUDA object CMakeFiles/natten.dir/src/fna_backward.cu.o
/tmp/sccache-wrappers/nvcc -forward-unknown-to-host-compiler -DCUTLASS_ENABLE_TENSOR_CORE_MMA=1 -DNATTEN_WITH_CUTLASS -DNATTEN_WITH_HOPPER_FNA=1 -DTORCH_API_INCLUDE_EXTENSION_H -DTORCH_EXTENSION_NAME=libnatten -DWITH_CUDA -D_GLIBCXX_USE_CXX11_ABI=1 -Dnatten_EXPORTS --options-file CMakeFiles/natten.dir/includes_CUDA.rsp -Xcompiler -Wall -ldl --expt-relaxed-constexpr -Xcompiler=-Wconversion -Xcompiler=-fno-strict-aliasing --use_fast_math --extended-lambda -ftemplate-backtrace-limit=0 -O3 -DNDEBUG --std=c++17 -Xfatbin -compress-all -std=c++17 "--generate-code=arch=compute_90a,code=[sm_90a]" -Xcompiler=-fPIC -MD -MT CMakeFiles/natten.dir/src/fna_backward.cu.o -MF CMakeFiles/natten.dir/src/fna_backward.cu.o.d -x cu -c /home/runner/work/NATTEN/NATTEN/csrc/src/fna_backward.cu -o CMakeFiles/natten.dir/src/fna_backward.cu.o
[2026-09-03T11:01:02Z DEBUG sccache::config] Attempting to read config file at "/home/runner/.config/sccache/config"
[2026-09-03T11:01:02Z DEBUG sccache::config] Couldn't open config file: failed to open file `/home/runner/.config/sccache/config`: No such file or directory (os error 2)
[2026-09-03T11:01:02Z DEBUG sccache::commands] Server sent CompileStarted
[ 96%] Building CUDA object CMakeFiles/natten.dir/src/fna_forward.cu.o
/tmp/sccache-wrappers/nvcc -forward-unknown-to-host-compiler -DCUTLASS_ENABLE_TENSOR_CORE_MMA=1 -DNATTEN_WITH_CUTLASS -DNATTEN_WITH_HOPPER_FNA=1 -DTORCH_API_INCLUDE_EXTENSION_H -DTORCH_EXTENSION_NAME=libnatten -DWITH_CUDA -D_GLIBCXX_USE_CXX11_ABI=1 -Dnatten_EXPORTS --options-file CMakeFiles/natten.dir/includes_CUDA.rsp -Xcompiler -Wall -ldl --expt-relaxed-constexpr -Xcompiler=-Wconversion -Xcompiler=-fno-strict-aliasing --use_fast_math --extended-lambda -ftemplate-backtrace-limit=0 -O3 -DNDEBUG --std=c++17 -Xfatbin -compress-all -std=c++17 "--generate-code=arch=compute_90a,code=[sm_90a]" -Xcompiler=-fPIC -MD -MT CMakeFiles/natten.dir/src/fna_forward.cu.o -MF CMakeFiles/natten.dir/src/fna_forward.cu.o.d -x cu -c /home/runner/work/NATTEN/NATTEN/csrc/src/fna_forward.cu -o CMakeFiles/natten.dir/src/fna_forward.cu.o
[2026-09-03T11:02:58Z DEBUG sccache::config] Attempting to read config file at "/home/runner/.config/sccache/config"
[2026-09-03T11:02:58Z DEBUG sccache::config] Couldn't open config file: failed to open file `/home/runner/.config/sccache/config`: No such file or directory (os error 2)
[2026-09-03T11:02:58Z DEBUG sccache::commands] Server sent CompileStarted
[ 96%] Building CUDA object CMakeFiles/natten.dir/src/hopper_fmha.cu.o
/tmp/sccache-wrappers/nvcc -forward-unknown-to-host-compiler -DCUTLASS_ENABLE_TENSOR_CORE_MMA=1 -DNATTEN_WITH_CUTLASS -DNATTEN_WITH_HOPPER_FNA=1 -DTORCH_API_INCLUDE_EXTENSION_H -DTORCH_EXTENSION_NAME=libnatten -DWITH_CUDA -D_GLIBCXX_USE_CXX11_ABI=1 -Dnatten_EXPORTS --options-file CMakeFiles/natten.dir/includes_CUDA.rsp -Xcompiler -Wall -ldl --expt-relaxed-constexpr -Xcompiler=-Wconversion -Xcompiler=-fno-strict-aliasing --use_fast_math --extended-lambda -ftemplate-backtrace-limit=0 -O3 -DNDEBUG --std=c++17 -Xfatbin -compress-all -std=c++17 "--generate-code=arch=compute_90a,code=[sm_90a]" -Xcompiler=-fPIC -MD -MT CMakeFiles/natten.dir/src/hopper_fmha.cu.o -MF CMakeFiles/natten.dir/src/hopper_fmha.cu.o.d -x cu -c /home/runner/work/NATTEN/NATTEN/csrc/src/hopper_fmha.cu -o CMakeFiles/natten.dir/src/hopper_fmha.cu.o
[2026-09-03T11:04:58Z DEBUG sccache::config] Attempting to read config file at "/home/runner/.config/sccache/config"
[2026-09-03T11:04:58Z DEBUG sccache::config] Couldn't open config file: failed to open file `/home/runner/.config/sccache/config`: No such file or directory (os error 2)
[2026-09-03T11:04:58Z DEBUG sccache::commands] Server sent CompileStarted
[ 97%] Building CUDA object CMakeFiles/natten.dir/src/hopper_fna_backward.cu.o
/tmp/sccache-wrappers/nvcc -forward-unknown-to-host-compiler -DCUTLASS_ENABLE_TENSOR_CORE_MMA=1 -DNATTEN_WITH_CUTLASS -DNATTEN_WITH_HOPPER_FNA=1 -DTORCH_API_INCLUDE_EXTENSION_H -DTORCH_EXTENSION_NAME=libnatten -DWITH_CUDA -D_GLIBCXX_USE_CXX11_ABI=1 -Dnatten_EXPORTS --options-file CMakeFiles/natten.dir/includes_CUDA.rsp -Xcompiler -Wall -ldl --expt-relaxed-constexpr -Xcompiler=-Wconversion -Xcompiler=-fno-strict-aliasing --use_fast_math --extended-lambda -ftemplate-backtrace-limit=0 -O3 -DNDEBUG --std=c++17 -Xfatbin -compress-all -std=c++17 "--generate-code=arch=compute_90a,code=[sm_90a]" -Xcompiler=-fPIC -MD -MT CMakeFiles/natten.dir/src/hopper_fna_backward.cu.o -MF CMakeFiles/natten.dir/src/hopper_fna_backward.cu.o.d -x cu -c /home/runner/work/NATTEN/NATTEN/csrc/src/hopper_fna_backward.cu -o CMakeFiles/natten.dir/src/hopper_fna_backward.cu.o
[2026-09-03T11:06:03Z DEBUG sccache::config] Attempting to read config file at "/home/runner/.config/sccache/config"
[2026-09-03T11:06:03Z DEBUG sccache::config] Couldn't open config file: failed to open file `/home/runner/.config/sccache/config`: No such file or directory (os error 2)
[2026-09-03T11:06:03Z DEBUG sccache::commands] Server sent CompileStarted
[ 97%] Building CUDA object CMakeFiles/natten.dir/src/hopper_fna_forward.cu.o
/tmp/sccache-wrappers/nvcc -forward-unknown-to-host-compiler -DCUTLASS_ENABLE_TENSOR_CORE_MMA=1 -DNATTEN_WITH_CUTLASS -DNATTEN_WITH_HOPPER_FNA=1 -DTORCH_API_INCLUDE_EXTENSION_H -DTORCH_EXTENSION_NAME=libnatten -DWITH_CUDA -D_GLIBCXX_USE_CXX11_ABI=1 -Dnatten_EXPORTS --options-file CMakeFiles/natten.dir/includes_CUDA.rsp -Xcompiler -Wall -ldl --expt-relaxed-constexpr -Xcompiler=-Wconversion -Xcompiler=-fno-strict-aliasing --use_fast_math --extended-lambda -ftemplate-backtrace-limit=0 -O3 -DNDEBUG --std=c++17 -Xfatbin -compress-all -std=c++17 "--generate-code=arch=compute_90a,code=[sm_90a]" -Xcompiler=-fPIC -MD -MT CMakeFiles/natten.dir/src/hopper_fna_forward.cu.o -MF CMakeFiles/natten.dir/src/hopper_fna_forward.cu.o.d -x cu -c /home/runner/work/NATTEN/NATTEN/csrc/src/hopper_fna_forward.cu -o CMakeFiles/natten.dir/src/hopper_fna_forward.cu.o
[2026-09-03T11:06:18Z DEBUG sccache::config] Attempting to read config file at "/home/runner/.config/sccache/config"
[2026-09-03T11:06:18Z DEBUG sccache::config] Couldn't open config file: failed to open file `/home/runner/.config/sccache/config`: No such file or directory (os error 2)
[2026-09-03T11:06:18Z DEBUG sccache::commands] Server sent CompileStarted
[ 98%] Building CUDA object CMakeFiles/natten.dir/src/reference_backward.cu.o
/tmp/sccache-wrappers/nvcc -forward-unknown-to-host-compiler -DCUTLASS_ENABLE_TENSOR_CORE_MMA=1 -DNATTEN_WITH_CUTLASS -DNATTEN_WITH_HOPPER_FNA=1 -DTORCH_API_INCLUDE_EXTENSION_H -DTORCH_EXTENSION_NAME=libnatten -DWITH_CUDA -D_GLIBCXX_USE_CXX11_ABI=1 -Dnatten_EXPORTS --options-file CMakeFiles/natten.dir/includes_CUDA.rsp -Xcompiler -Wall -ldl --expt-relaxed-constexpr -Xcompiler=-Wconversion -Xcompiler=-fno-strict-aliasing --use_fast_math --extended-lambda -ftemplate-backtrace-limit=0 -O3 -DNDEBUG --std=c++17 -Xfatbin -compress-all -std=c++17 "--generate-code=arch=compute_90a,code=[sm_90a]" -Xcompiler=-fPIC -MD -MT CMakeFiles/natten.dir/src/reference_backward.cu.o -MF CMakeFiles/natten.dir/src/reference_backward.cu.o.d -x cu -c /home/runner/work/NATTEN/NATTEN/csrc/src/reference_backward.cu -o CMakeFiles/natten.dir/src/reference_backward.cu.o
[2026-09-03T11:07:31Z DEBUG sccache::config] Attempting to read config file at "/home/runner/.config/sccache/config"
[2026-09-03T11:07:31Z DEBUG sccache::config] Couldn't open config file: failed to open file `/home/runner/.config/sccache/config`: No such file or directory (os error 2)
[2026-09-03T11:07:31Z DEBUG sccache::commands] Server sent CompileStarted
[ 98%] Building CUDA object CMakeFiles/natten.dir/src/reference_forward.cu.o
/tmp/sccache-wrappers/nvcc -forward-unknown-to-host-compiler -DCUTLASS_ENABLE_TENSOR_CORE_MMA=1 -DNATTEN_WITH_CUTLASS -DNATTEN_WITH_HOPPER_FNA=1 -DTORCH_API_INCLUDE_EXTENSION_H -DTORCH_EXTENSION_NAME=libnatten -DWITH_CUDA -D_GLIBCXX_USE_CXX11_ABI=1 -Dnatten_EXPORTS --options-file CMakeFiles/natten.dir/includes_CUDA.rsp -Xcompiler -Wall -ldl --expt-relaxed-constexpr -Xcompiler=-Wconversion -Xcompiler=-fno-strict-aliasing --use_fast_math --extended-lambda -ftemplate-backtrace-limit=0 -O3 -DNDEBUG --std=c++17 -Xfatbin -compress-all -std=c++17 "--generate-code=arch=compute_90a,code=[sm_90a]" -Xcompiler=-fPIC -MD -MT CMakeFiles/natten.dir/src/reference_forward.cu.o -MF CMakeFiles/natten.dir/src/reference_forward.cu.o.d -x cu -c /home/runner/work/NATTEN/NATTEN/csrc/src/reference_forward.cu -o CMakeFiles/natten.dir/src/reference_forward.cu.o
[2026-09-03T11:07:43Z DEBUG sccache::config] Attempting to read config file at "/home/runner/.config/sccache/config"
[2026-09-03T11:07:43Z DEBUG sccache::config] Couldn't open config file: failed to open file `/home/runner/.config/sccache/config`: No such file or directory (os error 2)
[2026-09-03T11:07:43Z DEBUG sccache::commands] Server sent CompileStarted
[ 99%] Building CUDA object CMakeFiles/natten.dir/src/token_permute.cu.o
/tmp/sccache-wrappers/nvcc -forward-unknown-to-host-compiler -DCUTLASS_ENABLE_TENSOR_CORE_MMA=1 -DNATTEN_WITH_CUTLASS -DNATTEN_WITH_HOPPER_FNA=1 -DTORCH_API_INCLUDE_EXTENSION_H -DTORCH_EXTENSION_NAME=libnatten -DWITH_CUDA -D_GLIBCXX_USE_CXX11_ABI=1 -Dnatten_EXPORTS --options-file CMakeFiles/natten.dir/includes_CUDA.rsp -Xcompiler -Wall -ldl --expt-relaxed-constexpr -Xcompiler=-Wconversion -Xcompiler=-fno-strict-aliasing --use_fast_math --extended-lambda -ftemplate-backtrace-limit=0 -O3 -DNDEBUG --std=c++17 -Xfatbin -compress-all -std=c++17 "--generate-code=arch=compute_90a,code=[sm_90a]" -Xcompiler=-fPIC -MD -MT CMakeFiles/natten.dir/src/token_permute.cu.o -MF CMakeFiles/natten.dir/src/token_permute.cu.o.d -x cu -c /home/runner/work/NATTEN/NATTEN/csrc/src/token_permute.cu -o CMakeFiles/natten.dir/src/token_permute.cu.o
[2026-09-03T11:08:41Z DEBUG sccache::config] Attempting to read config file at "/home/runner/.config/sccache/config"
[2026-09-03T11:08:41Z DEBUG sccache::config] Couldn't open config file: failed to open file `/home/runner/.config/sccache/config`: No such file or directory (os error 2)
[2026-09-03T11:08:41Z DEBUG sccache::commands] Server sent CompileStarted
[ 99%] Building CUDA object CMakeFiles/natten.dir/src/token_unpermute.cu.o
/tmp/sccache-wrappers/nvcc -forward-unknown-to-host-compiler -DCUTLASS_ENABLE_TENSOR_CORE_MMA=1 -DNATTEN_WITH_CUTLASS -DNATTEN_WITH_HOPPER_FNA=1 -DTORCH_API_INCLUDE_EXTENSION_H -DTORCH_EXTENSION_NAME=libnatten -DWITH_CUDA -D_GLIBCXX_USE_CXX11_ABI=1 -Dnatten_EXPORTS --options-file CMakeFiles/natten.dir/includes_CUDA.rsp -Xcompiler -Wall -ldl --expt-relaxed-constexpr -Xcompiler=-Wconversion -Xcompiler=-fno-strict-aliasing --use_fast_math --extended-lambda -ftemplate-backtrace-limit=0 -O3 -DNDEBUG --std=c++17 -Xfatbin -compress-all -std=c++17 "--generate-code=arch=compute_90a,code=[sm_90a]" -Xcompiler=-fPIC -MD -MT CMakeFiles/natten.dir/src/token_unpermute.cu.o -MF CMakeFiles/natten.dir/src/token_unpermute.cu.o.d -x cu -c /home/runner/work/NATTEN/NATTEN/csrc/src/token_unpermute.cu -o CMakeFiles/natten.dir/src/token_unpermute.cu.o
[2026-09-03T11:09:46Z DEBUG sccache::config] Attempting to read config file at "/home/runner/.config/sccache/config"
[2026-09-03T11:09:46Z DEBUG sccache::config] Couldn't open config file: failed to open file `/home/runner/.config/sccache/config`: No such file or directory (os error 2)
[2026-09-03T11:09:46Z DEBUG sccache::commands] Server sent CompileStarted
[100%] Linking CXX shared library natten/libnatten.cpython-311-x86_64-linux-gnu.so
/usr/local/bin/cmake -E cmake_link_script CMakeFiles/natten.dir/link.txt --verbose=1
/tmp/sccache-wrappers/c++ -fPIC  -std=c++17 -Wl,--dependency-file=CMakeFiles/natten.dir/link.d -shared -Wl,-soname,natten/libnatten.cpython-311-x86_64-linux-gnu.so -o natten/libnatten.cpython-311-x86_64-linux-gnu.so CMakeFiles/natten.dir/autogen/src/cuda/fmha/source_0.cu.o CMakeFiles/natten.dir/autogen/src/cuda/fmha/source_1.cu.o CMakeFiles/natten.dir/autogen/src/cuda/fmha/source_10.cu.o CMakeFiles/natten.dir/autogen/src/cuda/fmha/source_11.cu.o CMakeFiles/natten.dir/autogen/src/cuda/fmha/source_2.cu.o CMakeFiles/natten.dir/autogen/src/cuda/fmha/source_3.cu.o CMakeFiles/natten.dir/autogen/src/cuda/fmha/source_4.cu.o CMakeFiles/natten.dir/autogen/src/cuda/fmha/source_5.cu.o CMakeFiles/natten.dir/autogen/src/cuda/fmha/source_6.cu.o CMakeFiles/natten.dir/autogen/src/cuda/fmha/source_7.cu.o CMakeFiles/natten.dir/autogen/src/cuda/fmha/source_8.cu.o CMakeFiles/natten.dir/autogen/src/cuda/fmha/source_9.cu.o CMakeFiles/natten.dir/autogen/src/cuda/fna/source_0.cu.o CMakeFiles/natten.dir/autogen/src/cuda/fna/source_1.cu.o CMakeFiles/natten.dir/autogen/src/cuda/fna/source_10.cu.o CMakeFiles/natten.dir/autogen/src/cuda/fna/source_100.cu.o CMakeFiles/natten.dir/autogen/src/cuda/fna/source_101.cu.o CMakeFiles/natten.dir/autogen/src/cuda/fna/source_102.cu.o CMakeFiles/natten.dir/autogen/src/cuda/fna/source_103.cu.o CMakeFiles/natten.dir/autogen/src/cuda/fna/source_104.cu.o CMakeFiles/natten.dir/autogen/src/cuda/fna/source_105.cu.o CMakeFiles/natten.dir/autogen/src/cuda/fna/source_106.cu.o CMakeFiles/natten.dir/autogen/src/cuda/fna/source_107.cu.o CMakeFiles/natten.dir/autogen/src/cuda/fna/source_108.cu.o CMakeFiles/natten.dir/autogen/src/cuda/fna/source_109.cu.o CMakeFiles/natten.dir/autogen/src/cuda/fna/source_11.cu.o CMakeFiles/natten.dir/autogen/src/cuda/fna/source_110.cu.o CMakeFiles/natten.dir/autogen/src/cuda/fna/source_111.cu.o CMakeFiles/natten.dir/autogen/src/cuda/fna/source_112.cu.o CMakeFiles/natten.dir/autogen/src/cuda/fna/source_113.cu.o CMakeFiles/natten.dir/autogen/src/cuda/fna/source_114.cu.o CMakeFiles/natten.dir/autogen/src/cuda/fna/source_115.cu.o CMakeFiles/natten.dir/autogen/src/cuda/fna/source_116.cu.o CMakeFiles/natten.dir/autogen/src/cuda/fna/source_117.cu.o CMakeFiles/natten.dir/autogen/src/cuda/fna/source_118.cu.o CMakeFiles/natten.dir/autogen/src/cuda/fna/source_119.cu.o CMakeFiles/natten.dir/autogen/src/cuda/fna/source_12.cu.o CMakeFiles/natten.dir/autogen/src/cuda/fna/source_120.cu.o CMakeFiles/natten.dir/autogen/src/cuda/fna/source_121.cu.o CMakeFiles/natten.dir/autogen/src/cuda/fna/source_122.cu.o CMakeFiles/natten.dir/autogen/src/cuda/fna/source_123.cu.o CMakeFiles/natten.dir/autogen/src/cuda/fna/source_124.cu.o CMakeFiles/natten.dir/autogen/src/cuda/fna/source_125.cu.o CMakeFiles/natten.dir/autogen/src/cuda/fna/source_126.cu.o CMakeFiles/natten.dir/autogen/src/cuda/fna/source_127.cu.o CMakeFiles/natten.dir/autogen/src/cuda/fna/source_13.cu.o CMakeFiles/natten.dir/autogen/src/cuda/fna/source_14.cu.o CMakeFiles/natten.dir/autogen/src/cuda/fna/source_15.cu.o CMakeFiles/natten.dir/autogen/src/cuda/fna/source_16.cu.o CMakeFiles/natten.dir/autogen/src/cuda/fna/source_17.cu.o CMakeFiles/natten.dir/autogen/src/cuda/fna/source_18.cu.o CMakeFiles/natten.dir/autogen/src/cuda/fna/source_19.cu.o CMakeFiles/natten.dir/autogen/src/cuda/fna/source_2.cu.o CMakeFiles/natten.dir/autogen/src/cuda/fna/source_20.cu.o CMakeFiles/natten.dir/autogen/src/cuda/fna/source_21.cu.o CMakeFiles/natten.dir/autogen/src/cuda/fna/source_22.cu.o CMakeFiles/natten.dir/autogen/src/cuda/fna/source_23.cu.o CMakeFiles/natten.dir/autogen/src/cuda/fna/source_24.cu.o CMakeFiles/natten.dir/autogen/src/cuda/fna/source_25.cu.o CMakeFiles/natten.dir/autogen/src/cuda/fna/source_26.cu.o CMakeFiles/natten.dir/autogen/src/cuda/fna/source_27.cu.o CMakeFiles/natten.dir/autogen/src/cuda/fna/source_28.cu.o CMakeFiles/natten.dir/autogen/src/cuda/fna/source_29.cu.o CMakeFiles/natten.dir/autogen/src/cuda/fna/source_3.cu.o CMakeFiles/natten.dir/autogen/src/cuda/fna/source_30.cu.o CMakeFiles/natten.dir/autogen/src/cuda/fna/source_31.cu.o CMakeFiles/natten.dir/autogen/src/cuda/fna/source_32.cu.o CMakeFiles/natten.dir/autogen/src/cuda/fna/source_33.cu.o CMakeFiles/natten.dir/autogen/src/cuda/fna/source_34.cu.o CMakeFiles/natten.dir/autogen/src/cuda/fna/source_35.cu.o CMakeFiles/natten.dir/autogen/src/cuda/fna/source_36.cu.o CMakeFiles/natten.dir/autogen/src/cuda/fna/source_37.cu.o CMakeFiles/natten.dir/autogen/src/cuda/fna/source_38.cu.o CMakeFiles/natten.dir/autogen/src/cuda/fna/source_39.cu.o CMakeFiles/natten.dir/autogen/src/cuda/fna/source_4.cu.o CMakeFiles/natten.dir/autogen/src/cuda/fna/source_40.cu.o CMakeFiles/natten.dir/autogen/src/cuda/fna/source_41.cu.o CMakeFiles/natten.dir/autogen/src/cuda/fna/source_42.cu.o CMakeFiles/natten.dir/autogen/src/cuda/fna/source_43.cu.o CMakeFiles/natten.dir/autogen/src/cuda/fna/source_44.cu.o CMakeFiles/natten.dir/autogen/src/cuda/fna/source_45.cu.o CMakeFiles/natten.dir/autogen/src/cuda/fna/source_46.cu.o CMakeFiles/natten.dir/autogen/src/cuda/fna/source_47.cu.o CMakeFiles/natten.dir/autogen/src/cuda/fna/source_48.cu.o CMakeFiles/natten.dir/autogen/src/cuda/fna/source_49.cu.o CMakeFiles/natten.dir/autogen/src/cuda/fna/source_5.cu.o CMakeFiles/natten.dir/autogen/src/cuda/fna/source_50.cu.o CMakeFiles/natten.dir/autogen/src/cuda/fna/source_51.cu.o CMakeFiles/natten.dir/autogen/src/cuda/fna/source_52.cu.o CMakeFiles/natten.dir/autogen/src/cuda/fna/source_53.cu.o CMakeFiles/natten.dir/autogen/src/cuda/fna/source_54.cu.o CMakeFiles/natten.dir/autogen/src/cuda/fna/source_55.cu.o CMakeFiles/natten.dir/autogen/src/cuda/fna/source_56.cu.o CMakeFiles/natten.dir/autogen/src/cuda/fna/source_57.cu.o CMakeFiles/natten.dir/autogen/src/cuda/fna/source_58.cu.o CMakeFiles/natten.dir/autogen/src/cuda/fna/source_59.cu.o CMakeFiles/natten.dir/autogen/src/cuda/fna/source_6.cu.o CMakeFiles/natten.dir/autogen/src/cuda/fna/source_60.cu.o CMakeFiles/natten.dir/autogen/src/cuda/fna/source_61.cu.o CMakeFiles/natten.dir/autogen/src/cuda/fna/source_62.cu.o CMakeFiles/natten.dir/autogen/src/cuda/fna/source_63.cu.o CMakeFiles/natten.dir/autogen/src/cuda/fna/source_64.cu.o CMakeFiles/natten.dir/autogen/src/cuda/fna/source_65.cu.o CMakeFiles/natten.dir/autogen/src/cuda/fna/source_66.cu.o CMakeFiles/natten.dir/autogen/src/cuda/fna/source_67.cu.o CMakeFiles/natten.dir/autogen/src/cuda/fna/source_68.cu.o CMakeFiles/natten.dir/autogen/src/cuda/fna/source_69.cu.o CMakeFiles/natten.dir/autogen/src/cuda/fna/source_7.cu.o CMakeFiles/natten.dir/autogen/src/cuda/fna/source_70.cu.o CMakeFiles/natten.dir/autogen/src/cuda/fna/source_71.cu.o CMakeFiles/natten.dir/autogen/src/cuda/fna/source_72.cu.o CMakeFiles/natten.dir/autogen/src/cuda/fna/source_73.cu.o CMakeFiles/natten.dir/autogen/src/cuda/fna/source_74.cu.o CMakeFiles/natten.dir/autogen/src/cuda/fna/source_75.cu.o CMakeFiles/natten.dir/autogen/src/cuda/fna/source_76.cu.o CMakeFiles/natten.dir/autogen/src/cuda/fna/source_77.cu.o CMakeFiles/natten.dir/autogen/src/cuda/fna/source_78.cu.o CMakeFiles/natten.dir/autogen/src/cuda/fna/source_79.cu.o CMakeFiles/natten.dir/autogen/src/cuda/fna/source_8.cu.o CMakeFiles/natten.dir/autogen/src/cuda/fna/source_80.cu.o CMakeFiles/natten.dir/autogen/src/cuda/fna/source_81.cu.o CMakeFiles/natten.dir/autogen/src/cuda/fna/source_82.cu.o CMakeFiles/natten.dir/autogen/src/cuda/fna/source_83.cu.o CMakeFiles/natten.dir/autogen/src/cuda/fna/source_84.cu.o CMakeFiles/natten.dir/autogen/src/cuda/fna/source_85.cu.o CMakeFiles/natten.dir/autogen/src/cuda/fna/source_86.cu.o CMakeFiles/natten.dir/autogen/src/cuda/fna/source_87.cu.o CMakeFiles/natten.dir/autogen/src/cuda/fna/source_88.cu.o CMakeFiles/natten.dir/autogen/src/cuda/fna/source_89.cu.o CMakeFiles/natten.dir/autogen/src/cuda/fna/source_9.cu.o CMakeFiles/natten.dir/autogen/src/cuda/fna/source_90.cu.o CMakeFiles/natten.dir/autogen/src/cuda/fna/source_91.cu.o CMakeFiles/natten.dir/autogen/src/cuda/fna/source_92.cu.o CMakeFiles/natten.dir/autogen/src/cuda/fna/source_93.cu.o CMakeFiles/natten.dir/autogen/src/cuda/fna/source_94.cu.o CMakeFiles/natten.dir/autogen/src/cuda/fna/source_95.cu.o CMakeFiles/natten.dir/autogen/src/cuda/fna/source_96.cu.o CMakeFiles/natten.dir/autogen/src/cuda/fna/source_97.cu.o CMakeFiles/natten.dir/autogen/src/cuda/fna/source_98.cu.o CMakeFiles/natten.dir/autogen/src/cuda/fna/source_99.cu.o CMakeFiles/natten.dir/autogen/src/cuda/hopper_fmha/source_0.cu.o CMakeFiles/natten.dir/autogen/src/cuda/hopper_fmha/source_1.cu.o CMakeFiles/natten.dir/autogen/src/cuda/hopper_fmha/source_2.cu.o CMakeFiles/natten.dir/autogen/src/cuda/hopper_fmha/source_3.cu.o CMakeFiles/natten.dir/autogen/src/cuda/hopper_fmha/source_4.cu.o CMakeFiles/natten.dir/autogen/src/cuda/hopper_fmha/source_5.cu.o CMakeFiles/natten.dir/autogen/src/cuda/hopper_fmha/source_6.cu.o CMakeFiles/natten.dir/autogen/src/cuda/hopper_fmha/source_7.cu.o CMakeFiles/natten.dir/autogen/src/cuda/hopper_fmha/source_8.cu.o CMakeFiles/natten.dir/autogen/src/cuda/hopper_fmha/source_9.cu.o CMakeFiles/natten.dir/autogen/src/cuda/hopper_fmha_bwd/source_0.cu.o CMakeFiles/natten.dir/autogen/src/cuda/hopper_fmha_bwd/source_1.cu.o CMakeFiles/natten.dir/autogen/src/cuda/hopper_fmha_bwd/source_2.cu.o CMakeFiles/natten.dir/autogen/src/cuda/hopper_fmha_bwd/source_3.cu.o CMakeFiles/natten.dir/autogen/src/cuda/hopper_fmha_bwd/source_4.cu.o CMakeFiles/natten.dir/autogen/src/cuda/hopper_fmha_bwd/source_5.cu.o CMakeFiles/natten.dir/autogen/src/cuda/hopper_fmha_bwd/source_6.cu.o CMakeFiles/natten.dir/autogen/src/cuda/hopper_fmha_bwd/source_7.cu.o CMakeFiles/natten.dir/autogen/src/cuda/hopper_fmha_bwd/source_8.cu.o CMakeFiles/natten.dir/autogen/src/cuda/hopper_fmha_bwd/source_9.cu.o CMakeFiles/natten.dir/autogen/src/cuda/hopper_fna/source_0.cu.o CMakeFiles/natten.dir/autogen/src/cuda/hopper_fna/source_1.cu.o CMakeFiles/natten.dir/autogen/src/cuda/hopper_fna/source_10.cu.o CMakeFiles/natten.dir/autogen/src/cuda/hopper_fna/source_11.cu.o CMakeFiles/natten.dir/autogen/src/cuda/hopper_fna/source_12.cu.o CMakeFiles/natten.dir/autogen/src/cuda/hopper_fna/source_13.cu.o CMakeFiles/natten.dir/autogen/src/cuda/hopper_fna/source_14.cu.o CMakeFiles/natten.dir/autogen/src/cuda/hopper_fna/source_15.cu.o CMakeFiles/natten.dir/autogen/src/cuda/hopper_fna/source_2.cu.o CMakeFiles/natten.dir/autogen/src/cuda/hopper_fna/source_3.cu.o CMakeFiles/natten.dir/autogen/src/cuda/hopper_fna/source_4.cu.o CMakeFiles/natten.dir/autogen/src/cuda/hopper_fna/source_5.cu.o CMakeFiles/natten.dir/autogen/src/cuda/hopper_fna/source_6.cu.o CMakeFiles/natten.dir/autogen/src/cuda/hopper_fna/source_7.cu.o CMakeFiles/natten.dir/autogen/src/cuda/hopper_fna/source_8.cu.o CMakeFiles/natten.dir/autogen/src/cuda/hopper_fna/source_9.cu.o CMakeFiles/natten.dir/autogen/src/cuda/hopper_fna_bwd/source_0.cu.o CMakeFiles/natten.dir/autogen/src/cuda/hopper_fna_bwd/source_1.cu.o CMakeFiles/natten.dir/autogen/src/cuda/hopper_fna_bwd/source_2.cu.o CMakeFiles/natten.dir/autogen/src/cuda/hopper_fna_bwd/source_3.cu.o CMakeFiles/natten.dir/autogen/src/cuda/hopper_fna_bwd/source_4.cu.o CMakeFiles/natten.dir/autogen/src/cuda/hopper_fna_bwd/source_5.cu.o CMakeFiles/natten.dir/autogen/src/cuda/hopper_fna_bwd/source_6.cu.o CMakeFiles/natten.dir/autogen/src/cuda/hopper_fna_bwd/source_7.cu.o CMakeFiles/natten.dir/autogen/src/cuda/reference/source_0.cu.o CMakeFiles/natten.dir/autogen/src/cuda/reference/source_1.cu.o CMakeFiles/natten.dir/autogen/src/cuda/reference/source_2.cu.o CMakeFiles/natten.dir/autogen/src/cuda/reference/source_3.cu.o CMakeFiles/natten.dir/natten.cpp.o CMakeFiles/natten.dir/src/blackwell_fmha.cu.o CMakeFiles/natten.dir/src/blackwell_fna_backward.cu.o CMakeFiles/natten.dir/src/blackwell_fna_forward.cu.o CMakeFiles/natten.dir/src/compute_delta.cu.o CMakeFiles/natten.dir/src/fmha.cu.o CMakeFiles/natten.dir/src/fna_backward.cu.o CMakeFiles/natten.dir/src/fna_forward.cu.o CMakeFiles/natten.dir/src/hopper_fmha.cu.o CMakeFiles/natten.dir/src/hopper_fna_backward.cu.o CMakeFiles/natten.dir/src/hopper_fna_forward.cu.o CMakeFiles/natten.dir/src/reference_backward.cu.o CMakeFiles/natten.dir/src/reference_forward.cu.o CMakeFiles/natten.dir/src/token_permute.cu.o CMakeFiles/natten.dir/src/token_unpermute.cu.o   -L/opt/hostedtoolcache/Python/3.11.16/x64/lib/python3.11/site-packages/to[2026-09-03T11:10:48Z DEBUG sccache::config] Attempting to read config file at "/home/runner/.config/sccache/config"
[2026-09-03T11:10:48Z DEBUG sccache::config] Couldn't open config file: failed to open file `/home/runner/.config/sccache/config`: No such file or directory (os error 2)
[2026-09-03T11:10:48Z DEBUG sccache::commands] Server sent UnhandledCompile
rch/lib  -L/usr/local/cuda-12.8/targets/x86_64-linux/lib/stubs  -L/usr/local/cuda-12.8/targets/x86_64-linux/lib  -Wl,-rpath,/opt/hostedtoolcache/Python/3.11.16/x64/lib/python3.11/site-packages/torch/lib -lc10 -ltorch -ltorch_cpu -ltorch_python -lcudart -lc10_cuda -ltorch_cuda -lcudadevrt -lcudart_static -lrt -lpthread -ldl
gmake[2]: Leaving directory '/home/runner/work/_temp/tmptfw5qp2j'
[100%] Built target natten
gmake[1]: Leaving directory '/home/runner/work/_temp/tmptfw5qp2j'
/usr/local/bin/cmake -E cmake_progress_start /home/runner/work/_temp/tmptfw5qp2j/CMakeFiles 0

Preparing to build LIBNATTEN
Auto-generating kernel instantiations
Stamping out reference kernels
 -- reference did not have any previously generated targets; direct copy.
 -- reference did not have any previously generated targets; direct copy.
Stamping out fna kernels
 -- fna did not have any previously generated targets; direct copy.
 -- fna did not have any previously generated targets; direct copy.
Stamping out fmha kernels
 -- fmha did not have any previously generated targets; direct copy.
 -- fmha did not have any previously generated targets; direct copy.
Stamping out hopper-fna kernels
 -- hopper-fna did not have any previously generated targets; direct copy.
 -- hopper-fna did not have any previously generated targets; direct copy.
Stamping out hopper-fmha kernels
 -- hopper-fmha did not have any previously generated targets; direct copy.
 -- hopper-fmha did not have any previously generated targets; direct copy.
Stamping out hopper-fna-bwd kernels
 -- hopper-fna-bwd did not have any previously generated targets; direct copy.
 -- hopper-fna-bwd did not have any previously generated targets; direct copy.
Stamping out hopper-fmha-bwd kernels
 -- hopper-fmha-bwd did not have any previously generated targets; direct copy.
 -- hopper-fmha-bwd did not have any previously generated targets; direct copy.
Building NATTEN for the following archs: [90] (max: 90)
Building with 1 workers.
Build directory: /home/runner/work/_temp/tmptfw5qp2j
IS_LIBTORCH_BUILT_WITH_CXX11_ABI=True
installing to build/bdist.linux-x86_64/wheel
running install
running install_lib
creating build/bdist.linux-x86_64/wheel
creating build/bdist.linux-x86_64/wheel/natten
copying build/lib.linux-x86_64-cpython-311/natten/__init__.py -> build/bdist.linux-x86_64/wheel/./natten
creating build/bdist.linux-x86_64/wheel/natten/profiling_utils
copying build/lib.linux-x86_64-cpython-311/natten/profiling_utils/__init__.py -> build/bdist.linux-x86_64/wheel/./natten/profiling_utils
copying build/lib.linux-x86_64-cpython-311/natten/profiling_utils/dry_run.py -> build/bdist.linux-x86_64/wheel/./natten/profiling_utils
copying build/lib.linux-x86_64-cpython-311/natten/profiling_utils/ops.py -> build/bdist.linux-x86_64/wheel/./natten/profiling_utils
copying build/lib.linux-x86_64-cpython-311/natten/profiling_utils/pretty_printer.py -> build/bdist.linux-x86_64/wheel/./natten/profiling_utils
copying build/lib.linux-x86_64-cpython-311/natten/profiling_utils/formatting.py -> build/bdist.linux-x86_64/wheel/./natten/profiling_utils
copying build/lib.linux-x86_64-cpython-311/natten/profiling_utils/problem.py -> build/bdist.linux-x86_64/wheel/./natten/profiling_utils
copying build/lib.linux-x86_64-cpython-311/natten/profiling_utils/profiling.py -> build/bdist.linux-x86_64/wheel/./natten/profiling_utils
copying build/lib.linux-x86_64-cpython-311/natten/modules.py -> build/bdist.linux-x86_64/wheel/./natten
copying build/lib.linux-x86_64-cpython-311/natten/version.py -> build/bdist.linux-x86_64/wheel/./natten
copying build/lib.linux-x86_64-cpython-311/natten/attn_merge.py -> build/bdist.linux-x86_64/wheel/./natten
creating build/bdist.linux-x86_64/wheel/natten/_libnatten
copying build/lib.linux-x86_64-cpython-311/natten/_libnatten/__init__.py -> build/bdist.linux-x86_64/wheel/./natten/_libnatten
copying build/lib.linux-x86_64-cpython-311/natten/_libnatten/stubs.py -> build/bdist.linux-x86_64/wheel/./natten/_libnatten
copying build/lib.linux-x86_64-cpython-311/natten/_libnatten/torch_wrappers.py -> build/bdist.linux-x86_64/wheel/./natten/_libnatten
copying build/lib.linux-x86_64-cpython-311/natten/functional.py -> build/bdist.linux-x86_64/wheel/./natten
copying build/lib.linux-x86_64-cpython-311/natten/types.py -> build/bdist.linux-x86_64/wheel/./natten
creating build/bdist.linux-x86_64/wheel/natten/utils
copying build/lib.linux-x86_64-cpython-311/natten/utils/__init__.py -> build/bdist.linux-x86_64/wheel/./natten/utils
copying build/lib.linux-x86_64-cpython-311/natten/utils/dtype.py -> build/bdist.linux-x86_64/wheel/./natten/utils
copying build/lib.linux-x86_64-cpython-311/natten/utils/environment.py -> build/bdist.linux-x86_64/wheel/./natten/utils
copying build/lib.linux-x86_64-cpython-311/natten/utils/device.py -> build/bdist.linux-x86_64/wheel/./natten/utils
copying build/lib.linux-x86_64-cpython-311/natten/utils/varlen.py -> build/bdist.linux-x86_64/wheel/./natten/utils
copying build/lib.linux-x86_64-cpython-311/natten/utils/checks.py -> build/bdist.linux-x86_64/wheel/./natten/utils
copying build/lib.linux-x86_64-cpython-311/natten/utils/tensor.py -> build/bdist.linux-x86_64/wheel/./natten/utils
copying build/lib.linux-x86_64-cpython-311/natten/utils/log.py -> build/bdist.linux-x86_64/wheel/./natten/utils
copying build/lib.linux-x86_64-cpython-311/natten/utils/tuples.py -> build/bdist.linux-x86_64/wheel/./natten/utils
copying build/lib.linux-x86_64-cpython-311/natten/utils/testing.py -> build/bdist.linux-x86_64/wheel/./natten/utils
creating build/bdist.linux-x86_64/wheel/natten/backends
copying build/lib.linux-x86_64-cpython-311/natten/backends/__init__.py -> build/bdist.linux-x86_64/wheel/./natten/backends
copying build/lib.linux-x86_64-cpython-311/natten/backends/hopper_fmha.py -> build/bdist.linux-x86_64/wheel/./natten/backends
copying build/lib.linux-x86_64-cpython-311/natten/backends/fna.py -> build/bdist.linux-x86_64/wheel/./natten/backends
copying build/lib.linux-x86_64-cpython-311/natten/backends/reference.py -> build/bdist.linux-x86_64/wheel/./natten/backends
copying build/lib.linux-x86_64-cpython-311/natten/backends/flex.py -> build/bdist.linux-x86_64/wheel/./natten/backends
copying build/lib.linux-x86_64-cpython-311/natten/backends/blackwell_fna.py -> build/bdist.linux-x86_64/wheel/./natten/backends
copying build/lib.linux-x86_64-cpython-311/natten/backends/fmha.py -> build/bdist.linux-x86_64/wheel/./natten/backends
copying build/lib.linux-x86_64-cpython-311/natten/backends/hopper_fna.py -> build/bdist.linux-x86_64/wheel/./natten/backends
creating build/bdist.linux-x86_64/wheel/natten/backends/configs
copying build/lib.linux-x86_64-cpython-311/natten/backends/configs/__init__.py -> build/bdist.linux-x86_64/wheel/./natten/backends/configs
creating build/bdist.linux-x86_64/wheel/natten/backends/configs/cutlass_blackwell
copying build/lib.linux-x86_64-cpython-311/natten/backends/configs/cutlass_blackwell/__init__.py -> build/bdist.linux-x86_64/wheel/./natten/backends/configs/cutlass_blackwell
creating build/bdist.linux-x86_64/wheel/natten/backends/configs/flex
copying build/lib.linux-x86_64-cpython-311/natten/backends/configs/flex/__init__.py -> build/bdist.linux-x86_64/wheel/./natten/backends/configs/flex
copying build/lib.linux-x86_64-cpython-311/natten/backends/configs/checks.py -> build/bdist.linux-x86_64/wheel/./natten/backends/configs
creating build/bdist.linux-x86_64/wheel/natten/backends/configs/cutlass_hopper
copying build/lib.linux-x86_64-cpython-311/natten/backends/configs/cutlass_hopper/__init__.py -> build/bdist.linux-x86_64/wheel/./natten/backends/configs/cutlass_hopper
creating build/bdist.linux-x86_64/wheel/natten/backends/configs/cutlass
copying build/lib.linux-x86_64-cpython-311/natten/backends/configs/cutlass/__init__.py -> build/bdist.linux-x86_64/wheel/./natten/backends/configs/cutlass
copying build/lib.linux-x86_64-cpython-311/natten/backends/configs/cutlass/fna_forward_64x128.py -> build/bdist.linux-x86_64/wheel/./natten/backends/configs/cutlass
copying build/lib.linux-x86_64-cpython-311/natten/backends/configs/cutlass/fna_backward_128x128.py -> build/bdist.linux-x86_64/wheel/./natten/backends/configs/cutlass
copying build/lib.linux-x86_64-cpython-311/natten/backends/configs/cutlass/fna_backward_64x64.py -> build/bdist.linux-x86_64/wheel/./natten/backends/configs/cutlass
copying build/lib.linux-x86_64-cpython-311/natten/backends/configs/cutlass/fna_backward_128x64.py -> build/bdist.linux-x86_64/wheel/./natten/backends/configs/cutlass
copying build/lib.linux-x86_64-cpython-311/natten/backends/configs/cutlass/backward_knobs.py -> build/bdist.linux-x86_64/wheel/./natten/backends/configs/cutlass
copying build/lib.linux-x86_64-cpython-311/natten/backends/configs/cutlass/fna_forward_32x128.py -> build/bdist.linux-x86_64/wheel/./natten/backends/configs/cutlass
copying build/lib.linux-x86_64-cpython-311/natten/backends/configs/cutlass/fna_forward_64x64.py -> build/bdist.linux-x86_64/wheel/./natten/backends/configs/cutlass
copying build/lib.linux-x86_64-cpython-311/natten/backends/blackwell_fmha.py -> build/bdist.linux-x86_64/wheel/./natten/backends
copying build/lib.linux-x86_64-cpython-311/natten/profiler.py -> build/bdist.linux-x86_64/wheel/./natten
copying build/lib.linux-x86_64-cpython-311/natten/context.py -> build/bdist.linux-x86_64/wheel/./natten
copying build/lib.linux-x86_64-cpython-311/natten/libnatten.cpython-311-x86_64-linux-gnu.so -> build/bdist.linux-x86_64/wheel/./natten
creating build/bdist.linux-x86_64/wheel/natten/token_permute
copying build/lib.linux-x86_64-cpython-311/natten/token_permute/__init__.py -> build/bdist.linux-x86_64/wheel/./natten/token_permute
copying build/lib.linux-x86_64-cpython-311/natten/token_permute/cutlass_impl.py -> build/bdist.linux-x86_64/wheel/./natten/token_permute
copying build/lib.linux-x86_64-cpython-311/natten/token_permute/torch_impl.py -> build/bdist.linux-x86_64/wheel/./natten/token_permute
copying build/lib.linux-x86_64-cpython-311/natten/token_permute/frontend.py -> build/bdist.linux-x86_64/wheel/./natten/token_permute
copying build/lib.linux-x86_64-cpython-311/natten/_environment.py -> build/bdist.linux-x86_64/wheel/./natten
running install_egg_info
Copying src/NATTEN.egg-info to build/bdist.linux-x86_64/wheel/./NATTEN-0.21.7-py3.11.egg-info
running install_scripts
creating build/bdist.linux-x86_64/wheel/natten-0.21.7.dist-info/WHEEL
creating '/home/runner/work/NATTEN/NATTEN/dist/.tmp-jueoage8/natten-0.21.7-cp311-cp311-linux_x86_64.whl' and adding 'build/bdist.linux-x86_64/wheel' to it
adding 'natten/__init__.py'
adding 'natten/_environment.py'
adding 'natten/attn_merge.py'
adding 'natten/context.py'
adding 'natten/functional.py'
adding 'natten/libnatten.cpython-311-x86_64-linux-gnu.so'
adding 'natten/modules.py'
adding 'natten/profiler.py'
adding 'natten/types.py'
adding 'natten/version.py'
adding 'natten/_libnatten/__init__.py'
adding 'natten/_libnatten/stubs.py'
adding 'natten/_libnatten/torch_wrappers.py'
adding 'natten/backends/__init__.py'
adding 'natten/backends/blackwell_fmha.py'
adding 'natten/backends/blackwell_fna.py'
adding 'natten/backends/flex.py'
adding 'natten/backends/fmha.py'
adding 'natten/backends/fna.py'
adding 'natten/backends/hopper_fmha.py'
adding 'natten/backends/hopper_fna.py'
adding 'natten/backends/reference.py'
adding 'natten/backends/configs/__init__.py'
adding 'natten/backends/configs/checks.py'
adding 'natten/backends/configs/cutlass/__init__.py'
adding 'natten/backends/configs/cutlass/backward_knobs.py'
adding 'natten/backends/configs/cutlass/fna_backward_128x128.py'
adding 'natten/backends/configs/cutlass/fna_backward_128x64.py'
adding 'natten/backends/configs/cutlass/fna_backward_64x64.py'
adding 'natten/backends/configs/cutlass/fna_forward_32x128.py'
adding 'natten/backends/configs/cutlass/fna_forward_64x128.py'
adding 'natten/backends/configs/cutlass/fna_forward_64x64.py'
adding 'natten/backends/configs/cutlass_blackwell/__init__.py'
adding 'natten/backends/configs/cutlass_hopper/__init__.py'
adding 'natten/backends/configs/flex/__init__.py'
adding 'natten/profiling_utils/__init__.py'
adding 'natten/profiling_utils/dry_run.py'
adding 'natten/profiling_utils/formatting.py'
adding 'natten/profiling_utils/ops.py'
adding 'natten/profiling_utils/pretty_printer.py'
adding 'natten/profiling_utils/problem.py'
adding 'natten/profiling_utils/profiling.py'
adding 'natten/token_permute/__init__.py'
adding 'natten/token_permute/cutlass_impl.py'
adding 'natten/token_permute/frontend.py'
adding 'natten/token_permute/torch_impl.py'
adding 'natten/utils/__init__.py'
adding 'natten/utils/checks.py'
adding 'natten/utils/device.py'
adding 'natten/utils/dtype.py'
adding 'natten/utils/environment.py'
adding 'natten/utils/log.py'
adding 'natten/utils/tensor.py'
adding 'natten/utils/testing.py'
adding 'natten/utils/tuples.py'
adding 'natten/utils/varlen.py'
adding 'natten-0.21.7.dist-info/licenses/LICENSE'
adding 'natten-0.21.7.dist-info/licenses/NOTICE'
adding 'natten-0.21.7.dist-info/METADATA'
adding 'natten-0.21.7.dist-info/WHEEL'
adding 'natten-0.21.7.dist-info/top_level.txt'
adding 'natten-0.21.7.dist-info/RECORD'
removing build/bdist.linux-x86_64/wheel
Successfully built natten-0.21.7-cp311-cp311-linux_x86_64.whl
